latitude,longitude,priority,police_station,Target_Duration_Mins,event_cause_accident,event_cause_congestion,event_cause_procession,event_cause_protest,event_cause_tree_fall,event_cause_vehicle_breakdown,veh_type_UNKNOWN,veh_type_auto,veh_type_bmtc_bus,veh_type_heavy_vehicle,veh_type_ksrtc_bus,veh_type_lcv,veh_type_others,veh_type_private_bus,veh_type_private_car,veh_type_taxi,veh_type_truck,zone_Central Zone 1,zone_Central Zone 2,zone_East Zone 1,zone_East Zone 2,zone_North Zone 1,zone_North Zone 2,zone_South Zone 1,zone_South Zone 2,zone_West Zone 1,zone_West Zone 2,S_risk
13.0400041,77.5180991,3,Peenya,153.99601163333332,0,0,0,0,0,1,0,0,0,0,0,1,0,0,0,0,0,0,0,0,0,0,0,0,0,0,0,1
12.9218755,77.6451585,3,HSR Layout,10.37759965,0,0,0,0,0,1,0,0,0,1,0,0,0,0,0,0,0,0,0,0,0,0,0,0,0,0,0,2
13.0061469,77.5794348,1,Sadashivanagar,360.0,0,0,0,0,1,0,1,0,0,0,0,0,0,0,0,0,0,0,0,0,0,0,0,0,0,0,0,1
12.95398,77.5852333,1,Wilson Garden,38.74983805,0,0,0,0,0,1,0,0,0,0,0,0,0,1,0,0,0,0,0,0,0,0,0,0,0,0,0,1
13.0664854,77.5998755,1,Hebbala,88.34914565000001,1,0,0,0,0,0,1,0,0,0,0,0,0,0,0,0,0,0,0,0,0,1,0,0,0,0,0,1
12.9328703,77.4879814,1,Kengeri,129.3528978,0,0,0,0,0,1,0,0,1,0,0,0,0,0,0,0,0,0,0,0,0,0,0,0,0,0,0,1
13.0373543,77.6540442,1,Hennuru,129.9647537,0,0,0,0,0,1,0,0,0,0,0,1,0,0,0,0,0,0,0,0,0,0,0,0,0,0,0,1
12.94457,77.5274017,3,Byatarayanapura,134.68293345,0,0,0,0,0,1,0,0,0,0,0,0,0,0,1,0,0,0,0,0,0,0,0,0,0,0,0,1
12.9233517,77.5904883,1,Jayanagara,293.3450075,0,0,0,0,1,0,1,0,0,0,0,0,0,0,0,0,0,0,0,0,0,0,0,0,0,0,0,1
13.0001393,77.5840594,3,Sadashivanagar,166.51155088333334,0,0,0,0,0,1,0,0,0,0,1,0,0,0,0,0,0,0,0,0,0,0,0,0,0,0,0,1
12.9071221,77.6286395,3,Madiwala,27.2487523,0,0,0,0,0,1,0,0,0,1,0,0,0,0,0,0,0,0,0,0,0,0,0,0,0,0,0,1
12.927375,77.5806883,1,Jayanagara,360.0,0,0,0,0,1,0,1,0,0,0,0,0,0,0,0,0,0,0,0,0,0,0,0,0,0,0,0,1
12.9463911,77.597326,1,Wilson Garden,360.0,0,0,0,0,1,0,1,0,0,0,0,0,0,0,0,0,0,0,0,0,0,0,0,0,0,0,0,1
12.9077383,77.6005709,3,Mico Layout,143.0118592,0,0,0,0,0,1,0,0,1,0,0,0,0,0,0,0,0,0,0,0,0,0,0,0,0,0,0,1
12.907814,77.6006561,3,Mico Layout,147.70489283333333,0,0,0,0,0,1,0,0,1,0,0,0,0,0,0,0,0,0,0,0,0,0,0,0,0,0,0,1
12.8955737,77.5993711,3,J.P. Nagar,172.48698109999998,0,0,0,0,0,1,0,0,0,0,0,1,0,0,0,0,0,0,0,0,0,0,0,0,0,0,0,1
12.92757,77.5832051,1,Jayanagara,360.0,0,0,0,0,1,0,1,0,0,0,0,0,0,0,0,0,0,0,0,0,0,0,0,0,0,0,0,1
13.044697,77.5828546,3,Kodigehalli,177.5382209,0,1,0,0,0,0,1,0,0,0,0,0,0,0,0,0,0,0,0,0,0,0,0,0,0,0,0,1
12.9789228,77.5644032,3,Magadi Road,137.9545510833333,0,0,0,0,0,1,0,0,1,0,0,0,0,0,0,0,0,0,0,0,0,0,0,0,0,0,0,1
12.8636494,77.6725849,1,Electronic City,180.0,1,0,0,0,0,0,1,0,0,0,0,0,0,0,0,0,0,0,0,0,0,0,0,0,0,0,0,1
12.9219483,77.6002467,3,Mico Layout,140.63250591666667,0,0,0,0,0,1,0,0,0,1,0,0,0,0,0,0,0,0,0,0,0,0,0,0,0,0,0,1
12.9465079,77.6986339,3,HAL Old Airport,177.47198625000001,0,0,0,0,0,1,0,0,1,0,0,0,0,0,0,0,0,0,0,0,0,0,0,0,0,0,0,1
13.0467058,77.5036495,1,Chikkabanavara,125.94824038333333,0,0,0,0,0,1,0,0,0,0,0,1,0,0,0,0,0,0,0,0,0,0,0,0,0,0,0,1
13.0166142,77.5054464,1,Peenya,180.0,0,0,0,0,0,1,0,0,1,0,0,0,0,0,0,0,0,0,0,0,0,0,0,0,0,1,0,1
13.0309717,77.5364661,3,Yeshwanthpura,122.37784896666668,0,0,0,0,0,1,0,0,0,0,0,1,0,0,0,0,0,0,0,0,0,0,0,0,0,0,0,1
12.9938639,77.5844374,3,High ground,360.0,0,0,0,0,1,0,1,0,0,0,0,0,0,0,0,0,0,0,0,0,0,0,0,0,0,0,0,1
12.9188682,77.6687736,3,Bellandur,55.541728516666666,0,0,0,0,0,1,0,0,1,0,0,0,0,0,0,0,0,0,0,0,0,0,0,0,0,0,0,3
12.9546127,77.6423399,3,Jeevanbheemanagar,169.22176235,0,1,0,0,0,0,1,0,0,0,0,0,0,0,0,0,0,0,0,0,0,0,0,0,0,0,0,1
12.936133,77.5187044,3,Byatarayanapura,141.8704862666667,0,0,0,0,0,1,0,0,0,0,0,1,0,0,0,0,0,0,0,0,0,0,0,0,0,0,0,1
12.9849833,77.5883633,3,High ground,69.32987603333332,0,0,0,0,0,1,0,0,0,0,0,0,0,0,1,0,0,0,0,0,0,0,0,0,0,0,0,1
13.0127301,77.5545135,3,Malleshwaram,172.84337438333333,0,0,0,0,0,1,0,0,0,0,0,0,0,0,0,0,1,0,0,0,0,0,0,0,0,0,0,1
13.2644465,77.7187627,1,Devanahalli Airport,179.23684601666668,0,0,0,0,0,1,0,0,0,1,0,0,0,0,0,0,0,0,0,0,0,0,0,0,0,0,0,2
12.9848257,77.7527586,1,Mahadevapura,36.41233746666667,0,0,0,0,0,1,0,0,0,0,0,0,0,0,1,0,0,0,0,0,0,0,0,0,0,0,0,1
12.9932986,77.5837571,3,High ground,360.0,0,0,0,0,1,0,1,0,0,0,0,0,0,0,0,0,0,0,0,0,0,0,0,0,0,0,0,1
12.9937523,77.5842482,3,High ground,360.0,0,0,0,0,1,0,1,0,0,0,0,0,0,0,0,0,0,0,0,0,0,0,0,0,0,0,0,1
12.9938868,77.5841876,3,High ground,360.0,0,0,0,0,1,0,1,0,0,0,0,0,0,0,0,0,0,0,0,0,0,0,0,0,0,0,0,1
12.9368467,77.6928653,3,HAL Old Airport,10.513494433333333,0,0,0,0,0,1,0,0,0,0,0,0,0,0,1,0,0,0,0,0,0,0,0,0,0,0,0,2
13.0126766,77.5581246,1,Malleshwaram,360.0,0,0,0,0,1,0,1,0,0,0,0,0,0,0,0,0,0,0,0,0,0,0,0,0,0,0,0,1
12.9513113,77.4994888,1,Jnanabharathi,83.22766023333334,0,0,0,0,0,1,0,0,1,0,0,0,0,0,0,0,0,0,0,0,0,0,0,0,0,0,0,1
13.0160964,77.5068555,1,Peenya,133.83007706666666,0,0,0,0,0,1,0,0,1,0,0,0,0,0,0,0,0,0,0,0,0,0,0,0,0,0,0,1
12.9165983,77.583705,1,J.P. Nagar,321.23818236666665,0,0,0,0,1,0,1,0,0,0,0,0,0,0,0,0,0,0,0,0,0,0,0,0,0,0,0,1
12.9740913,77.5452252,3,Vijayanagara,44.18835605,0,0,0,0,0,1,0,0,1,0,0,0,0,0,0,0,0,0,0,0,0,0,0,0,0,0,0,1
12.9740971,77.5449011,3,Vijayanagara,41.797760616666665,0,0,0,0,0,1,0,0,1,0,0,0,0,0,0,0,0,0,0,0,0,0,0,0,0,0,0,1
12.9688926,77.569795,1,Chamarajpet,26.158530816666666,0,0,0,0,0,1,0,1,0,0,0,0,0,0,0,0,0,0,0,0,0,0,0,0,0,0,0,1
12.9511354,77.5739687,1,V.V.Puram (C.Pet),176.17561211666668,0,0,0,0,0,1,0,0,0,0,0,1,0,0,0,0,0,0,0,0,0,0,0,0,0,0,0,2
13.0192138,77.5395595,1,Rajajinagar,144.73249093333334,0,0,0,0,0,1,0,0,0,0,0,0,1,0,0,0,0,0,0,0,0,0,0,0,0,0,0,1
12.9284355,77.6811918,3,Bellandur,137.28279306666667,0,0,0,0,0,1,0,0,1,0,0,0,0,0,0,0,0,0,0,0,0,0,0,0,0,0,0,1
13.0753282,77.4370383,1,No Police Station,132.12283276666668,0,0,0,0,0,1,0,0,0,1,0,0,0,0,0,0,0,0,0,0,0,0,0,0,0,0,0,1
13.2673624,77.7195893,1,Devanahalli Airport,132.37432686666665,0,0,0,0,0,1,0,0,0,1,0,0,0,0,0,0,0,0,0,0,0,0,0,0,0,0,0,1
12.9873133,77.6163481,1,Pulikeshinagar(F.Town),116.8119772,0,0,0,0,1,0,1,0,0,0,0,0,0,0,0,0,0,0,0,0,0,0,0,0,0,0,0,1
12.8482637,77.6713737,1,Electronic City,83.47854003333333,0,0,0,0,0,1,0,0,0,0,0,1,0,0,0,0,0,0,0,0,0,0,0,0,0,0,0,1
12.96672,77.6093294,3,Ashok Nagar,52.75157615,0,0,0,0,0,1,0,0,1,0,0,0,0,0,0,0,0,0,0,0,0,0,0,0,0,0,0,1
13.0253205,77.6400845,3,Banaswadi,74.82553706666666,0,0,0,0,0,1,0,0,0,0,0,0,0,1,0,0,0,0,0,0,0,0,0,0,0,0,0,2
12.8561783,77.6645205,1,Electronic City,7.474684466666667,0,0,0,0,0,1,0,0,0,1,0,0,0,0,0,0,0,0,0,0,0,0,0,0,0,0,0,1
12.974757,77.5657216,3,Magadi Road,133.27503806666667,0,0,0,0,0,1,0,0,0,0,0,1,0,0,0,0,0,0,0,0,0,0,0,0,0,0,0,1
12.9640011,77.5836093,3,Halasuru Gate,170.04985643333333,0,0,0,0,0,1,0,0,1,0,0,0,0,0,0,0,0,0,0,0,0,0,0,0,0,0,0,1
12.9480512,77.5343585,3,Byatarayanapura,47.68990556666667,0,0,0,0,0,1,0,0,0,1,0,0,0,0,0,0,0,0,0,0,0,0,0,0,0,0,0,1
12.9245654,77.6739287,3,Bellandur,124.56673463333333,0,0,0,0,0,1,0,0,1,0,0,0,0,0,0,0,0,0,0,0,0,0,0,0,0,0,0,1
13.0078566,77.5920655,1,R.T. Nagar,8.620181266666666,0,0,0,0,1,0,1,0,0,0,0,0,0,0,0,0,0,0,0,0,0,0,0,0,0,0,0,1
13.0035862,77.5721203,1,Malleshwaram,11.181571216666667,0,0,0,0,1,0,1,0,0,0,0,0,0,0,0,0,0,0,0,0,0,0,0,0,0,0,0,1
12.9272622,77.5806774,1,Jayanagara,5.1106294666666665,0,0,0,0,1,0,1,0,0,0,0,0,0,0,0,0,0,0,0,0,0,0,0,0,0,0,0,1
13.0022504,77.5722138,1,Sadashivanagar,360.0,0,0,0,0,1,0,1,0,0,0,0,0,0,0,0,0,0,0,0,0,0,0,0,0,0,0,0,1
12.9586724,77.5629452,3,Chamarajpet,360.0,0,0,0,0,1,0,1,0,0,0,0,0,0,0,0,0,0,0,0,0,0,0,0,0,0,0,0,1
13.0369808,77.5895122,3,Hebbala,144.57197663333332,0,0,0,0,0,1,0,0,0,0,0,0,0,0,0,0,1,0,0,0,0,0,0,0,0,0,0,1
12.9169077,77.5737827,1,Jayanagara,132.64082918333332,0,0,0,0,0,1,0,0,1,0,0,0,0,0,0,0,0,0,0,0,0,0,0,0,0,0,0,1
12.9238693,77.5536044,3,Banashankari,141.02791743333333,0,0,0,0,0,1,0,0,0,0,0,0,1,0,0,0,0,0,0,0,0,0,0,0,0,0,0,1
12.9601533,77.5633429,3,Chamarajpet,360.0,0,0,0,0,1,0,1,0,0,0,0,0,0,0,0,0,0,0,0,0,0,0,0,0,0,0,0,1
12.9578001,77.5631189,1,Chamarajpet,360.0,0,0,0,0,1,0,1,0,0,0,0,0,0,0,0,0,0,0,0,0,0,0,0,0,0,0,0,1
12.95836,77.5776317,1,City Market,127.67863055,0,0,0,0,0,1,0,0,0,0,0,0,0,1,0,0,0,0,0,0,0,0,0,0,0,0,0,1
12.9360494,77.6154975,1,Adugodi,124.6776196,0,0,0,0,0,1,0,0,0,0,0,1,0,0,0,0,0,0,0,0,0,0,0,0,0,0,0,1
13.0190323,77.654465,3,Banaswadi,167.26635851666666,0,0,0,0,0,1,0,0,1,0,0,0,0,0,0,0,0,0,0,0,0,0,0,0,0,0,0,1
13.0446713,77.5828869,3,Kodigehalli,167.42314393333334,0,1,0,0,0,0,1,0,0,0,0,0,0,0,0,0,0,0,0,0,0,0,0,0,0,0,0,1
12.9119892,77.6254956,3,Madiwala,140.03588296666666,0,0,0,0,0,1,0,0,1,0,0,0,0,0,0,0,0,0,0,0,0,0,0,0,0,0,0,1
12.9893579,77.5064443,3,Kamakshipalya,159.3950219,0,0,0,0,0,1,0,0,0,1,0,0,0,0,0,0,0,0,0,0,0,0,0,0,0,0,0,2
13.0152581,77.5639687,3,Sadashivanagar,166.0362297,0,0,0,0,0,1,0,0,0,0,0,1,0,0,0,0,0,0,0,0,0,0,0,0,0,0,0,1
12.9392829,77.5596125,1,Basavanagudi,61.79462865,0,0,0,0,1,0,1,0,0,0,0,0,0,0,0,0,0,0,0,0,0,0,0,0,0,0,0,1
12.9614398,77.5600867,3,Chamarajpet,102.3569732,0,0,0,0,0,1,0,0,0,0,0,1,0,0,0,0,0,0,0,0,0,0,0,0,0,0,0,1
12.9194445,77.6215536,3,Madiwala,150.17258636666665,0,0,0,0,0,1,0,0,1,0,0,0,0,0,0,0,0,0,0,0,0,0,0,0,0,0,0,1
12.8400906,77.6764868,1,Electronic City,113.94382151666667,1,0,0,0,0,0,1,0,0,0,0,0,0,0,0,0,0,0,0,0,0,0,0,0,0,0,0,1
13.042636,77.5147881,3,Chikkabanavara,82.66359765,1,0,0,0,0,0,1,0,0,0,0,0,0,0,0,0,0,0,0,0,0,0,0,0,0,0,0,1
12.9110914,77.6001308,3,Mico Layout,138.64549821666665,0,0,0,0,0,1,0,0,0,1,0,0,0,0,0,0,0,0,0,0,0,0,0,0,0,0,0,1
13.114305,77.60655,3,Yelahanka,102.53794968333334,0,0,0,0,0,1,0,0,0,1,0,0,0,0,0,0,0,0,0,0,0,0,0,0,0,0,0,1
12.9900159,77.5025425,3,Kamakshipalya,106.48373361666667,0,0,0,0,0,1,0,0,1,0,0,0,0,0,0,0,0,0,0,0,0,0,0,0,0,0,0,1
13.0424443,77.5147257,3,Chikkabanavara,81.29933503333334,1,0,0,0,0,0,1,0,0,0,0,0,0,0,0,0,0,0,0,0,0,0,0,0,0,0,0,1
12.9216832,77.6199372,3,Madiwala,75.3592525,0,0,0,0,0,1,0,0,0,1,0,0,0,0,0,0,0,0,0,0,0,0,0,0,0,0,0,1
13.0427379,77.5892891,3,Kodigehalli,163.93256925,0,0,0,0,0,1,0,0,0,0,0,1,0,0,0,0,0,0,0,0,0,0,0,0,0,0,0,1
13.0308555,77.5359082,3,Yeshwanthpura,177.36515820000002,0,0,0,0,0,1,0,0,0,1,0,0,0,0,0,0,0,0,0,0,0,0,0,0,0,0,0,1
12.9625526,77.5916298,1,Halasuru Gate,120.15279556666665,0,0,0,0,0,1,0,0,0,0,0,0,0,1,0,0,0,0,0,0,0,0,0,0,0,0,0,1
12.9690624,77.5872736,3,Halasuru Gate,111.6212591,0,0,0,0,0,1,0,0,1,0,0,0,0,0,0,0,0,0,0,0,0,0,0,0,0,0,0,1
12.961311,77.55932,3,Chamarajpet,360.0,0,0,0,0,1,0,1,0,0,0,0,0,0,0,0,0,0,0,0,0,0,0,0,0,0,0,0,1
12.9173038,77.5882958,1,Jayanagara,145.93000185,0,0,0,0,0,1,0,0,1,0,0,0,0,0,0,0,0,0,0,0,0,0,0,0,0,0,0,1
12.9113626,77.5999548,3,Mico Layout,155.72685905,0,0,0,0,0,1,0,0,0,1,0,0,0,0,0,0,0,0,0,0,0,0,0,0,0,0,0,1
12.9353705,77.5182037,3,Byatarayanapura,151.86904338333335,0,0,0,0,0,1,0,0,0,1,0,0,0,0,0,0,0,0,0,0,0,0,0,0,0,0,0,1
12.9216444,77.5940415,1,Jayanagara,17.459649216666666,0,0,0,0,1,0,1,0,0,0,0,0,0,0,0,0,0,0,0,0,0,0,0,0,0,0,0,1
12.9246541,77.6497438,3,HAL Old Airport,154.7922888,0,0,0,0,0,1,0,0,0,0,0,1,0,0,0,0,0,0,0,0,0,0,0,0,0,0,0,1
12.9635928,77.6263774,1,Halasur,127.98520488333334,0,0,0,0,0,1,0,0,0,0,0,0,1,0,0,0,0,0,0,0,0,0,0,0,0,0,0,1
13.0310785,77.5357035,3,Yeshwanthpura,125.05415016666667,0,0,0,0,0,1,0,0,0,0,0,0,0,1,0,0,0,0,0,0,0,0,0,0,0,0,0,1
12.8700974,77.6533824,3,Electronic City,52.83199456666667,0,0,0,0,0,1,0,0,1,0,0,0,0,0,0,0,0,0,0,0,0,0,0,0,0,0,0,1
12.9832059,77.5766759,1,High ground,142.58938508333333,0,0,0,0,0,1,0,0,0,0,0,0,1,0,0,0,0,0,0,0,0,0,0,0,0,0,0,1
13.022765,77.6014354,1,R.T. Nagar,178.15932105,0,0,0,0,1,0,1,0,0,0,0,0,0,0,0,0,0,0,0,0,0,0,0,0,0,0,0,1
13.0071299,77.5267687,1,Rajajinagar,172.9627589,0,0,0,0,0,1,0,0,1,0,0,0,0,0,0,0,0,0,0,0,0,0,0,0,0,0,0,1
13.0264,77.544019,3,Yeshwanthpura,152.69334681666666,0,0,0,0,0,1,0,0,0,0,1,0,0,0,0,0,0,0,0,0,0,0,0,0,0,0,0,1
12.9245044,77.6502426,3,HAL Old Airport,150.54119953333333,0,0,0,0,0,1,0,0,0,0,0,1,0,0,0,0,0,0,0,0,0,0,0,0,0,0,0,1
12.9664142,77.5125512,1,Jnanabharathi,11.80107465,0,0,0,0,0,1,0,0,0,0,0,0,0,0,0,0,1,0,0,0,0,0,0,0,0,0,0,2
12.9758786,77.5643384,3,Magadi Road,24.504338233333332,0,0,0,0,0,1,0,1,0,0,0,0,0,0,0,0,0,0,0,0,0,0,0,0,0,0,0,1
12.9641027,77.5700324,3,Chamarajpet,129.08583753333335,0,0,0,0,0,1,0,0,1,0,0,0,0,0,0,0,0,0,0,0,0,0,0,0,0,0,0,1
12.9124656,77.5805324,1,J.P. Nagar,360.0,0,0,0,0,1,0,1,0,0,0,0,0,0,0,0,0,0,0,0,0,0,0,0,0,0,0,0,1
12.9228317,77.6575101,3,Bellandur,165.82003893333334,0,0,0,0,0,1,0,0,0,0,0,1,0,0,0,0,0,0,0,0,0,0,0,0,0,0,0,1
13.0378641,77.5222897,3,Peenya,86.29591815,0,0,0,0,0,1,0,0,0,0,0,1,0,0,0,0,0,0,0,0,0,0,0,0,0,0,0,1
12.9583476,77.5547336,3,Chamarajpet,179.1950364,0,0,0,0,0,1,0,0,0,1,0,0,0,0,0,0,0,0,0,0,0,0,0,0,0,0,0,1
12.8895087,77.6408236,3,HSR Layout,146.64718006666666,0,0,0,0,0,1,0,0,0,1,0,0,0,0,0,0,0,0,0,0,0,0,0,0,0,0,0,1
12.8895337,77.640687,3,HSR Layout,140.4504338,0,0,0,0,0,1,0,0,0,1,0,0,0,0,0,0,0,0,0,0,0,0,0,0,0,0,0,1
12.9847423,77.574706,1,Sheshadripuram,164.98865578333334,0,0,0,0,0,1,0,1,0,0,0,0,0,0,0,0,0,0,0,0,0,0,0,0,0,0,0,2
13.0229252,77.5099725,1,Peenya,123.77457938333333,0,0,0,0,0,1,0,0,1,0,0,0,0,0,0,0,0,0,0,0,0,0,0,0,0,0,0,1
12.8894616,77.6407007,3,HSR Layout,137.94471745,0,0,0,0,0,1,0,0,0,1,0,0,0,0,0,0,0,0,0,0,0,0,0,0,0,0,0,1
13.0436683,77.6067467,3,Hebbala,18.84050655,0,0,0,0,0,1,0,0,1,0,0,0,0,0,0,0,0,0,0,0,0,0,0,0,0,0,0,1
13.0145688,77.5835164,3,Sadashivanagar,23.641425966666667,0,0,0,0,0,1,0,0,0,0,0,1,0,0,0,0,0,0,0,0,0,0,0,0,0,0,0,2
13.0186759,77.5588615,3,Yeshwanthpura,36.504006333333336,0,0,0,0,0,1,0,0,0,0,0,1,0,0,0,0,0,0,0,0,0,0,0,0,0,0,0,1
12.9494883,77.5368741,3,Byatarayanapura,23.382822833333332,0,0,0,0,0,1,0,0,0,0,1,0,0,0,0,0,0,0,0,0,0,0,0,0,0,0,0,1
13.0229482,77.601028,1,R.T. Nagar,104.21347743333334,0,0,0,0,0,1,0,0,0,0,0,0,1,0,0,0,0,0,0,0,0,0,0,0,0,0,0,1
12.9928917,77.5854867,3,High ground,86.29412574999999,0,0,0,0,0,1,0,0,0,0,0,0,0,1,0,0,0,0,0,0,0,0,0,0,0,0,0,1
12.9625233,77.6415686,3,Jeevanbheemanagar,70.8526748,0,0,0,0,0,1,0,0,0,0,0,0,0,0,1,0,0,0,0,0,0,0,0,0,0,0,0,1
13.0976738,77.5990251,3,Yelahanka,128.30212975,0,0,0,0,0,1,0,0,0,1,0,0,0,0,0,0,0,0,0,0,0,0,0,0,0,0,0,1
13.1151883,77.6067482,3,Yelahanka,147.63610265,0,0,0,0,0,1,0,0,0,1,0,0,0,0,0,0,0,0,0,0,0,0,0,0,0,0,0,1
12.97447,77.5492,3,Magadi Road,169.25588716666667,0,0,0,0,0,1,0,0,1,0,0,0,0,0,0,0,0,0,0,0,0,0,0,0,0,0,0,1
13.0488954,77.4970171,1,Chikkabanavara,34.665252366666664,0,0,0,0,0,1,0,0,0,0,0,1,0,0,0,0,0,0,0,0,0,0,0,0,0,0,0,1
12.9891874,77.5070709,3,Kamakshipalya,72.9697583,0,0,0,0,0,1,0,0,0,1,0,0,0,0,0,0,0,0,0,0,0,0,0,0,0,0,0,1
12.9160564,77.6160829,1,Mico Layout,127.41030338333333,0,0,0,0,0,1,0,0,1,0,0,0,0,0,0,0,0,0,0,0,0,0,0,0,0,0,0,1
12.9532283,77.538385,3,Byatarayanapura,171.48514136666665,0,0,0,0,0,1,0,0,0,1,0,0,0,0,0,0,0,0,0,0,0,0,0,0,0,0,0,1
12.9446407,77.5969852,1,Wilson Garden,78.98550595,0,0,0,0,0,1,0,0,1,0,0,0,0,0,0,0,0,0,0,0,0,0,0,0,0,0,0,1
13.0407502,77.5174141,3,Peenya,166.43434195,0,0,0,0,0,1,0,0,0,0,0,1,0,0,0,0,0,0,0,0,0,0,0,0,0,0,0,2
13.0414238,77.545608,3,Jalahalli,138.03128305,0,0,0,0,0,1,0,0,0,0,0,0,0,0,0,0,1,0,0,0,0,0,0,0,0,0,0,1
12.95983785,77.64811735,3,Jeevanbheemanagar,28.376774483333335,0,0,0,0,0,1,0,0,0,0,0,1,0,0,0,0,0,0,0,0,0,0,0,0,0,0,0,2
13.0446065,77.5828293,3,Kodigehalli,152.75523351666666,0,1,0,0,0,0,1,0,0,0,0,0,0,0,0,0,0,0,0,0,0,0,0,0,0,0,0,1
12.9197329,77.5835635,1,Jayanagara,93.05635131666666,0,0,0,0,0,1,0,0,1,0,0,0,0,0,0,0,0,0,0,0,0,0,0,0,0,0,0,1
12.9886918,77.519831,3,Kamakshipalya,123.25208876666667,0,0,0,0,0,1,0,0,0,1,0,0,0,0,0,0,0,0,0,0,0,0,0,0,0,0,0,1
12.9595376,77.5557817,3,Chamarajpet,158.15932753333334,0,0,0,0,0,1,0,0,0,1,0,0,0,0,0,0,0,0,0,0,0,0,0,0,0,0,0,1
12.993901,77.6190564,1,Pulikeshinagar(F.Town),170.19778896666668,0,0,0,0,0,1,0,0,0,0,0,0,1,0,0,0,0,0,0,0,0,0,0,0,0,0,0,1
12.9988047,77.5839954,3,Sadashivanagar,178.87648195,0,0,0,0,0,1,0,0,0,0,0,1,0,0,0,0,0,0,0,0,0,0,0,0,0,0,0,1
12.8885722,77.640446,3,Electronic City,11.49699995,0,0,0,0,0,1,0,0,0,0,0,0,1,0,0,0,0,0,0,0,0,0,0,0,0,0,0,1
12.9541849,77.5435568,3,Byatarayanapura,66.23018308333333,0,0,0,0,0,1,0,0,1,0,0,0,0,0,0,0,0,0,0,0,0,0,0,0,0,0,0,1
12.9895932,77.5723117,1,Sheshadripuram,158.53471071666667,0,0,0,0,0,1,0,0,1,0,0,0,0,0,0,0,0,0,0,0,0,0,0,0,0,0,0,1
13.0446065,77.5828293,3,Kodigehalli,152.75484856666665,0,1,0,0,0,0,1,0,0,0,0,0,0,0,0,0,0,0,0,0,0,0,0,0,0,0,0,1
12.9013118,77.6322397,3,Madiwala,75.03727443333334,0,0,0,0,0,1,0,0,0,0,0,0,0,1,0,0,0,0,0,0,0,0,0,0,0,0,0,1
12.972653,77.6185064,3,Halasur,167.80346241666666,0,0,0,0,0,1,0,0,0,1,0,0,0,0,0,0,0,0,0,0,0,0,0,0,0,0,0,1
12.9415222,77.5603107,1,Basavanagudi,154.14962186666668,0,0,0,0,0,1,0,0,1,0,0,0,0,0,0,0,0,0,0,0,0,0,0,0,0,0,0,1
12.9904041,77.5993848,1,High ground,179.2772513,0,0,0,0,0,1,0,0,0,0,0,0,0,0,1,0,0,0,0,0,0,0,0,0,0,0,0,1
12.9915317,77.7140583,1,Mahadevapura,180.0,0,0,0,0,0,1,0,0,0,0,0,1,0,0,0,0,0,0,0,0,0,0,0,0,0,0,0,1
12.9450066,77.5274017,3,Byatarayanapura,145.40361381666668,0,0,0,0,0,1,0,0,0,1,0,0,0,0,0,0,0,0,0,0,0,0,0,0,0,0,0,1
13.114945,77.60684,3,Yelahanka,160.13726563333333,0,0,0,0,0,1,0,0,0,1,0,0,0,0,0,0,0,0,0,0,0,0,0,0,0,0,0,1
13.0176948,77.553788,3,Yeshwanthpura,22.174727083333334,0,0,0,0,0,1,0,0,0,0,0,0,1,0,0,0,0,0,0,0,0,0,0,0,0,0,0,1
12.9441328,77.5010682,1,Jnanabharathi,105.48940756666666,0,0,0,0,1,0,1,0,0,0,0,0,0,0,0,0,0,0,0,0,0,0,0,0,0,0,0,1
12.8785528,77.6720521,1,Electronic City,360.0,0,0,0,0,1,0,1,0,0,0,0,0,0,0,0,0,0,0,0,0,0,0,0,0,0,0,0,3
12.9643404,77.5855854,3,Halasuru Gate,57.51257438333334,0,0,0,0,0,1,0,0,0,0,0,1,0,0,0,0,0,0,0,0,0,0,0,0,0,0,0,1
12.8785573,77.6719048,1,Electronic City,360.0,0,0,0,0,1,0,1,0,0,0,0,0,0,0,0,0,0,0,0,0,0,0,0,0,0,0,0,3
13.044562,77.583011,3,Kodigehalli,140.68243668333335,0,1,0,0,0,0,1,0,0,0,0,0,0,0,0,0,0,0,0,0,0,0,0,0,0,0,0,1
13.0317076,77.5355328,3,Yeshwanthpura,123.25879735,0,0,0,0,0,1,0,0,1,0,0,0,0,0,0,0,0,0,0,0,0,0,0,0,0,0,0,1
13.0451384,77.5070153,3,Peenya,33.33879541666667,0,0,0,0,0,1,0,0,0,1,0,0,0,0,0,0,0,0,0,0,0,0,0,0,0,0,0,1
12.9474732,77.5340694,3,Byatarayanapura,39.6093981,0,0,0,0,0,1,0,0,0,0,0,0,0,1,0,0,0,0,0,0,0,0,0,0,0,0,0,1
12.850847,77.6685139,1,Electronic City,153.69220061666667,0,0,0,0,0,1,0,0,0,0,0,0,0,1,0,0,0,0,0,0,0,0,0,0,0,0,0,1
13.0623222,77.459163,1,No Police Station,130.8978013,0,0,0,0,0,1,0,0,0,1,0,0,0,0,0,0,0,0,0,0,0,0,0,0,0,0,0,1
13.0355513,77.5265219,3,Peenya,10.150965166666667,0,0,0,0,0,1,0,0,0,0,0,0,0,0,1,0,0,0,0,0,0,0,0,0,0,0,0,2
12.92335,77.58296,1,Jayanagara,66.3340463,0,0,0,0,1,0,1,0,0,0,0,0,0,0,0,0,0,0,0,0,0,0,0,0,0,0,0,1
12.9390583,77.6946217,3,HAL Old Airport,19.115834,0,0,0,0,0,1,0,0,1,0,0,0,0,0,0,0,0,0,0,0,0,0,0,0,0,0,0,1
12.8509801,77.6601903,1,Electronic City,64.12171481666667,0,0,0,0,1,0,1,0,0,0,0,0,0,0,0,0,0,0,0,0,0,0,0,0,0,0,0,1
12.9891497,77.5077437,3,Kamakshipalya,125.60703695000001,0,1,0,0,0,0,1,0,0,0,0,0,0,0,0,0,0,0,0,0,0,0,0,0,0,0,0,1
12.9232313,77.5904837,1,Jayanagara,41.898749116666664,0,0,0,0,1,0,1,0,0,0,0,0,0,0,0,0,0,0,0,0,0,0,0,0,0,0,0,1
13.0357481,77.6283566,3,Hennuru,169.92076129999998,0,0,0,0,0,1,0,0,0,0,0,0,0,0,1,0,0,0,0,0,0,0,0,0,0,0,0,1
12.8196613,77.6877212,1,Electronic City,164.07028266666666,0,0,0,0,0,1,0,0,0,1,0,0,0,0,0,0,0,0,0,0,0,0,0,0,0,0,0,2
12.971535,77.5941929,3,Cubbon Park,177.06836433333334,0,0,0,0,0,1,0,1,0,0,0,0,0,0,0,0,0,0,0,0,0,0,0,0,0,0,0,1
12.96652735,77.60810502,3,Ashok Nagar,66.13607151666666,0,0,0,0,0,1,0,0,0,0,0,1,0,0,0,0,0,0,0,0,0,0,0,0,0,0,0,1
12.926187,77.6772301,3,Bellandur,13.551236183333334,0,0,0,0,0,1,0,0,1,0,0,0,0,0,0,0,0,0,0,0,0,0,0,0,0,0,0,1
13.0077773,77.5838076,3,Sadashivanagar,165.17230441666666,0,0,0,0,0,1,0,0,0,0,0,0,0,1,0,0,0,0,0,0,0,0,0,0,0,0,0,1
12.9750878,77.5481342,3,Vijayanagara,121.563736,0,0,0,0,0,1,0,0,1,0,0,0,0,0,0,0,0,0,0,0,0,0,0,0,0,0,0,1
13.029877,77.5377738,3,Yeshwanthpura,30.63011775,0,0,0,0,0,1,0,0,0,0,0,0,1,0,0,0,0,0,0,0,0,0,0,0,0,0,0,2
12.9340271,77.6892659,3,HAL Old Airport,166.68533233333335,0,0,0,0,0,1,0,0,0,0,0,1,0,0,0,0,0,0,0,0,0,0,0,0,0,0,0,1
12.8353407,77.6791817,1,Electronic City,18.7735204,0,0,0,0,0,1,0,0,0,1,0,0,0,0,0,0,0,0,0,0,0,0,0,0,0,0,0,1
12.9163498,77.6122067,1,Mico Layout,77.0688961,0,0,0,0,0,1,0,0,0,0,0,1,0,0,0,0,0,0,0,0,0,0,0,0,0,0,0,1
12.9948294,77.6040054,1,R.T. Nagar,179.13081746666666,0,0,0,0,0,1,0,0,0,0,0,1,0,0,0,0,0,0,0,0,0,0,0,0,0,0,0,1
13.0775201,77.5924027,3,Yelahanka,100.99084038333334,1,0,0,0,0,0,1,0,0,0,0,0,0,0,0,0,0,0,0,0,0,0,0,0,0,0,0,3
13.0445011,77.5830561,3,Kodigehalli,143.15353670000002,0,1,0,0,0,0,1,0,0,0,0,0,0,0,0,0,0,0,0,0,0,0,0,0,0,0,0,1
12.9754467,77.548252,3,Magadi Road,160.05699438333335,0,0,0,0,0,1,0,0,1,0,0,0,0,0,0,0,0,0,0,0,0,0,0,0,0,0,0,1
12.960507,77.5575071,3,Chamarajpet,158.26627711666666,0,0,0,0,0,1,0,0,1,0,0,0,0,0,0,0,0,0,0,0,0,0,0,0,0,0,0,1
12.9963786,77.584919,3,High ground,124.02765088333334,0,0,0,0,0,1,0,0,0,0,0,0,0,0,1,0,0,0,0,0,0,0,0,0,0,0,0,1
12.9976941,77.584432,3,High ground,167.0644484,0,0,0,0,0,1,0,0,0,0,0,1,0,0,0,0,0,0,0,0,0,0,0,0,0,0,0,1
13.075025,77.4360233,1,No Police Station,31.917405233333334,0,0,0,0,0,1,0,0,0,0,0,0,0,0,0,0,1,0,0,0,0,0,0,0,0,0,0,1
13.0565314,77.5934723,3,Kodigehalli,173.7725975,0,0,0,0,0,1,0,0,0,0,1,0,0,0,0,0,0,0,0,0,0,0,0,0,0,0,0,2
13.0252215,77.5854385,3,R.T. Nagar,78.10324393333333,1,0,0,0,0,0,1,0,0,0,0,0,0,0,0,0,0,0,0,0,0,0,0,0,0,0,0,3
13.0624083,77.459675,1,No Police Station,131.36626765,0,0,0,0,0,1,0,0,0,0,0,0,0,0,0,0,1,0,0,0,0,0,0,0,0,0,0,1
12.8764512,77.6715527,1,Electronic City,177.26282465,0,0,0,0,0,1,0,0,1,0,0,0,0,0,0,0,0,0,0,0,0,0,0,0,0,0,0,2
12.8912876,77.6260666,1,Hulimavu,172.52873961666668,0,0,0,0,0,1,0,0,1,0,0,0,0,0,0,0,0,0,0,0,0,0,0,0,0,0,0,1
12.9520875,77.5407653,3,Byatarayanapura,15.771932999999999,0,0,0,0,0,1,0,0,0,1,0,0,0,0,0,0,0,0,0,0,0,0,0,0,0,0,0,1
13.0300435,77.5375531,3,Yeshwanthpura,160.97503673333333,0,0,0,0,0,1,0,0,0,1,0,0,0,0,0,0,0,0,0,0,0,0,0,0,0,0,0,1
12.9595784,77.6492766,3,Jeevanbheemanagar,35.956496816666665,1,0,0,0,0,0,1,0,0,0,0,0,0,0,0,0,0,0,0,0,0,0,0,0,0,0,0,1
12.9557117,77.6916217,3,HAL Old Airport,27.471420650000002,0,0,0,0,0,1,0,0,0,0,0,0,0,0,0,0,1,0,0,0,0,0,0,0,0,0,0,2
13.010814,77.5836806,3,Sadashivanagar,132.05544243333333,0,0,0,0,0,1,0,0,0,0,0,1,0,0,0,0,0,0,0,0,0,0,0,0,0,0,0,2
13.04648015,77.50384754,1,Chikkabanavara,133.23323718333333,0,0,0,0,0,1,0,0,0,1,0,0,0,0,0,0,0,0,0,0,0,0,0,0,0,0,0,2
13.0765895,77.5923254,3,Yelahanka,160.77750596666667,0,0,0,0,0,1,0,0,0,0,0,1,0,0,0,0,0,0,0,0,0,0,0,0,0,0,0,2
12.92071012,77.66535994,3,Bellandur,175.55543029999998,0,0,0,0,0,1,0,0,0,0,0,0,1,0,0,0,0,0,0,0,0,0,0,0,0,0,0,2
13.055969,77.4760833,1,No Police Station,147.13953213333335,0,0,0,0,0,1,0,0,0,0,0,1,0,0,0,0,0,0,0,0,0,0,0,0,0,0,0,2
13.0200506,77.7094059,1,K.R. Pura,35.281999049999996,0,0,0,0,0,1,0,0,0,0,0,1,0,0,0,0,0,0,0,0,0,0,0,0,0,0,0,1
12.9556427,77.545929,3,Byatarayanapura,154.75041236666667,0,0,0,0,0,1,0,0,1,0,0,0,0,0,0,0,0,0,0,0,0,0,0,0,0,0,0,1
12.9964726,77.5845948,3,Sheshadripuram,127.79201816666667,0,0,0,0,0,1,0,0,0,0,1,0,0,0,0,0,0,0,0,0,0,0,0,0,0,0,0,1
13.026353,77.544093,3,Yeshwanthpura,178.2507373166667,0,0,0,0,0,1,0,0,0,1,0,0,0,0,0,0,0,0,0,0,0,0,0,0,0,0,0,1
12.9061591,77.5856052,3,J.P. Nagar,20.211203416666667,0,0,0,0,0,1,0,0,0,0,0,0,0,0,1,0,0,0,0,0,0,0,0,0,0,0,0,1
12.9964326,77.5846186,3,High ground,141.64393971666667,0,0,0,0,0,1,0,0,0,0,1,0,0,0,0,0,0,0,0,0,0,0,0,0,0,0,0,1
13.0471823,77.5687914,3,Kodigehalli,135.72026885,0,0,0,0,0,1,0,0,1,0,0,0,0,0,0,0,0,0,0,0,0,0,0,0,0,0,0,1
12.9964147,77.5846199,3,Sheshadripuram,122.87225021666667,0,0,0,0,0,1,0,0,0,0,1,0,0,0,0,0,0,0,0,0,0,0,0,0,0,0,0,1
12.981767,77.5601309,1,Magadi Road,168.71702161666664,0,0,0,0,0,1,0,0,0,0,0,1,0,0,0,0,0,0,0,0,0,0,0,0,0,0,0,1
12.9725476,77.5079739,1,Jnanabharathi,160.90289249999998,0,0,0,0,0,1,0,0,1,0,0,0,0,0,0,0,0,0,0,0,0,0,0,0,0,0,0,1
12.9735765,77.5693008,1,Chamarajpet,78.2774947,1,0,0,0,0,0,1,0,0,0,0,0,0,0,0,0,0,0,0,0,0,0,0,0,0,0,0,1
13.022045,77.6497867,3,Hennuru,171.28554983333333,0,0,0,0,0,1,0,0,0,0,0,0,1,0,0,0,0,0,0,0,0,0,0,0,0,0,0,1
12.9354371,77.536311,3,Banashankari,36.08605643333333,0,0,0,0,0,1,0,0,0,0,0,0,0,0,0,0,1,0,0,0,0,0,0,0,0,0,0,1
13.0690187,77.5928063,3,Kodigehalli,173.65435818333333,0,0,0,0,0,1,0,0,0,0,0,0,0,0,0,1,0,0,0,0,0,0,0,0,0,0,0,1
12.9397541,77.7473664,1,Whitefield,155.8676643166667,0,1,0,0,0,0,1,0,0,0,0,0,0,0,0,0,0,0,0,0,0,0,0,0,0,0,0,1
12.9859956,77.5893687,3,High ground,144.95267478333332,0,0,0,0,0,1,0,0,0,0,0,0,1,0,0,0,0,0,0,0,0,0,0,0,0,0,0,1
12.8878816,77.6407286,3,Electronic City,31.520573033333335,0,0,0,0,0,1,0,0,0,0,0,1,0,0,0,0,0,0,0,0,0,0,0,0,0,0,0,1
13.0451892,77.5070112,3,Peenya,132.2670364,0,0,0,0,0,1,0,0,1,0,0,0,0,0,0,0,0,0,0,0,0,0,0,0,0,0,0,1
12.9360198,77.7068567,1,HAL Old Airport,129.4284463,0,0,0,0,0,1,0,0,0,0,0,0,1,0,0,0,0,0,0,0,0,0,0,0,0,0,0,1
13.0424656,77.5148652,3,Chikkabanavara,140.3672169333333,0,0,0,0,0,1,0,0,1,0,0,0,0,0,0,0,0,0,0,0,0,0,0,0,0,0,0,1
12.9711964,77.6995594,3,HAL Old Airport,154.11380633333334,0,0,0,0,0,1,0,0,0,1,0,0,0,0,0,0,0,0,0,0,0,0,0,0,0,0,0,1
12.9883029,77.509169,3,Kamakshipalya,172.00261868333334,0,0,0,0,0,1,0,0,0,1,0,0,0,0,0,0,0,0,0,0,0,0,0,0,0,0,0,1
12.9898004,77.5721914,1,Sheshadripuram,72.34147603333332,0,0,0,0,0,1,0,0,1,0,0,0,0,0,0,0,0,0,0,0,0,0,0,0,0,0,0,2
12.92227542,77.61942577,3,Madiwala,96.5241556,0,0,0,0,0,1,0,0,1,0,0,0,0,0,0,0,0,0,0,0,0,0,0,0,0,0,0,1
13.1092587,77.6039334,3,Yelahanka,159.82012375000002,0,0,0,0,0,1,0,0,0,0,0,0,0,0,0,1,0,0,0,0,0,0,0,0,0,0,0,1
13.0386532,77.5740578,1,Kodigehalli,360.0,0,0,0,0,1,0,1,0,0,0,0,0,0,0,0,0,0,0,0,0,0,0,0,0,0,0,0,1
12.9154072,77.5653126,3,Banashankari,75.99775528333333,0,0,0,0,0,1,0,0,0,0,0,0,1,0,0,0,0,0,0,0,0,0,0,0,0,0,0,2
12.9891588,77.5002047,3,Kamakshipalya,167.44053856666667,0,0,0,0,0,1,0,0,0,1,0,0,0,0,0,0,0,0,0,0,0,0,0,0,0,0,0,1
13.0454067,77.5804235,3,Kodigehalli,154.33990046666668,0,1,0,0,0,0,1,0,0,0,0,0,0,0,0,0,0,0,0,0,0,0,0,0,0,0,0,1
13.0107881,77.6620919,3,Banaswadi,169.8114797833333,0,0,0,0,0,1,0,0,1,0,0,0,0,0,0,0,0,0,0,0,0,0,0,0,0,0,0,1
13.0380265,77.5218887,3,Peenya,129.95274498333333,0,0,0,0,0,1,0,0,1,0,0,0,0,0,0,0,0,0,0,0,0,0,0,0,0,0,0,1
12.961075,77.6373946,3,Halasur,10.359373833333333,0,0,0,0,0,1,0,0,0,0,0,0,0,0,0,1,0,0,0,0,0,0,0,0,0,0,0,1
13.0219533,77.6496153,3,Hennuru,163.77471913333332,0,0,0,0,0,1,0,0,0,0,0,0,1,0,0,0,0,0,0,0,0,0,0,0,0,0,0,1
13.0967428,77.5980771,3,Yelahanka,102.29849803333333,1,0,0,0,0,0,1,0,0,0,0,0,0,0,0,0,0,0,0,0,0,0,0,0,0,0,0,3
13.03895,77.5895433,3,Kodigehalli,10.859754400000002,0,0,0,0,0,1,0,0,0,0,0,1,0,0,0,0,0,0,0,0,0,0,0,0,0,0,0,2
12.9632521,77.5824056,3,Halasuru Gate,180.0,0,0,0,0,0,1,0,0,1,0,0,0,0,0,0,0,0,0,0,0,0,0,0,0,0,0,0,1
12.97457646,77.62552477,3,Halasur,4.53046315,0,0,0,0,1,0,1,0,0,0,0,0,0,0,0,0,0,0,0,0,0,0,0,0,0,0,0,1
13.0081323,77.6928683,1,K.R. Pura,135.48738856666668,0,0,1,0,0,0,1,0,0,0,0,0,0,0,0,0,0,0,0,0,0,0,0,0,0,0,0,1
13.0467793,77.5657141,3,Kodigehalli,126.62809718333332,0,0,0,0,0,1,0,0,0,1,0,0,0,0,0,0,0,0,0,0,0,0,0,0,0,0,0,2
13.1083256,77.602945,3,Yelahanka,120.29407978333333,0,0,0,0,0,1,0,0,0,1,0,0,0,0,0,0,0,0,0,0,0,0,0,0,0,0,0,1
13.0686851,77.4480875,1,No Police Station,171.63737559999998,0,0,0,0,0,1,0,0,0,0,0,1,0,0,0,0,0,0,0,0,0,0,0,0,0,0,0,2
12.9834372,77.5910288,3,Cubbon Park,174.99231360000002,0,0,0,0,0,1,0,0,0,0,0,1,0,0,0,0,0,0,0,0,0,0,0,0,0,0,0,1
12.9955054,77.6656028,3,Banaswadi,80.29286535,0,0,0,0,0,1,0,0,0,1,0,0,0,0,0,0,0,0,0,0,0,0,0,0,0,0,0,2
12.9241031,77.6488026,3,HSR Layout,16.53580991666667,0,0,0,0,0,1,0,0,0,1,0,0,0,0,0,0,0,0,0,0,0,0,0,0,0,0,0,1
12.9480061,77.5350513,3,Byatarayanapura,121.93920028333334,0,0,0,0,0,1,0,0,0,1,0,0,0,0,0,0,0,0,0,0,0,0,0,0,0,0,0,2
13.1219878,77.6106476,3,Yelahanka,160.25854011666667,0,0,0,0,0,1,0,0,0,1,0,0,0,0,0,0,0,0,0,0,0,0,0,0,0,0,0,1
12.9649995,77.5347577,3,Vijayanagara,153.76327461666668,0,0,0,0,0,1,0,0,0,0,0,0,0,1,0,0,0,0,0,0,0,0,0,0,0,0,0,1
12.9979557,77.553242,3,Rajajinagar,155.38493513333333,0,0,0,0,0,1,0,0,0,0,1,0,0,0,0,0,0,0,0,0,0,0,0,0,0,0,0,1
12.9930661,77.6072646,1,Pulikeshinagar(F.Town),83.28090113333333,0,0,0,0,0,1,0,0,1,0,0,0,0,0,0,0,0,0,0,0,0,0,0,0,0,0,0,1
13.0483496,77.6454296,1,Hennuru,120.0,0,0,0,1,0,0,1,0,0,0,0,0,0,0,0,0,0,0,0,0,0,0,0,0,0,0,0,1
12.9474857,77.5334546,3,Byatarayanapura,145.65105918333333,0,0,0,0,0,1,0,0,0,1,0,0,0,0,0,0,0,0,0,0,0,0,0,0,0,0,0,1
12.9946463,77.757638,1,Mahadevapura,23.753298683333334,0,0,0,0,0,1,0,0,0,0,0,0,0,0,1,0,0,0,0,0,0,0,0,0,0,0,0,1
12.9389754,77.5982845,1,Wilson Garden,178.25065648333333,0,0,0,0,0,1,0,0,0,1,0,0,0,0,0,0,0,0,0,0,0,0,0,0,0,0,0,1
12.8404633,77.6521017,1,Electronic City,73.46585520000001,0,0,0,0,0,1,0,0,1,0,0,0,0,0,0,0,0,0,0,0,0,0,0,0,0,0,0,1
12.990066,77.5051704,3,Kamakshipalya,72.26638113333334,0,0,0,0,0,1,0,0,1,0,0,0,0,0,0,0,0,0,0,0,0,0,0,0,0,0,0,1
13.0332299,77.5882243,3,Kodigehalli,92.67076003333334,0,0,0,0,0,1,0,0,0,0,0,1,0,0,0,0,0,0,0,0,0,0,0,0,0,0,0,1
12.9559289,77.5459051,3,Byatarayanapura,14.5656122,0,0,0,0,0,1,0,0,1,0,0,0,0,0,0,0,0,0,0,0,0,0,0,0,0,0,0,1
12.9900093,77.5051989,3,Kamakshipalya,136.21138425,0,0,0,0,0,1,0,0,1,0,0,0,0,0,0,0,0,0,0,0,0,0,0,0,0,0,0,2
13.0198953,77.7095235,1,K.R. Pura,12.90432295,0,0,0,0,0,1,0,0,0,0,1,0,0,0,0,0,0,0,0,0,0,0,0,0,0,0,0,1
13.0085344,77.5715468,1,Malleshwaram,1.8805729166666665,0,0,0,0,1,0,1,0,0,0,0,0,0,0,0,0,0,0,0,0,0,0,0,0,0,0,0,1
12.9991066,77.6747282,3,Mahadevapura,82.00219771666666,1,0,0,0,0,0,1,0,0,0,0,0,0,0,0,0,0,0,0,0,0,0,0,0,0,0,0,3
12.9978016,77.6098254,1,Pulikeshinagar(F.Town),172.80448669999998,0,0,0,0,0,1,0,0,1,0,0,0,0,0,0,0,0,0,0,0,0,0,0,0,0,0,0,1
12.979657,77.5710764,1,Chamarajpet,164.54036836666668,0,0,0,0,0,1,0,0,1,0,0,0,0,0,0,0,0,0,0,0,0,0,0,0,0,0,0,1
13.030071,77.536943,3,Yeshwanthpura,102.77983354999999,0,0,0,0,0,1,0,0,0,1,0,0,0,0,0,0,0,0,0,0,0,0,0,0,0,0,0,1
13.0140206,77.5675162,3,Sadashivanagar,165.90997633333333,0,0,0,0,0,1,0,0,0,0,0,0,1,0,0,0,0,0,0,0,0,0,0,0,0,0,0,1
13.0455545,77.505774,3,Peenya,104.3606748,0,0,0,0,0,1,0,0,0,0,1,0,0,0,0,0,0,0,0,0,0,0,0,0,0,0,0,1
12.99601,77.75823,1,Mahadevapura,11.195320116666666,0,0,0,0,0,1,0,0,0,0,0,1,0,0,0,0,0,0,0,0,0,0,0,0,0,0,0,1
13.0428518,77.5510758,3,Jalahalli,127.02955433333334,0,0,0,0,0,1,0,0,0,0,0,1,0,0,0,0,0,0,0,0,0,0,0,0,0,0,0,1
13.035473,77.5890568,3,Hebbala,131.36195618333332,0,0,0,0,0,1,0,0,0,0,0,1,0,0,0,0,0,0,0,0,0,0,0,0,0,0,0,1
12.9519615,77.4996318,1,Jnanabharathi,79.53191238333334,0,0,0,0,0,1,0,0,1,0,0,0,0,0,0,0,0,0,0,0,0,0,0,0,0,0,0,1
12.8829772,77.752955,1,No Police Station,20.829142666666666,0,0,0,0,0,1,0,0,0,0,0,0,1,0,0,0,0,0,0,0,0,0,0,0,0,0,0,1
13.0982087,77.5712693,1,Yelahanka,0.8491233333333333,1,0,0,0,0,0,1,0,0,0,0,0,0,0,0,0,0,0,0,0,0,0,0,0,0,0,0,3
13.0738494,77.4396108,1,No Police Station,140.77738575,0,0,0,0,0,1,0,0,0,0,0,0,0,0,0,0,1,0,0,0,0,0,0,0,0,0,0,1
13.0375682,77.6270117,3,Hennuru,155.4700909,0,0,0,0,0,1,0,0,0,0,0,1,0,0,0,0,0,0,0,0,0,0,0,0,0,0,0,1
12.9605694,77.5042779,1,Jnanabharathi,17.161753516666668,0,0,0,0,0,1,0,0,1,0,0,0,0,0,0,0,0,0,0,0,0,0,0,0,0,0,0,2
12.9423299,77.5312866,3,Byatarayanapura,121.7480878,0,0,0,0,0,1,0,0,1,0,0,0,0,0,0,0,0,0,0,0,0,0,0,0,0,0,0,2
12.974095,77.601415,3,Cubbon Park,160.1032977,0,0,0,0,0,1,0,0,1,0,0,0,0,0,0,0,0,0,0,0,0,0,0,0,0,0,0,1
12.9485683,77.5934648,1,Wilson Garden,69.83975466666668,0,0,0,0,0,1,0,0,0,0,0,0,1,0,0,0,0,0,0,0,0,0,0,0,0,0,0,2
12.9539748,77.5433401,3,Byatarayanapura,150.1267916333333,0,0,0,0,0,1,0,0,0,0,0,0,0,1,0,0,0,0,0,0,0,0,0,0,0,0,0,1
13.0290051,77.5402099,3,Yeshwanthpura,10.261219083333334,0,0,0,0,0,1,0,0,0,1,0,0,0,0,0,0,0,0,0,0,0,0,0,0,0,0,0,1
12.9287199,77.5454335,3,Banashankari,160.06108045000002,0,0,0,0,0,1,0,0,0,0,0,1,0,0,0,0,0,0,0,0,0,0,0,0,0,0,0,1
13.0102,77.5903783,1,R.T. Nagar,15.854282233333333,0,0,0,0,0,1,0,1,0,0,0,0,0,0,0,0,0,0,0,0,0,0,0,0,0,0,0,1
12.9592991,77.6545459,3,Jeevanbheemanagar,40.82496125,0,0,0,0,0,1,0,0,0,0,0,1,0,0,0,0,0,0,0,0,0,0,0,0,0,0,0,2
13.039407,77.6414637,3,Hennuru,121.15166736666667,0,0,0,0,0,1,0,0,0,0,0,0,0,1,0,0,0,0,0,0,0,0,0,0,0,0,0,1
12.9063976,77.629448,3,HSR Layout,144.17533676666665,0,0,0,0,0,1,0,0,1,0,0,0,0,0,0,0,0,0,0,0,0,0,0,0,0,0,0,2
12.9675759,77.6063726,3,Ashok Nagar,39.93153236666667,0,0,0,0,0,1,0,0,0,0,0,1,0,0,0,0,0,0,0,0,0,0,0,0,0,0,0,2
12.9392078,77.5800529,1,Basavanagudi,52.854736083333336,0,0,0,0,1,0,1,0,0,0,0,0,0,0,0,0,0,0,0,0,0,0,0,0,0,0,0,1
12.9168228,77.5858813,1,J.P. Nagar,12.974202066666667,0,0,0,0,1,0,1,0,0,0,0,0,0,0,0,0,0,0,0,0,0,0,0,0,0,0,0,1
12.9156273,77.5694489,1,Banashankari,22.23222121666667,0,0,0,0,0,1,0,0,1,0,0,0,0,0,0,0,0,0,0,0,0,0,0,0,0,0,0,1
12.916885,77.5858733,1,J.P. Nagar,6.3100688499999995,0,0,0,0,1,0,1,0,0,0,0,0,0,0,0,0,0,0,0,0,0,0,0,0,0,0,0,1
13.2675104,77.7198706,1,Devanahalli Airport,32.981926566666665,0,0,0,0,0,1,0,0,0,1,0,0,0,0,0,0,0,0,0,0,0,0,0,0,0,0,0,1
12.9154399,77.5694428,1,K.S. Layout,150.2608793166667,0,0,0,0,0,1,0,0,1,0,0,0,0,0,0,0,0,0,0,0,0,0,0,0,0,0,0,1
12.9591976,77.5227753,1,Byatarayanapura,167.31695443333334,0,0,0,0,0,1,0,0,0,0,0,0,0,1,0,0,0,0,0,0,0,0,0,0,0,0,0,1
13.0390527,77.7395319,1,K.R. Pura,147.38987181666667,0,0,0,0,0,1,0,0,0,1,0,0,0,0,0,0,0,0,0,0,0,0,0,0,0,0,0,1
12.9443726,77.597203,1,Wilson Garden,24.749764333333335,0,0,0,0,0,1,0,0,1,0,0,0,0,0,0,0,0,0,0,0,0,0,0,0,0,0,0,1
12.9778753,77.5854037,1,Cubbon Park,129.12521961666667,0,0,0,0,0,1,0,0,0,1,0,0,0,0,0,0,0,0,0,0,0,0,0,0,0,0,0,1
12.9778753,77.5854037,1,Cubbon Park,131.58689501666666,0,0,0,0,0,1,0,0,0,1,0,0,0,0,0,0,0,0,0,0,0,0,0,0,0,0,0,1
13.0440133,77.55428,3,Jalahalli,173.38740049999998,0,0,0,0,0,1,0,0,0,0,0,1,0,0,0,0,0,0,0,0,0,0,0,0,0,0,0,1
13.0231864,77.6468554,3,Hennuru,150.64903346666668,0,0,0,0,0,1,0,0,0,1,0,0,0,0,0,0,0,0,0,0,0,0,0,0,0,0,0,1
12.9879767,77.5094764,3,Kamakshipalya,107.40422818333333,0,0,0,0,0,1,0,0,0,0,0,0,0,0,0,0,1,0,0,0,0,0,0,0,0,0,0,2
13.0435049,77.5843994,3,Kodigehalli,174.94043881666667,0,0,0,0,0,1,0,0,0,1,0,0,0,0,0,0,0,0,0,0,0,0,0,0,0,0,0,2
12.9257168,77.5970916,1,Jayanagara,2.4420427499999997,0,0,0,0,1,0,1,0,0,0,0,0,0,0,0,0,0,0,0,0,0,0,0,0,0,0,0,1
12.9063647,77.5797301,3,J.P. Nagar,360.0,0,0,0,0,1,0,1,0,0,0,0,0,0,0,0,0,0,0,0,0,0,0,0,0,0,0,0,1
12.9454287,77.5282021,3,Byatarayanapura,39.407815049999996,0,0,0,0,0,1,0,0,1,0,0,0,0,0,0,0,0,0,0,0,0,0,0,0,0,0,0,1
12.9604217,77.5058979,1,Jnanabharathi,136.7254960666667,0,0,0,0,0,1,0,0,0,0,0,0,0,0,0,0,1,0,0,0,0,0,0,0,0,0,0,2
13.0635036,77.457108,1,No Police Station,174.84897445,0,0,0,0,0,1,0,0,0,1,0,0,0,0,0,0,0,0,0,0,0,0,0,0,0,0,0,1
13.0379984,77.5219185,3,Peenya,34.37267258333333,1,0,0,0,0,0,1,0,0,0,0,0,0,0,0,0,0,0,0,0,0,0,0,0,0,0,0,3
12.9388117,77.5224783,3,Byatarayanapura,153.15183526666667,0,0,0,0,0,1,0,0,0,0,0,0,0,1,0,0,0,0,0,0,0,0,0,0,0,0,0,1
13.0456229,77.5063447,3,Peenya,45.264776866666665,0,0,0,0,0,1,0,0,0,0,0,0,0,0,1,0,0,0,0,0,0,0,0,0,0,0,0,2
12.978411,77.5434705,3,Magadi Road,137.16382225,0,0,0,0,0,1,0,0,1,0,0,0,0,0,0,0,0,0,0,0,0,0,0,0,0,0,0,2
12.9481048,77.5732898,1,Basavanagudi,45.61544075,0,0,0,0,0,1,0,0,1,0,0,0,0,0,0,0,0,0,0,0,0,0,0,0,0,0,0,1
12.9299316,77.6761985,1,Bellandur,130.37068081666666,0,0,1,0,0,0,1,0,0,0,0,0,0,0,0,0,0,0,0,0,0,0,0,0,0,0,0,2
12.9784584,77.5432841,3,Magadi Road,134.7593446,0,0,0,0,0,1,0,0,1,0,0,0,0,0,0,0,0,0,0,0,0,0,0,0,0,0,0,2
12.9785537,77.6057138,3,Shivajinagar,156.1219969166667,0,0,0,0,0,1,0,0,0,0,0,0,0,0,1,0,0,0,0,0,0,0,0,0,0,0,0,1
12.9897616,77.5020282,3,Kamakshipalya,77.75613968333333,0,0,0,0,0,1,0,0,0,0,0,0,0,0,0,0,1,0,0,0,0,0,0,0,0,0,0,1
13.0418888,77.5476664,3,Jalahalli,90.19006885,0,0,0,0,0,1,0,0,1,0,0,0,0,0,0,0,0,0,0,0,0,0,0,0,0,0,0,1
12.9390344,77.7473732,1,Whitefield,138.7126854166667,0,1,0,0,0,0,1,0,0,0,0,0,0,0,0,0,0,0,0,0,0,0,0,0,0,0,0,1
13.1825274,77.6406882,3,Chikkajala,131.42908743333334,0,0,0,0,0,1,0,0,0,0,0,0,0,0,0,0,1,0,0,0,0,0,0,0,0,0,0,1
13.0271353,77.5796689,1,Kodigehalli,54.30928101666667,0,0,1,0,0,0,1,0,0,0,0,0,0,0,0,0,0,0,0,0,0,0,0,0,0,0,0,1
13.0757816,77.5904347,3,Yelahanka,12.225998116666666,0,0,0,0,0,1,0,0,0,0,0,0,0,0,1,0,0,0,0,0,0,0,0,0,0,0,0,1
13.0897567,77.5966983,3,Yelahanka,155.4964654,0,0,0,0,0,1,0,0,0,0,0,0,1,0,0,0,0,0,0,0,0,0,0,0,0,0,0,2
12.9928511,77.5835581,3,High ground,121.42374743333333,0,0,0,0,0,1,0,0,1,0,0,0,0,0,0,0,0,0,0,0,0,0,0,0,0,0,0,1
12.9615318,77.5604072,3,Chamarajpet,133.32397356666667,0,0,0,0,0,1,0,0,0,0,0,0,0,1,0,0,0,0,0,0,0,0,0,0,0,0,0,1
12.987838,77.5130677,3,Kamakshipalya,154.20933595,0,0,0,0,0,1,0,0,0,1,0,0,0,0,0,0,0,0,0,0,0,0,0,0,0,0,0,1
12.912785,77.5589141,1,K.S. Layout,67.51039941666667,1,0,0,0,0,0,1,0,0,0,0,0,0,0,0,0,0,0,0,0,0,0,0,0,0,0,0,1
12.9863077,77.6461739,3,Banaswadi,163.81286878333333,0,0,0,0,0,1,0,0,0,0,0,0,0,1,0,0,0,0,0,0,0,0,0,0,0,0,0,1
12.9863102,77.646048,3,Banaswadi,161.59448410000002,0,0,0,0,0,1,0,0,0,0,0,0,0,1,0,0,0,0,0,0,0,0,0,0,0,0,0,1
12.9289423,77.6179915,3,Adugodi,62.19627536666667,0,0,0,0,1,0,1,0,0,0,0,0,0,0,0,0,0,0,0,0,0,0,0,0,0,0,0,1
13.0929683,77.59668,3,Yelahanka,76.96167763333332,0,0,0,0,0,1,0,0,0,1,0,0,0,0,0,0,0,0,0,0,0,0,0,0,0,0,0,1
12.9773537,77.6271626,3,Halasur,127.32646410000001,1,0,0,0,0,0,1,0,0,0,0,0,0,0,0,0,0,0,0,0,0,0,0,0,0,0,0,3
12.9538866,77.5687814,1,V.V.Puram (C.Pet),5.842510683333333,0,0,0,0,1,0,1,0,0,0,0,0,0,0,0,0,0,0,0,0,0,0,0,0,0,0,0,1
12.9681574,77.6061899,3,Ashok Nagar,61.782266433333334,0,0,0,0,0,1,0,0,0,1,0,0,0,0,0,0,0,0,0,0,0,0,0,0,0,0,0,1
12.9561486,77.7009942,3,HAL Old Airport,37.483846299999996,0,0,0,0,0,1,0,0,0,1,0,0,0,0,0,0,0,0,0,0,0,0,0,0,0,0,0,1
12.9458905,77.5284091,3,Byatarayanapura,39.58132188333333,0,0,0,0,0,1,0,0,0,0,0,0,1,0,0,0,0,0,0,0,0,0,0,0,0,0,0,2
13.041233,77.6223217,3,Hennuru,41.08258143333333,0,1,0,0,0,0,1,0,0,0,0,0,0,0,0,0,0,0,0,0,0,0,0,0,0,0,0,1
12.916914,77.5735171,1,K.S. Layout,152.9886311666667,0,0,0,0,0,1,0,0,1,0,0,0,0,0,0,0,0,0,0,0,0,0,0,0,0,0,0,1
12.9473844,77.6989762,3,HAL Old Airport,153.7441928833333,0,0,0,0,0,1,0,0,0,1,0,0,0,0,0,0,0,0,0,0,0,0,0,0,0,0,0,1
12.9652817,77.7019333,3,HAL Old Airport,152.23298815,0,0,0,0,0,1,0,0,0,0,0,0,1,0,0,0,0,0,0,0,0,0,0,0,0,0,0,1
12.9530642,77.5417254,3,Byatarayanapura,173.78181126666667,0,0,0,0,0,1,0,0,0,0,0,0,0,0,1,0,0,0,0,0,0,0,0,0,0,0,0,1
12.9879506,77.6499319,3,Banaswadi,168.46701720000002,0,0,0,0,0,1,0,0,0,0,0,0,0,0,0,0,1,0,0,0,0,0,0,0,0,0,0,1
12.9696333,77.603115,3,Ashok Nagar,360.0,0,0,0,0,1,0,1,0,0,0,0,0,0,0,0,0,0,0,0,0,0,0,0,0,0,0,0,1
13.00121678,77.58402681,3,Sadashivanagar,81.9006754,1,0,0,0,0,0,1,0,0,0,0,0,0,0,0,0,0,0,0,0,0,0,0,0,0,0,0,1
12.9561274,77.7125013,3,HAL Old Airport,171.3479186666667,0,0,0,0,0,1,0,0,0,1,0,0,0,0,0,0,0,0,0,0,0,0,0,0,0,0,0,1
12.9135217,77.6036567,1,Mico Layout,4.5271911,0,0,0,0,1,0,1,0,0,0,0,0,0,0,0,0,0,0,0,0,0,0,0,0,0,0,0,1
13.030281,77.585662,3,Kodigehalli,110.65663531666668,0,0,0,0,0,1,0,0,0,0,0,1,0,0,0,0,0,0,0,0,0,0,0,0,0,0,0,1
12.9461308,77.5970935,1,Wilson Garden,153.77895358333333,0,0,0,0,0,1,0,0,0,0,0,0,1,0,0,0,0,0,0,0,0,0,0,0,0,0,0,1
12.9318535,77.5838672,1,Jayanagara,360.0,0,0,0,0,1,0,1,0,0,0,0,0,0,0,0,0,0,0,0,0,0,0,0,0,0,0,0,1
13.10111,77.59962,3,Yelahanka,157.79284163333332,0,0,0,0,0,1,0,0,0,0,0,0,0,0,1,0,0,0,0,0,0,0,0,0,0,0,0,1
12.9264413,77.5808446,1,Jayanagara,360.0,0,0,0,0,1,0,1,0,0,0,0,0,0,0,0,0,0,0,0,0,0,0,0,0,0,0,0,1
12.9216,77.5807633,1,Jayanagara,360.0,0,0,0,0,1,0,1,0,0,0,0,0,0,0,0,0,0,0,0,0,0,0,0,0,0,0,0,1
12.9222233,77.5836883,1,Jayanagara,360.0,0,0,0,0,1,0,1,0,0,0,0,0,0,0,0,0,0,0,0,0,0,0,0,0,0,0,0,1
12.9841406,77.7519672,1,Mahadevapura,75.83953751666667,0,0,0,0,0,1,0,0,0,0,0,0,0,0,0,0,1,0,0,0,0,0,0,0,0,0,0,1
13.0028466,77.5838445,3,Sadashivanagar,21.48659638333333,0,0,0,0,0,1,0,0,0,0,0,0,1,0,0,0,0,0,0,0,0,0,0,0,0,0,0,1
12.9873542,77.5126242,3,Kamakshipalya,169.876534,0,0,0,0,0,1,0,0,0,0,0,1,0,0,0,0,0,0,0,0,0,0,0,0,0,0,0,1
12.9597916,77.6415806,3,Halasur,10.285472433333332,0,0,0,0,0,1,0,0,1,0,0,0,0,0,0,0,0,0,0,0,0,0,0,0,0,0,0,1
12.9364,77.5185545,3,Byatarayanapura,78.04236811666667,0,0,0,0,0,1,0,0,1,0,0,0,0,0,0,0,0,0,0,0,0,0,0,0,0,0,0,1
13.0293051,77.5402265,3,Yeshwanthpura,8.949905016666666,0,0,0,0,0,1,0,0,0,0,0,0,1,0,0,0,0,0,0,0,0,0,0,0,0,0,0,1
12.9696676,77.7004044,3,HAL Old Airport,123.23297415,0,0,0,0,0,1,0,0,0,0,0,0,0,1,0,0,0,0,0,0,0,0,0,0,0,0,0,1
12.9608088,77.6386153,3,Halasur,85.34070533333333,0,0,0,0,0,1,0,0,1,0,0,0,0,0,0,0,0,0,0,0,0,0,0,0,0,0,0,1
12.93269,77.5886561,1,Jayanagara,360.0,0,0,0,0,1,0,1,0,0,0,0,0,0,0,0,0,0,0,0,0,0,0,0,0,0,0,0,1
13.0019858,77.5838626,3,Sadashivanagar,74.08036368333335,0,0,0,0,0,1,0,0,0,0,0,1,0,0,0,0,0,0,0,0,0,0,0,0,0,0,0,2
12.9691833,77.590395,3,Cubbon Park,145.35098828333332,0,0,0,0,0,1,0,0,0,0,0,0,0,1,0,0,0,0,0,0,0,0,0,0,0,0,0,1
12.9653882,77.7018161,3,HAL Old Airport,167.9600021,0,0,0,0,0,1,0,0,0,0,0,1,0,0,0,0,0,0,0,0,0,0,0,0,0,0,0,1
13.0361195,77.5895123,3,Hebbala,173.06403216666666,0,0,0,0,0,1,0,0,0,0,0,1,0,0,0,0,0,0,0,0,0,0,0,0,0,0,0,1
12.9691733,77.5905,3,Halasuru Gate,140.07017791666667,0,0,0,0,0,1,0,0,0,0,0,0,0,1,0,0,0,0,0,0,0,0,0,0,0,0,0,1
13.2573834,77.7123422,1,Devanahalli Airport,125.17891298333333,0,0,0,0,0,1,0,0,0,1,0,0,0,0,0,0,0,0,0,0,0,0,0,0,0,0,0,1
12.9606468,77.5043745,1,Jnanabharathi,133.24928463333333,0,0,0,0,0,1,0,0,0,0,0,0,0,1,0,0,0,0,0,0,0,0,0,0,0,0,0,2
12.9462817,77.6072168,3,Adugodi,57.48541201666667,0,0,0,0,0,1,0,0,0,1,0,0,0,0,0,0,0,0,0,0,0,0,0,0,0,0,0,1
12.9234712,77.6554145,3,Bellandur,129.59134765000002,0,0,0,0,0,1,0,0,0,0,0,0,0,0,0,0,1,0,0,0,0,0,0,0,0,0,0,1
12.9371572,77.5626196,1,Basavanagudi,9.843378383333334,0,0,0,0,1,0,1,0,0,0,0,0,0,0,0,0,0,0,0,0,0,0,0,0,0,0,0,1
13.0429355,77.5866438,3,Kodigehalli,169.52358738333334,0,0,0,0,0,1,0,0,0,0,0,1,0,0,0,0,0,0,0,0,0,0,0,0,0,0,0,2
13.050612,77.5933747,3,Hebbala,16.25948615,1,0,0,0,0,0,1,0,0,0,0,0,0,0,0,0,0,0,0,0,0,0,0,0,0,0,0,1
12.9451182,77.5970652,1,Wilson Garden,163.61911806666666,0,0,0,0,0,1,0,0,0,0,0,0,0,1,0,0,0,0,0,0,0,0,0,0,0,0,0,1
13.0168373,77.5840601,3,Sadashivanagar,88.67010386666668,0,0,0,0,0,1,0,0,1,0,0,0,0,0,0,0,0,0,0,0,0,0,0,0,0,0,0,2
13.0468824,77.5756714,3,Kodigehalli,49.33388356666667,0,0,0,0,0,1,0,0,0,0,0,1,0,0,0,0,0,0,0,0,0,0,0,0,0,0,0,1
12.9819509,77.5954538,3,Cubbon Park,138.26655945,0,0,0,0,0,1,0,0,1,0,0,0,0,0,0,0,0,0,0,0,0,0,0,0,0,0,0,1
12.9870587,77.6485145,3,Banaswadi,155.24462733333334,0,0,0,0,0,1,0,0,1,0,0,0,0,0,0,0,0,0,0,0,0,0,0,0,0,0,0,1
13.0699341,77.6204685,1,Hennuru,162.51524151666666,0,0,0,0,0,1,0,0,0,0,0,0,1,0,0,0,0,0,0,0,0,0,0,0,0,0,0,1
13.0445891,77.5818807,3,Kodigehalli,129.16241071666667,0,1,0,0,0,0,1,0,0,0,0,0,0,0,0,0,0,0,0,0,0,0,0,0,0,0,0,1
12.9870855,77.648421,3,Banaswadi,152.76173143333332,0,0,0,0,0,1,0,0,1,0,0,0,0,0,0,0,0,0,0,0,0,0,0,0,0,0,0,2
13.0958264,77.5936221,1,Yelahanka,178.88116021666667,0,0,0,0,0,1,0,0,1,0,0,0,0,0,0,0,0,0,0,0,0,0,0,0,0,0,0,2
13.0879383,77.5940317,3,Yelahanka,35.9550146,0,0,0,0,0,1,0,0,0,0,0,0,0,1,0,0,0,0,0,0,0,0,0,0,0,0,0,1
12.9727382,77.698422,3,HAL Old Airport,158.0656548,0,0,0,0,0,1,0,0,1,0,0,0,0,0,0,0,0,0,0,0,0,0,0,0,0,0,0,2
12.8993933,77.6339815,3,HSR Layout,135.95869121666667,0,0,0,0,0,1,0,0,0,0,0,0,0,0,0,0,1,0,0,0,0,0,0,0,0,0,0,1
13.070013,77.4450571,1,No Police Station,66.52986523333333,1,0,0,0,0,0,1,0,0,0,0,0,0,0,0,0,0,0,0,0,0,0,0,0,0,0,0,1
13.0396997,77.5182903,3,Peenya,11.41129385,0,0,0,0,0,1,0,0,1,0,0,0,0,0,0,0,0,0,0,0,0,0,0,0,0,0,0,1
12.9641669,77.625944,1,Ashok Nagar,2.49186385,0,0,0,0,1,0,1,0,0,0,0,0,0,0,0,0,0,0,0,0,0,0,0,0,0,0,0,1
13.046897,77.644382,1,Hennuru,138.17480740000002,0,0,0,0,0,1,0,0,0,1,0,0,0,0,0,0,0,0,0,0,0,0,0,0,0,0,0,1
13.1250833,77.6124167,3,Yelahanka,65.95049823333333,1,0,0,0,0,0,1,0,0,0,0,0,0,0,0,0,0,0,0,0,0,0,0,0,0,0,0,3
12.9800539,77.5727642,1,Upparpet,110.95514761666666,0,0,0,0,0,1,0,0,1,0,0,0,0,0,0,0,0,0,0,0,0,0,0,0,0,0,0,1
12.85678142,77.66416602,1,Electronic City,28.716758966666664,0,0,0,0,0,1,0,0,0,1,0,0,0,0,0,0,0,0,0,0,0,0,0,0,0,0,0,1
12.9679697,77.5909676,3,Halasuru Gate,131.20510380000002,0,0,0,0,0,1,0,0,1,0,0,0,0,0,0,0,0,0,0,0,0,0,0,0,0,0,0,1
12.9567473,77.5342133,3,Chamarajpet,102.62027934999999,0,0,0,0,0,1,0,0,1,0,0,0,0,0,0,0,0,0,0,0,0,0,0,0,0,0,0,1
13.0936884,77.5959414,3,Yelahanka,144.29620826666667,0,0,0,0,0,1,0,0,0,0,0,0,1,0,0,0,0,0,0,0,0,0,0,0,0,0,0,2
13.0347674,77.5291978,3,Peenya,168.35230621666668,0,0,0,0,0,1,0,0,0,0,0,0,0,0,0,0,1,0,0,0,0,0,0,0,0,0,0,1
12.917534,77.5761933,1,Jayanagara,146.8317306666667,0,0,0,0,0,1,0,0,1,0,0,0,0,0,0,0,0,0,0,0,0,0,0,0,0,0,0,1
12.9747841,77.5486991,3,Magadi Road,147.34824031666668,0,0,0,0,0,1,0,0,0,0,0,0,0,0,0,0,1,0,0,0,0,0,0,0,0,0,0,1
13.0286023,77.5361493,3,Yeshwanthpura,125.82290351666667,0,0,0,0,0,1,0,0,0,1,0,0,0,0,0,0,0,0,0,0,0,0,0,0,0,0,0,1
12.9875809,77.619241,1,Pulikeshinagar(F.Town),51.529733783333334,0,0,0,0,0,1,0,0,0,1,0,0,0,0,0,0,0,0,0,0,0,0,0,0,0,0,0,1
12.9614333,77.5606533,3,Chamarajpet,3.73901635,0,0,0,0,0,1,0,0,1,0,0,0,0,0,0,0,0,0,0,0,0,0,0,0,0,0,0,1
12.9932058,77.6619145,1,Banaswadi,131.52157793333333,0,0,0,0,0,1,0,0,1,0,0,0,0,0,0,0,0,0,0,0,0,0,0,0,0,0,0,1
12.9405829,77.5742938,1,Basavanagudi,121.61971308333334,0,0,0,0,0,1,0,0,1,0,0,0,0,0,0,0,0,0,0,0,0,0,0,0,0,0,0,2
12.9876225,77.5945968,1,High ground,136.09581643333334,0,0,0,0,0,1,0,0,1,0,0,0,0,0,0,0,0,0,0,0,0,0,0,0,0,0,0,1
12.9436333,77.7471783,1,Whitefield,18.3825912,0,0,0,0,0,1,0,0,1,0,0,0,0,0,0,0,0,0,0,0,0,0,0,0,0,0,0,1
13.0299352,77.5366387,3,Yeshwanthpura,7.900588366666667,0,0,0,0,0,1,0,0,0,1,0,0,0,0,0,0,0,0,0,0,0,0,0,0,0,0,0,2
12.9636898,77.5847108,3,Halasuru Gate,180.0,0,0,0,0,0,1,0,0,1,0,0,0,0,0,0,0,0,0,0,0,0,0,0,0,0,0,0,1
12.9163228,77.570324,1,Banashankari,14.79356025,0,0,0,0,0,1,0,0,1,0,0,0,0,0,0,0,0,0,0,0,0,0,0,0,0,0,0,2
13.0413323,77.6224696,3,Hennuru,100.59974936666667,0,0,0,0,0,1,0,0,0,1,0,0,0,0,0,0,0,0,0,0,0,0,0,0,0,0,0,1
12.9857333,77.5266267,3,Kamakshipalya,102.56760073333334,0,0,0,0,0,1,0,0,0,0,0,0,1,0,0,0,0,0,0,0,0,0,0,0,0,0,0,1
13.0448582,77.5816721,3,Kodigehalli,171.86305363333335,0,1,0,0,0,0,1,0,0,0,0,0,0,0,0,0,0,0,0,0,0,0,0,0,0,0,0,1
12.9558641,77.5463576,3,Byatarayanapura,163.61968065000002,0,0,0,0,0,1,0,0,1,0,0,0,0,0,0,0,0,0,0,0,0,0,0,0,0,0,0,1
13.0406715,77.6219368,3,K.G. Halli,179.2935364,0,0,0,0,0,1,0,0,0,1,0,0,0,0,0,0,0,0,0,0,0,0,0,0,0,0,0,1
12.9839379,77.5977188,3,Shivajinagar,178.40496668333333,0,0,0,0,0,1,0,0,0,0,0,1,0,0,0,0,0,0,0,0,0,0,0,0,0,0,0,1
12.8182782,77.6899311,1,Electronic City,142.0242469,0,0,0,0,0,1,0,0,1,0,0,0,0,0,0,0,0,0,0,0,0,0,0,0,0,0,0,2
13.0633558,77.4578239,1,No Police Station,171.00496863333333,0,0,0,0,0,1,0,0,0,1,0,0,0,0,0,0,0,0,0,0,0,0,0,0,0,0,0,1
12.9170147,77.5841208,1,Jayanagara,160.69479646666665,0,0,0,0,0,1,0,0,1,0,0,0,0,0,0,0,0,0,0,0,0,0,0,0,0,0,0,1
12.9627,77.5653883,3,Chamarajpet,46.61182065,0,0,0,0,0,1,0,0,1,0,0,0,0,0,0,0,0,0,0,0,0,0,0,0,0,0,0,1
13.0473308,77.5011321,1,Peenya,41.68652611666666,0,0,0,0,0,1,0,0,0,1,0,0,0,0,0,0,0,0,0,0,0,0,0,0,0,0,0,1
12.9560094,77.7279445,3,Whitefield,37.8018373,0,0,0,0,0,1,0,0,1,0,0,0,0,0,0,0,0,0,0,0,0,0,0,0,0,0,0,1
12.8883535,77.5620501,1,Thalagattapura,118.13179021666666,0,0,0,0,0,1,0,0,0,1,0,0,0,0,0,0,0,0,0,0,0,0,0,0,0,0,0,1
13.0083988,77.6957918,1,K.R. Pura,58.84397311666667,0,0,0,0,0,1,0,0,0,0,0,0,1,0,0,0,0,0,0,0,0,0,0,0,0,0,0,2
13.0014249,77.5837935,3,Sadashivanagar,40.3799524,0,0,0,0,0,1,0,0,0,0,0,0,0,0,1,0,0,0,0,0,0,0,0,0,0,0,0,1
12.9674234,77.5681024,1,Chamarajpet,122.52143928333334,0,0,0,0,0,1,0,0,0,0,1,0,0,0,0,0,0,0,0,0,0,0,0,0,0,0,0,1
12.9864507,77.73138,1,Mahadevapura,135.17725963333334,0,0,0,0,0,1,0,0,0,0,0,0,0,1,0,0,0,0,0,0,0,0,0,0,0,0,0,1
13.1305823,77.615127,3,Yelahanka,144.48600725,0,0,0,0,0,1,0,0,0,1,0,0,0,0,0,0,0,0,0,0,0,0,0,0,0,0,0,2
12.99572,77.5960333,1,R.T. Nagar,128.52083771666668,0,0,0,0,0,1,0,0,0,0,0,0,1,0,0,0,0,0,0,0,0,0,0,0,0,0,0,1
12.9769594,77.6202004,1,Halasur,168.01119906666665,0,0,0,0,0,1,0,0,0,1,0,0,0,0,0,0,0,0,0,0,0,0,0,0,0,0,0,1
13.044785,77.6266483,3,Hennuru,92.29220731666666,0,0,0,0,0,1,0,0,0,1,0,0,0,0,0,0,0,0,0,0,0,0,0,0,0,0,0,1
12.9016245,77.601047,3,Mico Layout,139.66615068333334,0,0,0,0,0,1,0,0,1,0,0,0,0,0,0,0,0,0,0,0,0,0,0,0,0,0,0,2
13.0391136,77.542641,3,Jalahalli,145.21757973333334,0,0,0,0,0,1,0,0,0,0,0,1,0,0,0,0,0,0,0,0,0,0,0,0,0,0,0,2
12.959592,77.5620312,3,Chamarajpet,144.30252971666667,0,0,0,0,0,1,0,0,0,0,1,0,0,0,0,0,0,0,0,0,0,0,0,0,0,0,0,1
12.9011982,77.5443666,1,K.S. Layout,4.357959916666667,1,0,0,0,0,0,1,0,0,0,0,0,0,0,0,0,0,0,0,0,0,0,0,0,0,0,0,1
12.9667804,77.5874869,3,Halasuru Gate,4.0160994500000005,0,0,0,0,0,1,0,0,0,0,0,1,0,0,0,0,0,0,0,0,0,0,0,0,0,0,0,1
12.9714146,77.6582129,1,Jeevanbheemanagar,124.07114216666668,0,0,0,0,0,1,0,0,1,0,0,0,0,0,0,0,0,0,0,0,0,0,0,0,0,0,0,1
13.0097918,77.7591575,1,Mahadevapura,177.20661253333336,0,0,0,0,0,1,0,0,0,1,0,0,0,0,0,0,0,0,0,0,0,0,0,0,0,0,0,1
12.9563287,77.5914733,1,Wilson Garden,124.4894207,0,0,0,0,0,1,0,0,1,0,0,0,0,0,0,0,0,0,0,0,0,0,0,0,0,0,0,1
13.0414178,77.6231794,3,Hennuru,128.25928185,0,0,0,0,0,1,0,0,0,1,0,0,0,0,0,0,0,0,0,0,0,0,0,0,0,0,0,1
13.0377318,77.5418233,3,Jalahalli,157.2327579,0,0,0,0,0,1,0,0,0,0,0,0,0,0,1,0,0,0,0,0,0,0,0,0,0,0,0,2
12.9804733,77.5794236,1,Upparpet,125.78760836666667,0,0,0,0,0,1,0,0,1,0,0,0,0,0,0,0,0,0,0,0,0,0,0,0,0,0,0,1
13.0259455,77.5855367,3,R.T. Nagar,142.02451165,0,0,0,0,0,1,0,0,0,0,0,0,0,0,0,0,1,0,0,0,0,0,0,0,0,0,0,1
12.9427928,77.5974063,1,Wilson Garden,41.98896968333334,0,0,0,0,0,1,0,0,0,0,0,1,0,0,0,0,0,0,0,0,0,0,0,0,0,0,0,1
12.9584214,77.5542999,3,Magadi Road,174.55628148333332,0,0,0,0,0,1,0,0,0,0,0,0,1,0,0,0,0,0,0,0,0,0,0,0,0,0,0,1
12.976579,77.5888679,1,Cubbon Park,99.42997704999999,0,0,0,0,0,1,0,0,1,0,0,0,0,0,0,0,0,0,0,0,0,0,0,0,0,0,0,1
12.9636778,77.585023,3,Halasuru Gate,49.17207883333333,0,0,0,0,0,1,0,0,1,0,0,0,0,0,0,0,0,0,0,0,0,0,0,0,0,0,0,1
13.0287687,77.5376981,3,Yeshwanthpura,158.91755120000002,0,0,0,0,0,1,0,0,0,0,0,1,0,0,0,0,0,0,0,0,0,0,0,0,0,0,0,1
13.016855,77.7037633,1,K.R. Pura,135.33002026666665,0,0,0,0,0,1,0,0,0,0,0,1,0,0,0,0,0,0,0,0,0,0,0,0,0,0,0,1
12.9612781,77.5588938,3,Magadi Road,120.43420765,0,0,0,0,0,1,0,1,0,0,0,0,0,0,0,0,0,0,0,0,0,0,0,0,0,0,0,2
13.0292386,77.5365365,3,Yeshwanthpura,7.371330166666667,0,0,0,0,0,1,0,0,0,0,0,1,0,0,0,0,0,0,0,0,0,0,0,0,0,0,0,1
12.9558203,77.7157905,3,Whitefield,59.29006258333333,0,0,0,0,0,1,0,0,0,0,0,1,0,0,0,0,0,0,0,0,0,0,0,0,0,0,0,1
12.9806035,77.5707879,1,Chamarajpet,15.77857665,0,0,0,0,0,1,0,0,0,0,0,0,1,0,0,0,0,0,0,0,0,0,0,0,0,0,0,1
13.0431668,77.5570694,3,Jalahalli,129.60433423333333,0,1,0,0,0,0,1,0,0,0,0,0,0,0,0,0,0,0,0,0,0,0,0,0,0,0,0,1
12.9843071,77.5541767,1,Magadi Road,170.51431374999999,0,0,0,0,0,1,0,0,0,0,0,1,0,0,0,0,0,0,0,0,0,0,0,0,0,0,0,1
12.9843207,77.5542729,1,Magadi Road,168.66185525,0,0,0,0,0,1,0,0,0,0,0,1,0,0,0,0,0,0,0,0,0,0,0,0,0,0,0,1
13.0084613,77.6943781,1,K.R. Pura,122.25044811666666,0,0,0,0,0,1,0,0,1,0,0,0,0,0,0,0,0,0,0,0,0,0,0,0,0,0,0,2
13.0445436,77.5087575,3,Peenya,121.06084061666667,0,0,0,0,0,1,0,0,0,0,1,0,0,0,0,0,0,0,0,0,0,0,0,0,0,0,0,1
13.0213237,77.7116339,1,K.R. Pura,178.23822370000002,0,0,0,0,0,1,0,0,0,0,0,1,0,0,0,0,0,0,0,0,0,0,0,0,0,0,0,1
13.01855644,77.55852789,3,Yeshwanthpura,45.83979136666667,0,0,0,0,0,1,0,0,1,0,0,0,0,0,0,0,0,0,0,0,0,0,0,0,0,0,0,2
12.9634288,77.641634,3,Jeevanbheemanagar,175.64540173333336,0,0,0,0,0,1,0,0,1,0,0,0,0,0,0,0,0,0,0,0,0,0,0,0,0,0,0,1
12.99612,77.5847715,3,High ground,105.14612633333333,0,0,0,0,0,1,0,0,0,1,0,0,0,0,0,0,0,0,0,0,0,0,0,0,0,0,0,1
13.0040559,77.5830881,3,Sadashivanagar,27.93791925,0,0,0,0,0,1,0,0,0,1,0,0,0,0,0,0,0,0,0,0,0,0,0,0,0,0,0,3
13.0393024,77.5190934,3,Peenya,12.276266133333333,0,0,0,0,0,1,0,0,1,0,0,0,0,0,0,0,0,0,0,0,0,0,0,0,0,0,0,2
13.0443038,77.5098057,3,Peenya,170.12964245,0,0,0,0,0,1,0,0,0,0,1,0,0,0,0,0,0,0,0,0,0,0,0,0,0,0,0,1
13.1907044,77.6457617,3,Chikkajala,154.2711123,0,0,0,0,0,1,0,0,1,0,0,0,0,0,0,0,0,0,0,0,0,0,0,0,0,0,0,1
13.0413692,77.6226907,3,Hennuru,152.71532238333333,0,1,0,0,0,0,1,0,0,0,0,0,0,0,0,0,0,0,0,0,0,0,0,0,0,0,0,1
12.947392,77.5333224,3,Byatarayanapura,148.85048698333333,0,0,0,0,0,1,0,0,0,1,0,0,0,0,0,0,0,0,0,0,0,0,0,0,0,0,0,1
12.9774516,77.580309,1,Upparpet,56.79600258333333,0,0,0,0,1,0,1,0,0,0,0,0,0,0,0,0,0,0,0,0,0,0,0,0,0,0,0,1
13.0437541,77.584076,3,Kodigehalli,157.4107309,0,0,0,0,0,1,0,0,0,0,0,0,0,0,0,0,1,0,0,0,0,0,0,0,0,0,0,1
13.0858183,77.5937033,3,Yelahanka,45.69163531666666,0,0,0,0,0,1,0,0,0,1,0,0,0,0,0,0,0,0,0,0,0,0,0,0,0,0,0,1
12.9877044,77.4934405,3,Kamakshipalya,151.89914026666665,0,0,0,0,0,1,0,0,1,0,0,0,0,0,0,0,0,0,0,0,0,0,0,0,0,0,0,2
13.0019267,77.63335,1,Banaswadi,172.45510745,0,1,0,0,0,0,1,0,0,0,0,0,0,0,0,0,0,0,0,0,0,0,0,0,0,0,0,1
12.9702493,77.6322612,1,Halasur,360.0,0,0,0,0,1,0,1,0,0,0,0,0,0,0,0,0,0,0,0,0,0,0,0,0,0,0,0,1
12.9859933,77.5793638,1,High ground,42.935636433333336,0,0,0,0,0,1,0,0,1,0,0,0,0,0,0,0,0,0,0,0,0,0,0,0,0,0,0,1
13.0069383,77.5488183,3,Malleshwaram,180.0,0,0,0,0,0,1,0,0,0,0,1,0,0,0,0,0,0,0,0,0,0,0,0,0,0,0,0,2
12.9533243,77.5737148,1,V.V.Puram (C.Pet),39.33360123333333,0,0,1,0,0,0,1,0,0,0,0,0,0,0,0,0,0,0,0,0,0,0,0,0,0,0,0,1
12.9919367,77.5855533,3,High ground,146.3939166,0,0,0,0,0,1,0,0,0,1,0,0,0,0,0,0,0,0,0,0,0,0,0,0,0,0,0,1
12.9872076,77.5801517,1,High ground,95.82774763333333,0,0,0,0,0,1,0,0,0,0,1,0,0,0,0,0,0,0,0,0,0,0,0,0,0,0,0,1
12.901769,77.7072031,1,Whitefield,34.2924117,0,0,0,0,0,1,0,0,0,0,0,0,1,0,0,0,0,0,0,0,0,0,0,0,0,0,0,2
12.9842607,77.6002114,1,Shivajinagar,129.19878353333334,0,0,0,0,0,1,0,0,0,1,0,0,0,0,0,0,0,0,0,0,0,0,0,0,0,0,0,2
12.9500193,77.6062176,3,Adugodi,127.26886855,0,0,0,0,0,1,0,0,0,0,0,0,0,0,0,0,1,0,0,0,0,0,0,0,0,0,0,1
13.037069,77.541653,3,Jalahalli,138.74822303333335,0,0,0,0,0,1,0,0,0,1,0,0,0,0,0,0,0,0,0,0,0,0,0,0,0,0,0,1
13.0370664,77.5416438,3,Jalahalli,131.92175581666666,0,0,0,0,0,1,0,0,0,1,0,0,0,0,0,0,0,0,0,0,0,0,0,0,0,0,0,1
13.0400857,77.5186436,3,Peenya,19.84877475,0,0,0,0,0,1,0,0,1,0,0,0,0,0,0,0,0,0,0,0,0,0,0,0,0,0,0,1
12.9109944,77.6265845,3,HSR Layout,124.01564821666666,1,0,0,0,0,0,1,0,0,0,0,0,0,0,0,0,0,0,0,0,0,0,0,0,0,0,0,1
12.9093615,77.627449,3,HSR Layout,159.1777156,1,0,0,0,0,0,1,0,0,0,0,0,0,0,0,0,0,0,0,0,0,0,0,0,0,0,0,3
12.9493925,77.605846,3,Adugodi,131.94436883333333,0,0,0,0,0,1,0,0,0,0,0,1,0,0,0,0,0,0,0,0,0,0,0,0,0,0,0,2
13.0368982,77.5416469,3,Jalahalli,122.32108201666667,0,0,0,0,0,1,0,0,0,1,0,0,0,0,0,0,0,0,0,0,0,0,0,0,0,0,0,1
13.0368856,77.5894397,3,Hebbala,161.18223078333332,0,0,0,0,0,1,0,0,0,0,0,0,0,0,0,0,1,0,0,0,0,0,0,0,0,0,0,2
12.9757394,77.62623,3,Halasur,148.65588476666665,0,0,0,0,0,1,0,0,0,0,1,0,0,0,0,0,0,0,0,0,0,0,0,0,0,0,0,2
13.058216,77.4775502,1,No Police Station,163.83325756666667,0,0,0,0,0,1,0,0,0,0,0,0,0,0,1,0,0,0,0,0,0,0,0,0,0,0,0,1
12.995394,77.5505958,3,Vijayanagara,115.28882806666667,0,0,0,0,0,1,0,0,0,0,1,0,0,0,0,0,0,0,0,0,0,0,0,0,0,0,0,1
12.9757009,77.5572382,3,Magadi Road,7.7181082666666665,0,0,0,0,0,1,0,0,1,0,0,0,0,0,0,0,0,0,0,0,0,0,0,0,0,0,0,1
12.9591872,77.7012264,3,HAL Old Airport,98.82358633333334,0,0,0,0,0,1,0,0,1,0,0,0,0,0,0,0,0,0,0,0,0,0,0,0,0,0,0,1
13.0199996,77.7098546,1,K.R. Pura,125.27587265000001,0,0,0,0,0,1,0,0,0,0,0,0,0,1,0,0,0,0,0,0,0,0,0,0,0,0,0,1
13.04244,77.5917,3,Hebbala,12.097447016666667,0,0,0,0,0,1,0,0,0,0,1,0,0,0,0,0,0,0,0,0,0,0,0,0,0,0,0,1
13.0036356,77.6629395,3,Banaswadi,133.96413996666666,0,0,0,0,0,1,0,0,0,0,0,0,0,1,0,0,0,0,0,0,0,0,0,0,0,0,0,1
12.9233673,77.6003486,3,Mico Layout,10.48741705,0,0,0,0,0,1,0,0,0,0,0,1,0,0,0,0,0,0,0,0,0,0,0,0,0,0,0,2
13.051243,77.5079024,1,Chikkabanavara,73.79083653333333,0,0,0,0,0,1,0,0,1,0,0,0,0,0,0,0,0,0,0,0,0,0,0,0,0,0,0,1
12.9163992,77.6343214,3,HSR Layout,40.523691066666665,0,0,0,0,0,1,0,0,1,0,0,0,0,0,0,0,0,0,0,0,0,0,0,0,0,0,0,1
12.9593141,77.6489403,3,Jeevanbheemanagar,123.91539488333333,0,1,0,0,0,0,1,0,0,0,0,0,0,0,0,0,0,0,0,0,0,0,0,0,0,0,0,1
13.0098085,77.5060619,1,Peenya,156.0656817166667,0,1,0,0,0,0,1,0,0,0,0,0,0,0,0,0,0,0,0,0,0,0,0,0,0,0,0,1
13.018385,77.7061817,1,K.R. Pura,177.51043398333334,0,0,0,0,0,1,0,0,0,0,0,1,0,0,0,0,0,0,0,0,0,0,0,0,0,0,0,1
13.0181824,77.7075933,1,K.R. Pura,151.18005041666666,0,0,0,0,0,1,0,0,0,0,0,1,0,0,0,0,0,0,0,0,0,0,0,0,0,0,0,2
12.9597477,77.6487553,3,Jeevanbheemanagar,176.88395676666667,0,1,0,0,0,0,1,0,0,0,0,0,0,0,0,0,0,0,0,0,0,0,0,0,0,0,0,1
12.9559951,77.5460193,3,Byatarayanapura,25.035437483333332,0,0,0,0,0,1,0,0,0,1,0,0,0,0,0,0,0,0,0,0,0,0,0,0,0,0,0,1
13.0212083,77.532755,1,Rajajinagar,179.7991238,0,0,0,0,0,1,0,0,0,1,0,0,0,0,0,0,0,0,0,0,0,0,0,0,0,0,0,1
13.0423317,77.5489533,3,Jalahalli,121.39844635,0,0,0,0,0,1,0,0,0,0,0,1,0,0,0,0,0,0,0,0,0,0,0,0,0,0,0,1
12.9608839,77.5583387,3,Chamarajpet,48.54255426666667,0,0,0,0,0,1,0,0,0,0,0,0,0,1,0,0,0,0,0,0,0,0,0,0,0,0,0,1
12.9837183,77.64181,3,Jeevanbheemanagar,150.33485798333334,0,0,0,0,0,1,0,0,0,0,0,0,1,0,0,0,0,0,0,0,0,0,0,0,0,0,0,1
12.9869252,77.5800472,1,High ground,27.657876616666666,0,0,0,0,0,1,0,0,1,0,0,0,0,0,0,0,0,0,0,0,0,0,0,0,0,0,0,1
12.9762151,77.5990724,3,Cubbon Park,154.67762651666666,0,0,0,0,0,1,0,0,0,0,0,0,0,0,0,1,0,0,0,0,0,0,0,0,0,0,0,1
12.9832903,77.59701,3,Cubbon Park,121.86191351666666,0,0,0,0,0,1,0,0,0,0,0,0,0,0,0,0,1,0,0,0,0,0,0,0,0,0,0,1
13.0299318,77.5364118,3,Yeshwanthpura,148.41387268333335,0,0,0,0,0,1,0,0,0,0,0,0,1,0,0,0,0,0,0,0,0,0,0,0,0,0,0,2
12.9675116,77.5891914,3,Halasuru Gate,129.4062199,0,0,0,0,0,1,0,0,1,0,0,0,0,0,0,0,0,0,0,0,0,0,0,0,0,0,0,1
12.993745,77.5852617,3,High ground,29.79319548333333,0,0,0,0,0,1,0,0,0,0,0,1,0,0,0,0,0,0,0,0,0,0,0,0,0,0,0,1
12.901029,77.4665508,3,Kengeri,126.77326778333332,0,1,0,0,0,0,1,0,0,0,0,0,0,0,0,0,0,0,0,0,0,0,0,0,0,0,0,1
12.9425168,77.5255155,3,Byatarayanapura,124.09441943333333,0,0,0,0,0,1,0,0,0,0,0,0,0,0,0,1,0,0,0,0,0,0,0,0,0,0,0,1
12.8904509,77.5642971,1,K.S. Layout,119.41805864999999,0,0,0,0,0,1,0,0,1,0,0,0,0,0,0,0,0,0,0,0,0,0,0,0,0,0,0,1
13.0454946,77.5071561,3,Chikkabanavara,122.05537616666668,0,0,0,0,0,1,0,0,1,0,0,0,0,0,0,0,0,0,0,0,0,0,0,0,0,0,0,1
13.0157783,77.5729483,1,Sadashivanagar,30.14560906666667,0,0,0,0,0,1,0,0,1,0,0,0,0,0,0,0,0,0,0,0,0,0,0,0,0,0,0,2
12.9336029,77.6113624,3,Adugodi,50.682105416666666,0,0,0,0,0,1,0,0,1,0,0,0,0,0,0,0,0,0,0,0,0,0,0,0,0,0,0,1
13.0673044,77.4496339,1,No Police Station,141.0817484,0,0,0,0,0,1,0,0,0,1,0,0,0,0,0,0,0,0,0,0,0,0,0,0,0,0,0,1
12.9612079,77.5590824,3,Chamarajpet,79.44030501666666,0,0,0,0,0,1,0,0,1,0,0,0,0,0,0,0,0,0,0,0,0,0,0,0,0,0,0,1
13.0447938,77.5825434,3,Kodigehalli,144.69939001666668,0,1,0,0,0,0,1,0,0,0,0,0,0,0,0,0,0,0,0,0,0,0,0,0,0,0,0,1
13.0201267,77.65254,3,Banaswadi,33.73741513333333,0,0,0,0,0,1,0,0,0,0,0,0,0,0,1,0,0,0,0,0,0,0,0,0,0,0,0,1
13.0290396,77.5861366,3,Kodigehalli,174.8583770666667,0,0,0,0,0,1,0,0,0,1,0,0,0,0,0,0,0,0,0,0,0,0,0,0,0,0,0,1
12.9417005,77.7471249,1,Whitefield,71.70723046666667,0,0,0,0,0,1,0,0,0,0,0,0,1,0,0,0,0,0,0,0,0,0,0,0,0,0,0,2
12.9663381,77.5869429,3,Halasuru Gate,41.48662983333334,0,0,0,0,0,1,0,0,0,0,0,0,0,1,0,0,0,0,0,0,0,0,0,0,0,0,0,1
13.0616905,77.4597317,1,No Police Station,120.26938511666667,0,0,0,0,0,1,0,0,0,0,0,1,0,0,0,0,0,0,0,0,0,0,0,0,0,0,0,1
13.014384,77.5837351,3,Sadashivanagar,124.49956771666666,0,1,0,0,0,0,1,0,0,0,0,0,0,0,0,0,0,0,0,0,0,0,0,0,0,0,0,1
12.9155018,77.6245772,3,HSR Layout,148.58087303333332,0,0,0,0,0,1,0,0,0,0,0,0,0,1,0,0,0,0,0,0,0,0,0,0,0,0,0,1
12.9840583,77.5490758,3,Magadi Road,31.80648258333333,0,0,0,0,1,0,1,0,0,0,0,0,0,0,0,0,0,0,0,0,0,0,0,0,0,0,0,1
12.929503,77.6161562,3,Adugodi,158.27618806666666,0,0,0,0,0,1,0,0,1,0,0,0,0,0,0,0,0,0,0,0,0,0,0,0,0,0,0,2
12.8699916,77.6534081,3,Electronic City,47.110916849999995,0,0,0,0,0,1,0,0,0,0,0,0,0,1,0,0,0,0,0,0,0,0,0,0,0,0,0,1
13.0453915,77.507419,3,Chikkabanavara,156.67614248333334,0,0,0,0,0,1,0,0,0,1,0,0,0,0,0,0,0,0,0,0,0,0,0,0,0,0,0,1
13.070237,77.5651338,1,Kodigehalli,360.0,0,0,0,0,1,0,1,0,0,0,0,0,0,0,0,0,0,0,0,0,0,0,0,0,0,0,0,1
12.9745356,77.6110416,3,Cubbon Park,148.53487436666668,0,0,0,0,0,1,0,0,1,0,0,0,0,0,0,0,0,0,0,0,0,0,0,0,0,0,0,1
13.0701444,77.5650602,1,Kodigehalli,360.0,0,0,0,0,1,0,1,0,0,0,0,0,0,0,0,0,0,0,0,0,0,0,0,0,0,0,0,1
13.0454251,77.5071765,3,Chikkabanavara,123.25392546666667,0,0,0,0,0,1,0,0,1,0,0,0,0,0,0,0,0,0,0,0,0,0,0,0,0,0,0,2
13.0701371,77.5650858,1,Kodigehalli,360.0,0,0,0,0,1,0,1,0,0,0,0,0,0,0,0,0,0,0,0,0,0,0,0,0,0,0,0,1
13.0431929,77.5518135,3,Jalahalli,159.88646341666666,0,0,0,0,0,1,0,0,1,0,0,0,0,0,0,0,0,0,0,0,0,0,0,0,0,0,0,2
13.0702135,77.5650728,1,Yelahanka,358.28831121666667,0,0,0,0,1,0,1,0,0,0,0,0,0,0,0,0,0,0,0,0,0,0,0,0,0,0,0,1
13.0082792,77.694241,1,K.R. Pura,95.20728398333334,0,0,0,0,0,1,0,0,0,1,0,0,0,0,0,0,0,0,0,0,0,0,0,0,0,0,0,1
13.1007763,77.5993401,3,Yelahanka,153.96731020000001,0,0,0,0,0,1,0,0,0,0,0,1,0,0,0,0,0,0,0,0,0,0,0,0,0,0,0,1
12.8558596,77.6643521,1,Electronic City,38.20984111666667,0,0,0,0,0,1,0,0,0,1,0,0,0,0,0,0,0,0,0,0,0,0,0,0,0,0,0,1
12.9668588,77.5948388,3,Halasuru Gate,20.381774716666666,0,0,0,0,0,1,0,0,1,0,0,0,0,0,0,0,0,0,0,0,0,0,0,0,0,0,0,1
13.0002709,77.6760265,3,Banaswadi,131.79488368333332,0,0,0,0,0,1,0,0,0,0,0,0,0,0,0,0,1,0,0,0,0,0,0,0,0,0,0,1
12.9350306,77.6918587,3,HAL Old Airport,52.74507428333333,1,0,0,0,0,0,1,0,0,0,0,0,0,0,0,0,0,0,0,0,0,0,0,0,0,0,0,1
13.19304,77.6503512,1,Chikkajala,53.862429883333334,0,0,0,0,0,1,0,0,0,0,0,0,0,0,0,0,1,0,0,0,0,0,0,0,0,0,0,1
12.9661358,77.586864,3,Halasuru Gate,125.35073938333333,0,0,0,0,0,1,0,0,1,0,0,0,0,0,0,0,0,0,0,0,0,0,0,0,0,0,0,2
13.0515281,77.4880298,1,No Police Station,67.20018921666666,1,0,0,0,0,0,1,0,0,0,0,0,0,0,0,0,0,0,0,0,0,0,0,0,0,0,0,3
12.9888806,77.6528231,3,Banaswadi,126.14013921666667,0,0,0,0,0,1,0,0,1,0,0,0,0,0,0,0,0,0,0,0,0,0,0,0,0,0,0,2
13.0399719,77.5181188,3,Peenya,148.73395195,0,0,0,0,0,1,0,0,0,0,0,0,0,0,0,0,1,0,0,0,0,0,0,0,0,0,0,1
12.9568791,77.7010188,3,HAL Old Airport,62.645947,0,0,0,0,0,1,0,0,0,1,0,0,0,0,0,0,0,0,0,0,0,0,0,0,0,0,0,1
12.9217117,77.6607233,3,Bellandur,1.2778825666666667,0,0,0,0,0,1,0,0,0,0,0,0,0,1,0,0,0,0,0,0,0,0,0,0,0,0,0,1
12.9822698,77.5674251,1,Sheshadripuram,58.697027133333336,0,0,0,0,0,1,0,0,0,0,1,0,0,0,0,0,0,0,0,0,0,0,0,0,0,0,0,2
12.957054,77.567463,1,V.V.Puram (C.Pet),75.01906000000001,0,0,0,0,0,1,0,0,1,0,0,0,0,0,0,0,0,0,0,0,0,0,0,0,0,0,0,2
13.0158541,77.6623672,3,Banaswadi,159.9440348166667,0,0,0,0,0,1,0,0,0,0,0,0,0,0,0,0,1,0,0,0,0,0,0,0,0,0,0,1
12.981184,77.5706454,1,Sheshadripuram,141.95205928333334,0,1,0,0,0,0,1,0,0,0,0,0,0,0,0,0,0,0,0,0,0,0,0,0,0,0,0,1
13.0286194,77.6321205,3,Hennuru,150.19849483333334,0,0,0,0,0,1,0,0,0,0,0,1,0,0,0,0,0,0,0,0,0,0,0,0,0,0,0,1
12.9898992,77.5928694,1,High ground,159.53638815000002,0,0,0,0,0,1,0,0,1,0,0,0,0,0,0,0,0,0,0,0,0,0,0,0,0,0,0,1
12.9572664,77.551711,3,Byatarayanapura,137.29151065,0,0,0,0,0,1,0,0,1,0,0,0,0,0,0,0,0,0,0,0,0,0,0,0,0,0,0,2
13.0196389,77.5840125,3,R.T. Nagar,131.24535866666668,0,0,0,0,0,1,0,0,0,0,0,0,1,0,0,0,0,0,0,0,0,0,0,0,0,0,0,2
13.0194507,77.5842804,3,R.T. Nagar,135.92915386666667,0,0,0,0,0,1,0,0,0,0,0,0,1,0,0,0,0,0,0,0,0,0,0,0,0,0,0,2
12.9590793,77.5164124,1,Byatarayanapura,160.95730868333334,0,0,0,0,0,1,0,0,0,1,0,0,0,0,0,0,0,0,0,0,0,0,0,0,0,0,0,1
12.9752244,77.5761558,1,Upparpet,22.188365633333333,0,0,0,0,0,1,0,0,1,0,0,0,0,0,0,0,0,0,0,0,0,0,0,0,0,0,0,2
13.0031325,77.5841819,3,Sadashivanagar,53.13025051666667,0,0,0,0,0,1,0,1,0,0,0,0,0,0,0,0,0,0,0,0,0,0,0,0,0,0,0,1
12.9276259,77.5460056,3,Banashankari,62.22422101666667,0,0,0,0,0,1,0,0,1,0,0,0,0,0,0,0,0,0,0,0,0,0,0,0,0,0,0,1
13.0642417,77.6518426,1,Hennuru,130.28587206666666,0,0,0,0,0,1,0,0,0,1,0,0,0,0,0,0,0,0,0,0,0,0,0,0,0,0,0,1
12.9574207,77.5518605,3,Byatarayanapura,127.0355342,0,0,0,0,0,1,0,0,1,0,0,0,0,0,0,0,0,0,0,0,0,0,0,0,0,0,0,2
13.1037944,77.5985539,3,Yelahanka,125.28908785,0,0,0,0,0,1,0,0,0,0,0,0,0,0,0,0,1,0,0,0,0,0,0,0,0,0,0,1
13.0745972,77.4323408,1,No Police Station,87.10531441666667,1,0,0,0,0,0,1,0,0,0,0,0,0,0,0,0,0,0,0,0,0,0,0,0,0,0,0,1
12.9665363,77.5443086,1,Vijayanagara,1.8313234166666668,1,0,0,0,0,0,1,0,0,0,0,0,0,0,0,0,0,0,0,0,0,0,0,0,0,0,0,1
13.0210592,77.5282216,1,Yeshwanthpura,162.64317466666668,0,0,0,0,0,1,0,0,0,0,0,1,0,0,0,0,0,0,0,0,0,0,0,0,0,0,0,1
13.0244934,77.7174868,1,K.R. Pura,81.64968848333334,0,0,0,0,0,1,0,0,0,0,0,1,0,0,0,0,0,0,0,0,0,0,0,0,0,0,0,1
13.0667583,77.593245,3,Kodigehalli,61.44690753333334,1,0,0,0,0,0,1,0,0,0,0,0,0,0,0,0,0,0,0,0,0,0,0,0,0,0,0,3
13.027915,77.72327,1,K.R. Pura,180.0,0,0,0,0,0,1,0,0,0,1,0,0,0,0,0,0,0,0,0,0,0,0,0,0,0,0,0,1
13.0639486,77.5049766,1,Chikkabanavara,126.20859023333334,0,0,0,0,0,1,0,0,1,0,0,0,0,0,0,0,0,0,0,0,0,0,0,0,0,0,0,2
13.1142212,77.5790245,1,Yelahanka,130.50137936666667,0,0,0,0,0,1,0,0,0,0,0,0,1,0,0,0,0,0,0,0,0,0,0,0,0,0,0,2
12.9247242,77.6735579,3,Bellandur,125.44163741666667,0,0,0,0,0,1,0,0,1,0,0,0,0,0,0,0,0,0,0,0,0,0,0,0,0,0,0,1
12.9592719,77.654759,3,Jeevanbheemanagar,15.971929466666667,0,0,0,0,0,1,0,0,0,0,0,1,0,0,0,0,0,0,0,0,0,0,0,0,0,0,0,2
12.9622744,77.5945028,1,Halasuru Gate,78.58225675,0,0,0,0,0,1,0,0,1,0,0,0,0,0,0,0,0,0,0,0,0,0,0,0,0,0,0,1
12.8957933,77.626025,1,Madiwala,158.31917548333334,0,0,1,0,0,0,1,0,0,0,0,0,0,0,0,0,0,0,0,0,0,0,0,0,0,0,0,1
12.9620955,77.5946002,1,Ashok Nagar,162.6537452833333,0,0,0,0,0,1,0,0,1,0,0,0,0,0,0,0,0,0,0,0,0,0,0,0,0,0,0,1
13.0737695,77.5925142,3,Yelahanka,85.28885584999999,1,0,0,0,0,0,1,0,0,0,0,0,0,0,0,0,0,0,0,0,0,0,0,0,0,0,0,1
12.9907758,77.6565657,3,Banaswadi,139.57689523333332,0,0,0,0,0,1,0,0,1,0,0,0,0,0,0,0,0,0,0,0,0,0,0,0,0,0,0,1
12.9912244,77.6573707,3,Banaswadi,145.54702726666667,0,0,0,0,0,1,0,0,1,0,0,0,0,0,0,0,0,0,0,0,0,0,0,0,0,0,0,1
12.9665467,77.5444417,1,Vijayanagara,102.8735897,1,0,0,0,0,0,1,0,0,0,0,0,0,0,0,0,0,0,0,0,0,0,0,0,0,0,0,1
13.0420517,77.613225,3,K.G. Halli,138.0168926,0,0,0,0,0,1,0,0,0,0,0,0,0,0,1,0,0,0,0,0,0,0,0,0,0,0,0,1
13.0127397,77.6992566,1,K.R. Pura,126.59513731666667,0,0,0,0,0,1,0,0,1,0,0,0,0,0,0,0,0,0,0,0,0,0,0,0,0,0,0,1
13.0736704,77.5926238,3,Yelahanka,71.88913170000001,1,0,0,0,0,0,1,0,0,0,0,0,0,0,0,0,0,0,0,0,0,0,0,0,0,0,0,3
12.9838987,77.5577653,1,Rajajinagar,178.69030015,0,0,0,0,0,1,0,0,0,0,0,0,0,1,0,0,0,0,0,0,0,0,0,0,0,0,0,1
12.9572983,77.5518217,3,Byatarayanapura,175.0018403,0,0,0,0,0,1,0,0,1,0,0,0,0,0,0,0,0,0,0,0,0,0,0,0,0,0,0,1
12.9217369,77.6616125,3,Bellandur,142.9070544,0,0,0,0,0,1,0,0,0,0,0,0,0,1,0,0,0,0,0,0,0,0,0,0,0,0,0,1
13.0617775,77.4597149,1,No Police Station,120.37215191666665,0,0,0,0,0,1,0,0,0,0,0,1,0,0,0,0,0,0,0,0,0,0,0,0,0,0,0,1
13.00279424,77.58406429,3,Sadashivanagar,114.21673276666667,0,0,0,0,0,1,0,0,0,0,0,0,0,1,0,0,0,0,0,0,0,0,0,0,0,0,0,1
12.9563716,77.6949677,3,HAL Old Airport,1.2535275166666666,0,0,0,0,0,1,0,0,1,0,0,0,0,0,0,0,0,0,0,0,0,0,0,0,0,0,0,1
13.016296,77.5617627,3,Yeshwanthpura,143.18632818333333,0,0,0,0,0,1,0,0,1,0,0,0,0,0,0,0,0,0,0,0,0,0,0,0,0,0,0,1
13.1026228,77.6000873,3,Yelahanka,180.0,0,0,0,0,0,1,0,0,0,0,0,0,0,0,1,0,0,0,0,0,0,0,0,0,0,0,0,2
13.00709146,77.58401066,3,Sadashivanagar,49.60811926666667,0,0,0,0,0,1,0,0,0,0,0,0,0,0,0,0,1,0,0,0,0,0,0,0,0,0,0,1
13.0990017,77.5993483,3,Yelahanka,127.43599358333333,0,0,0,0,0,1,0,0,0,0,0,1,0,0,0,0,0,0,0,0,0,0,0,0,0,0,0,1
12.9637229,77.5961612,3,Halasuru Gate,360.0,0,0,0,0,1,0,1,0,0,0,0,0,0,0,0,0,0,0,1,0,0,0,0,0,0,0,0,1
12.9771817,77.5855933,1,Halasuru Gate,138.24079278333332,0,0,0,0,0,1,0,0,0,0,0,0,1,0,0,0,0,0,0,0,0,0,0,0,0,0,0,1
13.1112667,77.6044597,3,Yelahanka,108.04272743333333,1,0,0,0,0,0,1,0,0,0,0,0,0,0,0,0,0,0,0,0,0,0,0,0,0,0,0,1
12.9715888,77.6047187,3,Cubbon Park,129.77358850000002,0,0,0,0,0,1,0,0,0,0,0,0,1,0,0,0,0,0,0,0,0,0,0,0,0,0,0,1
13.0110471,77.6249949,3,Banaswadi,64.3261895,0,0,0,0,0,1,0,0,1,0,0,0,0,0,0,0,0,0,0,0,0,0,0,0,0,0,0,1
12.8860621,77.641471,3,Hulimavu,79.27560286666667,0,0,0,0,0,1,0,0,0,0,0,1,0,0,0,0,0,0,0,0,0,0,0,0,0,0,0,2
12.9342472,77.6101148,3,Madiwala,96.84268413333332,0,0,0,0,0,1,0,0,0,0,0,0,0,1,0,0,0,0,0,0,0,0,0,0,0,0,0,1
13.0111748,77.6251059,3,Banaswadi,50.732535999999996,0,0,0,0,0,1,0,0,1,0,0,0,0,0,0,0,0,0,0,0,0,0,0,0,0,0,0,1
12.984097,77.5984799,3,Shivajinagar,141.20368118333332,0,0,0,0,0,1,0,0,1,0,0,0,0,0,0,0,0,0,0,0,0,0,0,0,0,0,0,1
12.8938667,77.5990863,3,Mico Layout,143.47060695,0,0,0,0,0,1,0,0,0,0,0,1,0,0,0,0,0,0,0,0,0,0,0,0,0,0,0,1
13.0217922,77.6032642,1,R.T. Nagar,120.0,0,0,0,1,0,0,1,0,0,0,0,0,0,0,0,0,0,0,0,0,0,0,0,0,0,0,0,1
13.0218192,77.6032802,1,R.T. Nagar,61.093719283333336,0,0,0,1,0,0,1,0,0,0,0,0,0,0,0,0,0,0,0,0,0,0,0,0,0,0,0,1
13.0217897,77.6032151,1,R.T. Nagar,54.7411292,0,0,0,1,0,0,1,0,0,0,0,0,0,0,0,0,0,0,0,0,0,0,0,0,0,0,0,1
12.9856717,77.4788353,1,Kamakshipalya,152.98295256666668,0,0,0,0,0,1,0,0,0,0,0,0,0,1,0,0,0,0,0,0,0,0,0,0,0,0,0,2
12.9890204,77.5078025,3,Kamakshipalya,17.01463426666667,0,0,0,0,0,1,0,0,0,0,0,0,1,0,0,0,0,0,0,0,0,0,0,0,0,0,0,1
12.9658127,77.5871842,3,Halasuru Gate,167.8298033,0,0,0,0,0,1,0,0,0,1,0,0,0,0,0,0,0,0,0,0,0,0,0,0,0,0,0,1
13.0695093,77.4468501,1,No Police Station,146.70160488333335,0,0,0,0,0,1,0,0,0,0,0,1,0,0,0,0,0,0,0,0,0,0,0,0,0,0,0,1
13.0695249,77.4468401,1,No Police Station,140.66080448333332,0,0,0,0,0,1,0,0,0,0,0,1,0,0,0,0,0,0,0,0,0,0,0,0,0,0,0,2
13.0471916,77.5014881,1,Peenya,10.597155033333333,0,0,0,0,0,1,0,0,0,0,0,1,0,0,0,0,0,0,0,0,0,0,0,0,0,0,0,2
12.9225125,77.6584871,3,Bellandur,165.11526933333334,0,0,0,0,0,1,0,0,1,0,0,0,0,0,0,0,0,0,0,0,0,0,0,0,0,0,0,1
12.9008111,77.6326819,3,HSR Layout,142.10721098333335,0,0,0,0,0,1,0,0,0,0,0,0,0,0,1,0,0,0,0,0,0,0,0,0,0,0,0,2
12.95713835,77.56971817,1,V.V.Puram (C.Pet),39.4856103,0,0,0,0,0,1,0,0,1,0,0,0,0,0,0,0,0,0,0,0,0,0,0,0,0,0,0,1
13.0409351,77.5452828,3,Jalahalli,141.6819007,0,0,0,0,0,1,0,0,0,0,0,0,0,0,0,0,1,0,0,0,0,0,0,0,0,0,0,1
13.045425,77.5054829,3,Peenya,16.270418616666667,0,0,0,0,0,1,0,0,0,1,0,0,0,0,0,0,0,0,0,0,0,0,0,0,0,0,0,1
12.9790645,77.5156233,1,Jnanabharathi,138.70672721666668,0,0,0,0,0,1,0,0,1,0,0,0,0,0,0,0,0,0,0,0,0,0,0,0,0,0,0,1
12.9663999,77.5870528,3,Halasuru Gate,32.826353266666665,1,0,0,0,0,0,1,0,0,0,0,0,0,0,0,0,0,0,0,0,0,0,0,0,0,0,0,1
12.9297637,77.6849837,3,HAL Old Airport,127.59675296666666,0,0,0,0,0,1,0,0,1,0,0,0,0,0,0,0,0,0,0,0,0,0,0,0,0,0,0,1
13.0433586,77.5526632,3,Jalahalli,164.59601593333335,0,0,0,0,0,1,0,0,0,0,0,1,0,0,0,0,0,0,0,0,0,0,0,0,0,0,0,1
13.0927495,77.5949482,3,Yelahanka,130.66857405000002,0,0,0,0,0,1,0,0,0,0,0,0,1,0,0,0,0,0,0,0,0,0,0,0,0,0,0,2
13.0440033,77.5544317,3,Jalahalli,172.45109443333334,0,0,0,0,0,1,0,0,0,0,0,1,0,0,0,0,0,0,0,0,0,0,0,0,0,0,0,1
12.8986496,77.5722412,1,K.S. Layout,154.04623433333333,0,0,1,0,0,0,1,0,0,0,0,0,0,0,0,0,0,0,0,0,0,0,0,0,0,0,0,1
12.9108259,77.4801374,3,Kengeri,159.75367388333333,0,1,0,0,0,0,1,0,0,0,0,0,0,0,0,0,0,0,0,0,0,0,0,0,0,0,0,1
12.96987627,77.74992898,1,Whitefield,159.4444634333333,0,0,0,0,0,1,0,0,0,0,0,0,0,1,0,0,0,0,0,0,0,0,0,0,0,0,0,1
12.8980183,77.626445,1,Madiwala,36.537950349999996,0,0,1,0,0,0,1,0,0,0,0,0,0,0,0,0,0,0,0,0,0,0,0,0,0,0,0,1
12.97575707,77.5582645,3,Magadi Road,120.46719363333334,0,0,0,0,0,1,0,0,1,0,0,0,0,0,0,0,0,0,0,0,0,0,0,0,0,0,0,1
12.9475025,77.602416,1,Adugodi,179.80524706666665,0,0,0,0,0,1,0,0,0,0,0,0,1,0,0,0,0,0,0,0,0,0,0,0,0,0,0,1
12.8225916,77.6855841,1,Electronic City,170.75735475000002,0,0,0,0,0,1,0,0,0,1,0,0,0,0,0,0,0,0,0,0,0,0,0,0,0,0,0,3
12.8897429,77.5634232,1,K.S. Layout,29.108712066666666,0,0,1,0,0,0,1,0,0,0,0,0,0,0,0,0,0,0,0,0,0,0,0,0,0,0,0,1
13.0663282,77.6406836,1,Hennuru,92.15842395,0,0,0,0,0,1,0,0,1,0,0,0,0,0,0,0,0,0,0,0,0,0,0,0,0,0,0,1
13.1216885,77.6111996,3,Yelahanka,160.25353588333334,0,0,0,0,0,1,0,0,0,0,0,1,0,0,0,0,0,0,0,0,0,0,0,0,0,0,0,1
12.8946628,77.6093254,1,Mico Layout,137.44360948333332,0,0,0,0,0,1,0,0,0,0,0,1,0,0,0,0,0,0,0,0,0,0,0,0,0,0,0,3
13.0575059,77.4707456,1,No Police Station,159.3976238666667,0,0,0,0,0,1,0,0,1,0,0,0,0,0,0,0,0,0,0,0,0,0,0,0,0,0,0,1
12.8739465,77.5407618,1,Thalagattapura,180.0,0,0,0,0,0,1,0,0,0,1,0,0,0,0,0,0,0,0,0,0,0,0,0,0,0,0,0,1
12.8960631,77.7211622,1,Whitefield,157.75384711666666,0,0,0,0,0,1,0,0,1,0,0,0,0,0,0,0,0,0,0,0,0,0,0,0,0,0,0,2
13.0026038,77.5839949,3,Sadashivanagar,12.875058366666668,0,0,0,0,0,1,0,0,0,0,0,0,0,0,1,0,0,0,0,0,0,0,0,0,0,0,0,1
12.9752902,77.575733,1,Upparpet,146.13117271666667,0,0,0,0,0,1,0,0,1,0,0,0,0,0,0,0,0,0,0,0,0,0,0,0,0,0,0,1
12.9384057,77.697696,3,HAL Old Airport,6.304003066666667,0,0,0,0,0,1,0,0,0,1,0,0,0,0,0,0,0,0,0,0,0,0,0,0,0,0,0,1
12.9638761,77.5847288,3,Halasuru Gate,180.0,0,0,0,0,0,1,0,0,1,0,0,0,0,0,0,0,0,0,0,0,0,0,0,0,0,0,0,1
13.0101996,77.5707094,1,Sadashivanagar,360.0,0,0,0,0,1,0,1,0,0,0,0,0,0,0,0,0,0,0,0,0,0,0,0,0,0,0,0,1
13.0257965,77.5209725,1,Peenya,174.2864645,0,0,0,0,0,1,0,0,1,0,0,0,0,0,0,0,0,0,0,0,0,0,0,0,0,0,0,1
12.9832891,77.5953313,3,Cubbon Park,83.6431582,0,0,0,0,0,1,0,0,0,1,0,0,0,0,0,0,0,0,0,0,0,0,0,0,0,0,0,1
12.9365505,77.5123592,3,Jnanabharathi,54.19506535,0,0,0,0,0,1,0,0,1,0,0,0,0,0,0,0,0,0,0,0,0,0,0,0,0,0,0,1
13.0154496,77.6619706,3,Banaswadi,130.78056213333332,0,0,0,0,0,1,0,0,0,0,0,1,0,0,0,0,0,0,0,0,0,0,0,0,0,0,0,1
13.0198211,77.7095427,1,K.R. Pura,21.735800349999998,0,0,0,0,0,1,0,0,0,1,0,0,0,0,0,0,0,0,0,0,0,0,0,0,0,0,0,2
13.0198231,77.709122,1,K.R. Pura,27.90641395,0,0,0,0,0,1,0,0,0,0,0,1,0,0,0,0,0,0,0,0,0,0,0,0,0,0,0,1
13.0258547,77.5208989,1,Peenya,166.1471426,0,0,0,0,0,1,0,0,1,0,0,0,0,0,0,0,0,0,0,0,0,0,0,0,0,0,0,1
12.9937886,77.5849123,3,High ground,26.02119336666667,0,0,0,0,0,1,0,0,1,0,0,0,0,0,0,0,0,0,0,0,0,0,0,0,0,0,0,1
12.938533,77.7469192,1,Whitefield,121.80896639999999,0,1,0,0,0,0,1,0,0,0,0,0,0,0,0,0,0,0,0,0,0,0,0,0,0,0,0,1
12.9877654,77.6502818,3,Banaswadi,132.67821625,0,0,0,0,0,1,0,0,1,0,0,0,0,0,0,0,0,0,0,0,0,0,0,0,0,0,0,2
12.9801083,77.5708729,1,Chamarajpet,2.318516516666667,0,0,0,0,0,1,0,0,1,0,0,0,0,0,0,0,0,0,0,0,0,0,0,0,0,0,0,1
12.9801735,77.5929881,3,Cubbon Park,25.868294600000002,0,0,0,0,0,1,0,0,1,0,0,0,0,0,0,0,0,0,0,0,0,0,0,0,0,0,0,1
12.9246448,77.6002065,3,Jayanagara,172.71559873333334,0,0,0,0,0,1,0,0,1,0,0,0,0,0,0,0,0,0,0,0,0,0,0,0,0,0,0,1
12.9738198,77.5958435,3,Cubbon Park,159.07353546666667,0,0,0,0,0,1,0,0,0,0,0,0,0,1,0,0,0,0,0,0,0,0,0,0,0,0,0,2
12.9754964,77.5871962,1,Halasuru Gate,143.60936658333333,0,0,0,0,0,1,0,0,0,0,1,0,0,0,0,0,0,0,0,0,0,0,0,0,0,0,0,1
12.9662945,77.7139861,1,HAL Old Airport,73.25848945,1,0,0,0,0,0,1,0,0,0,0,0,0,0,0,0,0,0,0,0,0,0,0,0,0,0,0,1
13.0414102,77.5470988,3,Jalahalli,70.6369603,0,0,0,0,0,1,0,0,0,1,0,0,0,0,0,0,0,0,0,0,0,0,0,0,0,0,0,1
12.9804886,77.5708977,1,Chamarajpet,19.236815733333334,0,0,0,0,0,1,0,0,0,0,0,0,0,1,0,0,0,0,0,0,0,0,0,0,0,0,0,1
12.9478647,77.5344773,3,Byatarayanapura,149.94646101666666,0,0,0,0,0,1,0,0,0,1,0,0,0,0,0,0,0,0,0,0,0,0,0,0,0,0,0,2
13.0411557,77.6225932,3,Hennuru,81.69610738333334,0,1,0,0,0,0,1,0,0,0,0,0,0,0,0,0,0,0,0,0,0,0,0,0,0,0,0,1
13.039201,77.5203316,3,Peenya,77.64849921666668,0,0,0,0,0,1,0,0,0,1,0,0,0,0,0,0,0,0,0,0,0,0,0,0,0,0,0,1
13.0960163,77.5976603,3,Yelahanka,120.01305813333333,0,0,0,0,0,1,0,0,0,1,0,0,0,0,0,0,0,0,0,0,0,0,0,0,0,0,0,1
13.0321689,77.5407188,3,Yeshwanthpura,154.91013626666665,0,0,0,0,0,1,0,0,0,1,0,0,0,0,0,0,0,0,0,0,0,0,0,0,0,0,0,1
13.1068426,77.6006299,3,Yelahanka,130.00631513333332,0,0,0,0,0,1,0,0,0,0,0,0,0,0,1,0,0,0,0,0,0,0,0,0,0,0,0,1
13.0329252,77.5887408,3,Hebbala,100.14813695,1,0,0,0,0,0,1,0,0,0,0,0,0,0,0,0,0,0,0,0,0,0,0,0,0,0,0,1
13.0409707,77.5176233,3,Chikkabanavara,169.93644488333334,0,0,0,0,0,1,0,0,0,0,0,0,0,0,0,0,1,0,0,0,0,0,0,0,0,0,0,1
13.0407417,77.51721,3,Peenya,162.96546043333333,0,0,0,0,0,1,0,0,0,0,0,0,0,0,0,0,1,0,0,0,0,0,0,0,0,0,0,1
12.9963614,77.6682457,3,Banaswadi,43.703668050000005,0,0,0,0,0,1,0,0,0,0,0,0,0,1,0,0,0,0,0,0,0,0,0,0,0,0,0,1
13.0081647,77.6955524,1,K.R. Pura,18.12563553333333,0,0,0,0,0,1,0,0,1,0,0,0,0,0,0,0,0,0,0,0,0,0,0,0,0,0,0,1
12.9568439,77.6751699,3,HAL Old Airport,69.32541208333333,0,0,0,0,0,1,0,0,1,0,0,0,0,0,0,0,0,0,0,0,0,0,0,0,0,0,0,1
12.9567235,77.5475467,3,Byatarayanapura,107.36787663333332,0,0,0,0,0,1,0,0,0,0,0,0,1,0,0,0,0,0,0,0,0,0,0,0,0,0,0,1
12.915425,77.5690071,1,Banashankari,139.56431708333332,0,0,0,0,0,1,0,0,1,0,0,0,0,0,0,0,0,0,0,0,0,0,0,0,0,0,0,1
13.0176013,77.5596392,3,Yeshwanthpura,141.42639348333333,0,0,0,0,0,1,0,0,0,0,0,1,0,0,0,0,0,0,0,0,0,0,0,0,0,0,0,1
12.9829274,77.5307675,3,Kamakshipalya,138.19602068333333,0,0,0,0,0,1,0,0,0,0,0,0,1,0,0,0,0,0,0,0,0,0,0,0,0,0,0,1
13.1084671,77.6036885,3,Yelahanka,157.23345906666665,0,0,0,0,0,1,0,0,0,0,0,0,0,0,1,0,0,0,0,0,0,0,0,0,0,0,0,2
12.896613,77.7201193,1,Whitefield,121.3896996,0,0,0,0,0,1,0,0,0,1,0,0,0,0,0,0,0,0,0,0,0,0,0,0,0,0,0,1
12.986833,77.4765844,1,Kamakshipalya,134.17346145,0,0,0,0,0,1,0,0,0,0,1,0,0,0,0,0,0,0,0,0,0,0,0,0,0,0,0,1
12.9063667,77.6279581,3,Madiwala,127.29023056666666,0,0,0,0,0,1,0,0,0,0,0,0,1,0,0,0,0,0,0,0,0,0,0,0,0,0,0,1
12.9382222,77.7467327,1,Whitefield,125.09635351666667,0,0,0,0,0,1,0,0,0,0,0,1,0,0,0,0,0,0,0,0,0,0,0,0,0,0,0,1
13.0146307,77.571627,1,Sadashivanagar,135.69395681666666,0,0,0,0,0,1,0,0,0,0,0,0,1,0,0,0,0,0,0,0,0,0,0,0,0,0,0,2
12.91212756,77.62604412,3,HSR Layout,147.09736148333334,0,0,0,0,0,1,0,0,0,0,0,0,0,0,0,0,1,0,0,0,0,0,0,0,0,0,0,1
13.0005948,77.6200809,1,Pulikeshinagar(F.Town),99.77792416666666,0,0,0,0,0,1,0,0,0,1,0,0,0,0,0,0,0,0,0,0,0,0,0,0,0,0,0,1
13.047157,77.5690683,3,Kodigehalli,166.39231765000002,0,0,0,0,0,1,0,0,0,0,0,1,0,0,0,0,0,0,0,0,0,0,0,0,0,0,0,2
13.0188765,77.584007,3,R.T. Nagar,3.2378841833333336,0,0,0,0,1,0,1,0,0,0,0,0,0,0,0,0,0,0,0,0,0,0,0,0,0,0,0,1
12.9877748,77.7339867,1,Mahadevapura,175.734627,0,0,0,0,0,1,0,0,1,0,0,0,0,0,0,0,0,0,0,0,0,0,0,0,0,0,0,1
12.9824076,77.5950258,3,Cubbon Park,173.2455547666667,0,0,0,0,0,1,0,0,0,0,0,0,1,0,0,0,0,0,0,0,0,0,0,0,0,0,0,1
12.9433456,77.6976304,3,HAL Old Airport,146.52093861666665,0,0,0,0,0,1,0,0,1,0,0,0,0,0,0,0,0,0,0,0,0,0,0,0,0,0,0,2
12.942454,77.622838,1,Adugodi,71.35226383333334,0,0,0,0,0,1,0,1,0,0,0,0,0,0,0,0,0,0,0,0,0,0,0,0,0,0,0,1
13.0565039,77.5943245,3,Hebbala,60.9291782,0,0,0,0,0,1,0,0,1,0,0,0,0,0,0,0,0,0,0,0,0,0,0,0,0,0,0,2
12.9170307,77.5858757,1,Jayanagara,13.084814833333333,0,0,0,0,0,1,0,0,0,1,0,0,0,0,0,0,0,0,0,0,0,0,0,0,0,0,0,1
12.9502206,77.5372872,3,Byatarayanapura,134.45120595,0,0,0,0,0,1,0,0,0,1,0,0,0,0,0,0,0,0,0,0,0,0,0,0,0,0,0,2
13.0652888,77.5949258,3,Hebbala,2.43262325,0,0,0,0,1,0,1,0,0,0,0,0,0,0,0,0,0,0,0,0,0,0,0,0,0,0,0,1
12.9762648,77.5986619,3,Cubbon Park,128.14115995,0,0,0,0,0,1,0,0,1,0,0,0,0,0,0,0,0,0,0,0,0,0,0,0,0,0,0,1
12.9213343,77.6202852,3,Madiwala,143.87011038333333,0,0,1,0,0,0,1,0,0,0,0,0,0,0,0,0,0,0,0,0,0,0,0,0,0,0,0,1
12.9832297,77.5304318,3,Kamakshipalya,151.87655228333333,0,0,0,0,0,1,0,0,1,0,0,0,0,0,0,0,0,0,0,0,0,0,0,0,0,0,0,1
13.0192181,77.5844982,3,R.T. Nagar,5.319179283333333,0,0,0,0,1,0,1,0,0,0,0,0,0,0,0,0,0,0,0,0,0,0,0,0,0,0,0,1
13.0407726,77.5172982,3,Peenya,144.54204118333334,0,0,0,0,0,1,0,0,0,1,0,0,0,0,0,0,0,0,0,0,0,0,0,0,0,0,0,1
12.8905851,77.598181,3,Mico Layout,10.573012383333333,0,0,0,0,0,1,0,0,0,0,0,0,1,0,0,0,0,0,0,0,0,0,0,0,0,0,0,1
12.945254,77.7471444,1,Whitefield,176.22493225000002,0,0,0,0,0,1,0,0,0,0,0,0,0,0,1,0,0,0,0,0,0,0,0,0,0,0,0,1
12.9874677,77.7368137,1,Whitefield,171.68246485,0,0,0,0,0,1,0,0,1,0,0,0,0,0,0,0,0,0,0,0,0,0,0,0,0,0,0,1
13.0418851,77.5937286,3,Hebbala,42.808710616666666,0,0,0,0,0,1,0,0,0,1,0,0,0,0,0,0,0,0,0,0,0,0,0,0,0,0,0,2
13.0199453,77.5526338,3,Yeshwanthpura,29.313113633333334,0,0,0,0,0,1,0,0,0,0,0,1,0,0,0,0,0,0,0,0,0,0,0,0,0,0,0,1
13.0539229,77.5309493,1,Jalahalli,28.7572406,0,0,0,0,0,1,0,0,0,0,0,0,0,1,0,0,0,0,0,0,0,0,0,0,0,0,0,1
13.1841605,77.5665142,1,Yelahanka,83.15464336666668,0,0,0,0,0,1,0,0,1,0,0,0,0,0,0,0,0,0,0,0,0,0,0,0,0,0,0,2
12.989485,77.6531267,3,Banaswadi,163.09393586666664,0,0,0,0,0,1,0,0,0,1,0,0,0,0,0,0,0,0,0,0,0,0,0,0,0,0,0,1
12.966567,77.5879531,3,Halasuru Gate,157.17940493333333,0,0,0,0,0,1,0,0,1,0,0,0,0,0,0,0,0,0,0,0,0,0,0,0,0,0,0,1
12.9358133,77.5141914,3,Byatarayanapura,163.78050091666668,0,0,0,0,0,1,0,0,1,0,0,0,0,0,0,0,0,0,0,0,0,0,0,0,0,0,0,1
12.9220685,77.6452956,3,HSR Layout,27.226681883333335,0,0,0,0,0,1,0,0,0,1,0,0,0,0,0,0,0,0,0,0,0,0,0,0,0,0,0,1
12.9865387,77.6480642,3,Jeevanbheemanagar,128.77064555,0,0,0,0,0,1,0,0,0,0,0,0,0,0,0,0,1,0,0,0,0,0,0,0,0,0,0,1
12.9871483,77.6489576,3,Banaswadi,133.99179475,0,0,0,0,0,1,0,0,0,0,0,0,0,0,0,0,1,0,0,0,0,0,0,0,0,0,0,1
12.9896694,77.6533902,3,Banaswadi,165.98254469999998,0,0,0,0,0,1,0,0,0,0,0,0,1,0,0,0,0,0,0,0,0,0,0,0,0,0,0,1
12.92213,77.6687167,3,Bellandur,148.45406741666665,0,0,0,0,0,1,0,0,0,0,0,0,0,0,1,0,0,0,0,0,0,0,0,0,0,0,0,2
12.9358519,77.5140606,3,Byatarayanapura,179.18649109999998,0,0,0,0,0,1,0,0,1,0,0,0,0,0,0,0,0,0,0,0,0,0,0,0,0,0,0,1
13.0413026,77.5169471,3,Chikkabanavara,179.66782331666667,0,0,0,0,0,1,0,0,0,0,0,1,0,0,0,0,0,0,0,0,0,0,0,0,0,0,0,1
13.0325034,77.5876439,3,Kodigehalli,154.92692756666665,0,0,0,0,0,1,0,0,0,0,0,0,0,0,1,0,0,0,0,0,0,0,0,0,0,0,0,2
12.9888459,77.5084844,3,Kamakshipalya,33.101952716666666,0,0,0,0,0,1,0,0,0,0,0,0,0,1,0,0,0,0,0,0,0,0,0,0,0,0,0,1
13.0436361,77.6023637,3,Hebbala,64.03269065,0,0,0,0,0,1,0,0,0,0,0,1,0,0,0,0,0,0,0,0,0,0,0,0,0,0,0,1
12.923815,77.6534717,3,Bellandur,132.37441118333334,0,0,0,0,0,1,0,0,0,0,0,0,0,1,0,0,0,0,0,0,0,0,0,0,0,0,0,1
13.0414817,77.6247967,3,Hennuru,167.15465033333334,0,0,0,0,0,1,0,0,0,0,0,1,0,0,0,0,0,0,0,0,0,0,0,0,0,0,0,1
12.9529107,77.5414651,3,Byatarayanapura,21.942543016666665,0,0,0,0,0,1,0,0,0,0,0,0,0,0,1,0,0,0,0,0,0,0,0,0,0,0,0,1
13.084527,77.5502631,1,Sheshadripuram,24.017036116666667,0,0,0,0,0,1,0,0,1,0,0,0,0,0,0,0,0,0,0,0,0,0,0,0,0,0,0,1
12.9523244,77.5412771,3,Byatarayanapura,9.573394949999999,0,0,0,0,0,1,0,0,0,0,0,0,0,0,1,0,0,0,0,0,0,0,0,0,0,0,0,1
13.0281789,77.7242348,1,K.R. Pura,105.65676060000001,1,0,0,0,0,0,1,0,0,0,0,0,0,0,0,0,0,0,0,0,0,0,0,0,0,0,0,3
13.0414031,77.6222596,3,Hennuru,70.369317,0,1,0,0,0,0,1,0,0,0,0,0,0,0,0,0,0,0,0,0,0,0,0,0,0,0,0,1
13.0444526,77.5830193,3,Kodigehalli,173.19453563333335,0,1,0,0,0,0,1,0,0,0,0,0,0,0,0,0,0,0,0,0,0,0,0,0,0,0,0,1
12.9171408,77.5871072,1,Jayanagara,14.661646350000002,0,0,0,0,0,1,0,0,0,1,0,0,0,0,0,0,0,0,0,0,0,0,0,0,0,0,0,1
13.0752051,77.4368448,1,No Police Station,135.17570483333333,0,0,0,0,0,1,0,0,0,0,0,1,0,0,0,0,0,0,0,0,0,0,0,0,0,0,0,2
13.018395,77.5840399,3,R.T. Nagar,8.9954103,0,0,0,0,1,0,1,0,0,0,0,0,0,0,0,0,0,0,0,0,0,0,0,0,0,0,0,1
13.0184029,77.5840124,3,Sadashivanagar,20.392180399999997,0,0,0,0,1,0,1,0,0,0,0,0,0,0,0,0,0,0,0,0,0,0,0,0,0,0,0,1
13.0435974,77.5841884,3,Kodigehalli,149.77628365,0,1,0,0,0,0,1,0,0,0,0,0,0,0,0,0,0,0,0,0,0,0,0,0,0,0,0,1
13.0367756,77.6273006,3,K.G. Halli,115.06617838333334,1,0,0,0,0,0,1,0,0,0,0,0,0,0,0,0,0,0,0,0,0,0,0,0,0,0,0,1
12.9630288,77.5956645,3,Halasuru Gate,35.98495698333333,0,0,0,0,0,1,0,0,1,0,0,0,0,0,0,0,0,0,0,0,0,0,0,0,0,0,0,1
13.0301289,77.6308545,3,K.G. Halli,64.49834003333333,0,0,0,0,0,1,0,0,0,0,0,0,0,0,1,0,0,0,0,0,0,0,0,0,0,0,0,1
12.9563017,77.7086109,3,HAL Old Airport,166.66679155,0,0,0,0,0,1,0,0,0,0,0,1,0,0,0,0,0,0,0,0,0,0,0,0,0,0,0,1
13.1572853,77.6236222,3,Chikkajala,180.0,0,0,0,0,0,1,0,0,0,1,0,0,0,0,0,0,0,0,0,0,0,0,0,0,0,0,0,1
13.0058036,77.6859915,1,K.R. Pura,134.56034203333334,0,0,0,0,0,1,0,0,1,0,0,0,0,0,0,0,0,0,0,0,0,0,0,0,0,0,0,2
12.9362539,77.5179081,3,Byatarayanapura,158.91012866666668,0,0,0,0,0,1,0,0,0,0,0,1,0,0,0,0,0,0,0,0,0,0,0,0,0,0,0,1
12.8965845,77.6261058,1,Madiwala,84.93478638333333,0,0,1,0,0,0,1,0,0,0,0,0,0,0,0,0,0,0,0,0,0,0,0,0,0,0,0,1
12.9839208,77.639809,3,Jeevanbheemanagar,171.82727236666668,0,0,0,0,0,1,0,0,0,1,0,0,0,0,0,0,0,0,0,0,0,0,0,0,0,0,0,1
13.0695256,77.5923839,3,Kodigehalli,156.48854665,0,0,0,0,0,1,0,0,1,0,0,0,0,0,0,0,0,0,0,0,0,0,0,0,0,0,0,2
12.9201367,77.6653608,3,Bellandur,32.482557983333336,0,0,0,0,0,1,0,0,0,1,0,0,0,0,0,0,0,0,0,0,0,0,0,0,0,0,0,1
12.9531384,77.5383858,3,Byatarayanapura,160.54105303333333,0,0,0,0,0,1,0,0,0,0,0,0,0,1,0,0,0,0,0,0,0,0,0,0,0,0,0,1
13.0198509,77.7095301,1,K.R. Pura,68.54527198333334,0,0,0,0,0,1,0,0,0,0,0,0,1,0,0,0,0,0,0,0,0,0,0,0,0,0,0,2
13.0082795,77.6935045,1,K.R. Pura,131.67328605,0,0,0,0,0,1,0,0,0,0,0,0,0,1,0,0,0,0,0,0,0,0,0,0,0,0,0,1
13.1764266,77.6358722,3,Chikkajala,141.574881,0,0,0,0,0,1,0,0,0,1,0,0,0,0,0,0,0,0,0,0,0,0,0,0,0,0,0,1
12.9342667,77.6897417,3,HAL Old Airport,122.60212071666666,0,0,0,0,0,1,0,0,0,1,0,0,0,0,0,0,0,0,0,0,0,0,0,0,0,0,0,1
12.9842912,77.6415911,3,Jeevanbheemanagar,134.9035206,0,0,0,0,0,1,0,0,1,0,0,0,0,0,0,0,0,0,0,0,0,0,0,0,0,0,0,1
13.0411978,77.617024,3,Hennuru,178.30087143333333,0,1,0,0,0,0,1,0,0,0,0,0,0,0,0,0,0,0,0,0,0,0,0,0,0,0,0,1
12.9928517,77.583582,3,High ground,142.91825756666668,0,0,0,0,0,1,0,0,1,0,0,0,0,0,0,0,0,0,0,0,0,0,0,0,0,0,0,1
12.9478027,77.5343524,3,Byatarayanapura,170.55501155,0,0,0,0,0,1,0,0,0,0,0,0,0,1,0,0,0,0,0,0,0,0,0,0,0,0,0,1
13.0195099,77.7089706,1,K.R. Pura,87.93818821666667,0,0,0,0,0,1,0,0,1,0,0,0,0,0,0,0,0,0,0,0,0,0,0,0,0,0,0,1
13.0483877,77.4984798,1,Chikkabanavara,162.50336613333332,0,0,0,0,0,1,0,0,0,0,0,0,0,0,0,1,0,0,0,0,0,0,0,0,0,0,0,2
13.021234,77.5278163,1,Yeshwanthpura,140.80287993333334,0,0,0,0,0,1,0,0,0,0,0,0,0,0,0,0,1,0,0,0,0,0,0,0,0,0,0,1
12.8212964,77.6866427,1,Electronic City,169.89685436666664,0,0,0,0,0,1,0,0,0,1,0,0,0,0,0,0,0,0,0,0,0,0,0,0,0,0,0,2
13.0729325,77.5929248,3,Yelahanka,137.42177654999998,0,0,0,0,0,1,0,0,0,1,0,0,0,0,0,0,0,0,0,0,0,0,0,0,0,0,0,2
13.0996569,77.5888485,1,Yelahanka,60.76119708333333,0,0,0,0,0,1,0,0,0,1,0,0,0,0,0,0,0,0,0,0,0,0,0,0,0,0,0,1
13.0414252,77.6225987,3,Hennuru,239.64730735,0,1,0,0,0,0,1,0,0,0,0,0,0,0,0,0,0,0,0,0,0,0,0,0,0,0,0,1
13.0211653,77.528019,1,Yeshwanthpura,149.11694541666665,0,0,0,0,0,1,0,0,0,0,0,0,0,0,0,0,1,0,0,0,0,0,0,0,0,0,0,1
12.9630808,77.5850315,3,Halasuru Gate,33.748134783333334,0,0,0,0,0,1,0,0,1,0,0,0,0,0,0,0,0,0,0,0,0,0,0,0,0,0,0,1
13.041632,77.5472239,3,Jalahalli,143.61473213333332,0,0,0,0,0,1,0,0,0,1,0,0,0,0,0,0,0,0,0,0,0,0,0,0,0,0,0,1
12.9240053,77.6726147,3,Bellandur,3.437997633333333,0,0,0,0,0,1,0,0,1,0,0,0,0,0,0,0,0,0,0,0,0,0,0,0,0,0,0,1
12.9026862,77.6274406,1,Madiwala,162.28430811666667,0,0,0,0,0,1,0,0,1,0,0,0,0,0,0,0,0,0,0,0,0,0,0,0,0,0,0,2
12.97929,77.570825,1,Chamarajpet,158.43325675,0,0,0,0,0,1,0,0,0,0,0,0,0,1,0,0,0,0,0,0,0,0,0,0,0,0,0,1
13.0420868,77.5150301,3,Peenya,114.61164653333334,0,0,0,0,0,1,0,0,1,0,0,0,0,0,0,0,0,0,0,0,0,0,0,0,0,0,0,1
12.9999665,77.6109313,1,Pulikeshinagar(F.Town),125.27330448333333,0,0,0,0,0,1,0,0,1,0,0,0,0,0,0,0,0,0,0,0,0,0,0,0,0,0,0,2
12.9516408,77.6996385,3,HAL Old Airport,180.0,0,0,0,0,0,1,0,0,0,0,0,0,0,1,0,0,0,0,0,0,0,0,0,0,0,0,0,1
13.0709533,77.5927297,3,Kodigehalli,128.01463083333334,0,0,0,0,0,1,0,0,0,0,0,0,0,0,0,1,0,0,0,0,0,0,0,0,0,0,0,1
12.9665042,77.6075367,3,Ashok Nagar,95.59043028333333,0,0,0,0,0,1,0,0,0,0,0,1,0,0,0,0,0,0,0,0,0,0,0,0,0,0,0,1
12.906819,77.6288036,3,Madiwala,11.97852685,0,0,0,0,0,1,0,0,1,0,0,0,0,0,0,0,0,0,0,0,0,0,0,0,0,0,0,2
12.9900274,77.5051489,3,Kamakshipalya,24.2304184,0,0,0,0,0,1,0,0,1,0,0,0,0,0,0,0,0,0,0,0,0,0,0,0,0,0,0,1
13.035842,77.5888336,3,Kodigehalli,150.30666796666668,0,0,0,0,0,1,0,0,0,0,0,1,0,0,0,0,0,0,0,0,0,0,0,0,0,0,0,2
13.0200667,77.7093307,1,K.R. Pura,173.45444045000002,0,0,0,0,0,1,0,0,0,0,0,0,0,1,0,0,0,0,0,0,0,0,0,0,0,0,0,2
12.9672379,77.5882814,3,Halasuru Gate,166.51570428333335,0,0,0,0,0,1,0,0,1,0,0,0,0,0,0,0,0,0,0,0,0,0,0,0,0,0,0,1
12.9571556,77.5510504,3,Byatarayanapura,22.292497583333333,0,0,0,0,0,1,0,0,0,1,0,0,0,0,0,0,0,0,0,0,0,0,0,0,0,0,0,2
12.9399901,77.6955035,3,HAL Old Airport,109.25451818333333,0,0,0,0,0,1,0,0,1,0,0,0,0,0,0,0,0,0,0,0,0,0,0,0,0,0,0,2
13.0413361,77.6223951,3,Hennuru,126.55625681666668,0,1,0,0,0,0,1,0,0,0,0,0,0,0,0,0,0,0,0,0,0,0,0,0,0,0,0,1
12.9671627,77.61127353,1,Ashok Nagar,240.0,0,0,1,0,0,0,1,0,0,0,0,0,0,0,0,0,0,0,0,0,0,0,0,0,0,0,0,1
12.9807501,77.5860247,1,High ground,120.75125401666666,0,0,0,0,0,1,0,0,1,0,0,0,0,0,0,0,0,0,0,0,0,0,0,0,0,0,0,1
13.0236136,77.599707,1,R.T. Nagar,89.5580396,0,0,0,0,0,1,0,0,1,0,0,0,0,0,0,0,0,0,0,0,0,0,0,0,0,0,0,1
12.9750333,77.5855417,1,Halasuru Gate,20.751736666666666,0,0,0,0,0,1,0,0,0,1,0,0,0,0,0,0,0,0,0,0,0,0,0,0,0,0,0,1
13.0197621,77.7088026,1,K.R. Pura,62.10533875,0,0,0,0,0,1,0,0,1,0,0,0,0,0,0,0,0,0,0,0,0,0,0,0,0,0,0,1
13.1758867,77.6357701,3,Chikkajala,4.185284566666667,0,0,0,0,0,1,0,0,1,0,0,0,0,0,0,0,0,0,0,0,0,0,0,0,0,0,0,1
12.9310893,77.6865479,3,HAL Old Airport,175.8117238,0,0,0,0,0,1,0,0,1,0,0,0,0,0,0,0,0,0,0,0,0,0,0,0,0,0,0,1
12.9092481,77.6274651,3,HSR Layout,141.4602354,0,0,0,0,0,1,0,0,0,0,0,0,0,0,1,0,0,0,0,0,0,0,0,0,0,0,0,2
13.0333853,77.5409753,3,Yeshwanthpura,47.697048333333335,0,0,0,0,0,1,0,0,0,1,0,0,0,0,0,0,0,0,0,0,0,0,0,0,0,0,0,1
12.9568333,77.5492654,3,Byatarayanapura,136.36915575,0,0,0,0,0,1,0,0,0,1,0,0,0,0,0,0,0,0,0,0,0,0,0,0,0,0,0,1
12.9592132,77.6538071,3,Jeevanbheemanagar,121.3668557,0,0,0,0,0,1,0,0,0,0,0,1,0,0,0,0,0,0,0,0,0,0,0,0,0,0,0,2
12.9609284,77.5488656,1,Magadi Road,141.5549714,0,0,0,0,0,1,0,0,0,1,0,0,0,0,0,0,0,0,0,0,0,0,0,0,0,0,0,2
12.9150768,77.6239102,3,HSR Layout,133.98533103333332,0,0,0,0,0,1,0,0,0,0,0,0,0,0,0,0,1,0,0,0,0,0,0,0,0,0,0,1
12.9929044,77.6612914,1,Banaswadi,171.33284906666668,0,0,0,0,0,1,0,0,0,1,0,0,0,0,0,0,0,0,0,0,0,0,0,0,0,0,0,1
12.9931223,77.6611591,1,Banaswadi,168.15458113333335,0,0,0,0,0,1,0,0,0,1,0,0,0,0,0,0,0,0,0,0,0,0,0,0,0,0,0,1
13.0377323,77.5221675,3,Peenya,127.07865918333333,0,0,0,0,0,1,0,0,0,0,0,0,0,0,0,0,1,0,0,0,0,0,0,0,0,0,0,1
13.120385,77.6100183,3,Yelahanka,121.40956126666667,0,0,0,0,0,1,0,0,0,0,0,0,0,0,1,0,0,0,0,0,0,0,0,0,0,0,0,1
12.907183,77.600723,3,Mico Layout,62.15927346666667,0,0,0,0,0,1,0,0,1,0,0,0,0,0,0,0,0,0,0,0,0,0,0,0,0,0,0,1
13.0483814,77.6455068,1,Hennuru,12.48767995,0,0,0,0,0,1,0,0,0,0,0,0,1,0,0,0,0,0,0,0,0,0,0,0,0,0,0,1
13.0193149,77.6188821,1,K.G. Halli,18.708451099999998,0,0,0,1,0,0,1,0,0,0,0,0,0,0,0,0,0,0,0,0,0,0,0,0,0,0,0,1
12.9575357,77.5517318,3,Magadi Road,154.77431506666665,0,0,0,0,0,1,0,0,0,1,0,0,0,0,0,0,0,0,0,0,0,0,0,0,0,0,0,2
12.9874261,77.5785178,1,High ground,160.00101241666667,0,0,0,0,0,1,0,0,1,0,0,0,0,0,0,0,0,0,0,0,0,0,0,0,0,0,0,1
12.907229,77.6007892,3,Mico Layout,27.9523293,0,0,0,0,0,1,0,0,1,0,0,0,0,0,0,0,0,0,0,0,0,0,0,0,0,0,0,1
12.9363562,77.7053961,1,HAL Old Airport,63.467518033333334,0,0,0,0,0,1,0,0,0,1,0,0,0,0,0,0,0,0,0,0,0,0,0,0,0,0,0,1
12.9619245,77.7016093,3,HAL Old Airport,158.54602248333333,0,0,0,0,0,1,0,0,1,0,0,0,0,0,0,0,0,0,0,0,0,0,0,0,0,0,0,1
12.9800069,77.5704915,1,Chamarajpet,137.36842046666666,0,0,0,0,0,1,0,0,0,0,0,0,0,0,0,0,1,0,0,0,0,0,0,0,0,0,0,1
12.9885543,77.5086676,3,Kamakshipalya,175.9995281333333,0,0,0,0,0,1,0,0,1,0,0,0,0,0,0,0,0,0,0,0,0,0,0,0,0,0,0,1
12.9930505,77.6611912,1,Banaswadi,160.55708381666668,0,0,0,0,0,1,0,0,0,1,0,0,0,0,0,0,0,0,0,0,0,0,0,0,0,0,0,2
13.0177383,77.5573517,3,Yeshwanthpura,25.9073017,0,0,0,0,0,1,0,0,0,0,0,1,0,0,0,0,0,0,0,0,0,0,0,0,0,0,0,2
13.0454864,77.5020961,1,Peenya,17.485272716666667,0,0,0,0,0,1,0,0,0,0,0,0,0,0,0,1,0,0,0,0,0,0,0,0,0,0,0,1
12.9826088,77.5682927,1,Sheshadripuram,157.01451631666666,0,0,0,0,0,1,0,0,1,0,0,0,0,0,0,0,0,0,0,0,0,0,0,0,0,0,0,1
12.8881743,77.6401929,3,Hulimavu,151.57638393333335,0,0,0,0,0,1,0,0,1,0,0,0,0,0,0,0,0,0,0,0,0,0,0,0,0,0,0,1
12.9485754,77.5929669,1,Wilson Garden,80.1326431,0,0,0,0,0,1,0,0,0,0,0,1,0,0,0,0,0,0,0,0,0,0,0,0,0,0,0,1
12.9913346,77.657633,3,Banaswadi,129.11205686666668,0,0,0,0,0,1,0,0,0,0,0,1,0,0,0,0,0,0,0,0,0,0,0,0,0,0,0,2
13.0409289,77.6203693,3,Hennuru,164.82866995,0,1,0,0,0,0,1,0,0,0,0,0,0,0,0,0,0,0,0,0,0,0,0,0,0,0,0,1
12.95609333,77.73057307,3,Whitefield,169.50476859999998,0,0,0,0,0,1,0,0,1,0,0,0,0,0,0,0,0,0,0,0,0,0,0,0,0,0,0,1
13.0803177,77.5923869,3,Yelahanka,73.1594792,1,0,0,0,0,0,1,0,0,0,0,0,0,0,0,0,0,0,0,0,0,0,0,0,0,0,0,1
13.1903461,77.6453381,3,Chikkajala,29.472658016666667,0,0,0,0,0,1,0,0,0,0,0,0,0,0,1,0,0,0,0,0,0,0,0,0,0,0,0,2
12.9929252,77.6611477,1,Banaswadi,158.06911768333333,0,0,0,0,0,1,0,0,0,1,0,0,0,0,0,0,0,0,0,0,0,0,0,0,0,0,0,1
13.0041761,77.5537173,1,Malleshwaram,32.38240151666667,0,0,0,0,0,1,0,0,0,0,1,0,0,0,0,0,0,0,0,0,0,0,0,0,0,0,0,2
13.1194517,77.6092717,3,Yelahanka,169.98916118333332,0,0,0,0,0,1,0,0,0,0,0,0,1,0,0,0,0,0,0,0,0,0,0,0,0,0,0,2
12.9722052,77.5871331,1,Halasuru Gate,147.5709763,0,0,0,0,0,1,0,0,0,0,1,0,0,0,0,0,0,0,0,0,0,0,0,0,0,0,0,1
13.0400959,77.5185915,3,Peenya,173.51847525,0,0,0,0,0,1,0,0,0,0,0,1,0,0,0,0,0,0,0,0,0,0,0,0,0,0,0,1
13.068756,77.4485348,1,No Police Station,122.11871168333333,0,0,0,0,0,1,0,0,0,0,0,0,0,0,0,0,1,0,0,0,0,0,0,0,0,0,0,1
12.9654216,77.6175057,1,Halasur,130.85829606666667,0,0,0,0,0,1,0,0,1,0,0,0,0,0,0,0,0,0,0,0,0,0,0,0,0,0,0,2
12.96594,77.6253299,1,Halasur,42.75810368333334,0,0,0,0,0,1,0,0,0,0,0,0,0,0,1,0,0,0,0,0,0,0,0,0,0,0,0,1
12.9632557,77.6414175,3,Jeevanbheemanagar,2.195204283333333,0,0,0,0,0,1,0,0,1,0,0,0,0,0,0,0,0,0,0,0,0,0,0,0,0,0,0,1
12.9521846,77.5406402,3,Byatarayanapura,135.85678678333335,0,0,0,0,0,1,0,0,0,1,0,0,0,0,0,0,0,0,0,0,0,0,0,0,0,0,0,1
12.9824684,77.5641294,1,Sheshadripuram,180.0,0,0,0,0,0,1,0,0,0,0,0,1,0,0,0,0,0,0,0,0,0,0,0,0,0,0,0,1
13.0352563,77.5411118,3,Jalahalli,140.43029925000002,0,0,0,0,0,1,0,0,0,1,0,0,0,0,0,0,0,0,0,0,0,0,0,0,0,0,0,1
13.0292483,77.5709898,1,Sadashivanagar,3.172573133333333,0,0,0,0,0,1,0,0,1,0,0,0,0,0,0,0,0,0,0,0,0,0,0,0,0,0,0,2
12.9906259,77.656164,3,Banaswadi,155.89235306666666,0,0,0,0,0,1,0,0,1,0,0,0,0,0,0,0,0,0,0,0,0,0,0,0,0,0,0,2
12.9567177,77.5489711,3,Byatarayanapura,171.8462037,0,0,0,0,0,1,0,0,0,1,0,0,0,0,0,0,0,0,0,0,0,0,0,0,0,0,0,1
12.9074412,77.585744,3,J.P. Nagar,142.0223789,0,0,0,0,0,1,0,0,1,0,0,0,0,0,0,0,0,0,0,0,0,0,0,0,0,0,0,1
12.9959916,77.6672023,3,Banaswadi,126.05797051666667,0,0,0,0,0,1,0,0,0,0,0,0,0,1,0,0,0,0,0,0,0,0,0,0,0,0,0,1
12.9843255,77.6412465,3,Jeevanbheemanagar,65.22508308333333,0,0,0,0,0,1,0,0,1,0,0,0,0,0,0,0,0,0,0,0,0,0,0,0,0,0,0,1
13.053298,77.7618949,1,K.R. Pura,56.17741541666667,0,0,0,0,0,1,0,0,0,1,0,0,0,0,0,0,0,0,0,0,0,0,0,0,0,0,0,1
13.0443116,77.5829424,3,Kodigehalli,161.21800933333333,0,1,0,0,0,0,1,0,0,0,0,0,0,0,0,0,0,0,0,0,0,0,0,0,0,0,0,1
13.0142943,77.5832533,3,Sadashivanagar,68.5412746,0,0,0,0,0,1,0,0,0,0,0,0,0,1,0,0,0,0,0,0,0,0,0,0,0,0,0,1
13.0291861,77.571059,1,Kodigehalli,123.79046598333333,0,0,0,0,0,1,0,0,1,0,0,0,0,0,0,0,0,0,0,0,0,0,0,0,0,0,0,1
12.960562,77.5042188,1,Jnanabharathi,48.842927616666664,0,0,0,0,0,1,0,0,0,0,0,0,0,1,0,0,0,0,0,0,0,0,0,0,0,0,0,1
13.0065682,77.5838844,3,Sadashivanagar,25.324214433333335,0,0,0,0,0,1,0,0,0,0,1,0,0,0,0,0,0,0,0,0,0,0,0,0,0,0,0,1
12.900384,77.5858132,1,J.P. Nagar,5.63250635,0,0,0,0,0,1,0,0,0,0,0,1,0,0,0,0,0,0,0,0,0,0,0,0,0,0,0,1
13.0143856,77.5832232,3,Sadashivanagar,174.74572744999998,0,0,0,0,0,1,0,0,0,0,0,1,0,0,0,0,0,0,0,0,0,0,0,0,0,0,0,2
13.040713,77.5177801,3,Chikkabanavara,150.10522268333335,0,0,0,0,0,1,0,0,0,1,0,0,0,0,0,0,0,0,0,0,0,0,0,0,0,0,0,1
13.0412357,77.6196058,3,Hennuru,135.33009781666667,0,1,0,0,0,0,1,0,0,0,0,0,0,0,0,0,0,0,0,0,0,0,0,0,0,0,0,1
13.0436325,77.5533837,3,Jalahalli,20.49097971666667,0,0,0,0,0,1,0,0,0,0,0,1,0,0,0,0,0,0,0,0,0,0,0,0,0,0,0,1
13.0174194,77.6297846,3,Banaswadi,155.68505473333335,0,0,0,0,0,1,0,0,0,1,0,0,0,0,0,0,0,0,0,0,0,0,0,0,0,0,0,2
12.9606992,77.7015009,3,HAL Old Airport,132.2049751,0,0,0,0,0,1,0,0,1,0,0,0,0,0,0,0,0,0,0,0,0,0,0,0,0,0,0,1
12.9320791,77.5414884,3,Banashankari,22.541880900000002,0,0,0,0,0,1,0,0,1,0,0,0,0,0,0,0,0,0,0,0,0,0,0,0,0,0,0,1
12.9753798,77.6259183,3,Halasur,127.38778956666667,0,0,0,0,0,1,0,0,1,0,0,0,0,0,0,0,0,0,0,0,0,0,0,0,0,0,0,2
12.9891602,77.5068983,3,Kamakshipalya,8.242330166666667,0,0,0,0,0,1,0,0,0,0,0,0,1,0,0,0,0,0,0,0,0,0,0,0,0,0,0,1
13.0357448,77.7353443,1,K.R. Pura,74.69350561666667,0,0,0,0,0,1,0,0,0,1,0,0,0,0,0,0,0,0,0,0,0,0,0,0,0,0,0,1
13.0387694,77.5896237,3,Hebbala,144.20720306666666,0,0,0,0,0,1,0,0,0,0,0,0,0,0,0,0,1,0,0,0,0,0,0,0,0,0,0,1
13.0386615,77.5896061,3,Hebbala,150.21759483333332,0,0,0,0,0,1,0,0,0,0,0,0,0,0,0,0,1,0,0,0,0,0,0,0,0,0,0,1
13.1834435,77.6797495,1,Chikkajala,21.15403888333333,0,0,0,0,0,1,0,0,0,0,0,0,0,0,1,0,0,0,0,0,0,0,0,0,0,0,0,2
13.0366572,77.5243125,3,Peenya,18.911796083333336,0,0,0,0,0,1,0,0,0,0,0,1,0,0,0,0,0,0,0,0,0,0,0,0,0,0,0,2
12.9998719,77.5950313,1,R.T. Nagar,166.24053343333333,0,0,0,0,0,1,0,0,0,0,1,0,0,0,0,0,0,0,0,0,0,0,0,0,0,0,0,3
13.019521,77.7087876,1,K.R. Pura,15.905597883333334,0,0,0,0,0,1,0,0,0,0,1,0,0,0,0,0,0,0,0,0,0,0,0,0,0,0,0,1
12.9599092,77.504205,1,Jnanabharathi,18.743594383333335,0,0,0,0,0,1,0,0,1,0,0,0,0,0,0,0,0,0,0,0,0,0,0,0,0,0,0,1
13.0355923,77.5263597,3,Peenya,30.207270483333332,0,0,0,0,0,1,0,0,0,0,0,0,0,0,0,1,0,0,0,0,0,0,0,0,0,0,0,1
12.9929641,77.5951316,1,High ground,128.41844893333334,0,0,0,0,0,1,0,0,1,0,0,0,0,0,0,0,0,0,0,0,0,0,0,0,0,0,0,1
13.0411065,77.617027,3,Hennuru,87.10293336666668,0,1,0,0,0,0,1,0,0,0,0,0,0,0,0,0,0,0,0,0,0,0,0,0,0,0,0,1
13.1006196,77.5815296,1,Yelahanka,129.7621443,0,0,0,0,0,1,0,0,1,0,0,0,0,0,0,0,0,0,0,0,0,0,0,0,0,0,0,1
13.0073126,77.6624143,3,Banaswadi,32.5034449,0,0,0,0,0,1,0,0,0,1,0,0,0,0,0,0,0,0,0,0,0,0,0,0,0,0,0,1
12.9415287,77.7471451,1,Whitefield,120.3102159,0,0,0,0,0,1,0,0,0,0,0,0,0,0,0,0,1,0,0,0,0,0,0,0,0,0,0,1
13.0380857,77.6260768,3,Hennuru,165.74817033333332,0,0,0,0,0,1,0,0,1,0,0,0,0,0,0,0,0,0,0,0,0,0,0,0,0,0,0,1
13.0018232,77.6791257,3,K.R. Pura,66.92851234999999,0,0,0,0,0,1,0,0,0,0,0,0,0,0,0,0,1,0,0,0,0,0,0,0,0,0,0,2
13.0231113,77.5847437,3,Kodigehalli,123.20613671666666,0,0,0,0,0,1,0,0,0,0,0,1,0,0,0,0,0,0,0,0,0,0,0,0,0,0,0,1
13.0463132,77.591128,3,Kodigehalli,180.0,0,0,0,0,0,1,0,0,0,1,0,0,0,0,0,0,0,0,0,0,0,0,0,0,0,0,0,1
12.9857006,77.5978064,3,Shivajinagar,126.3091594,0,0,0,0,0,1,0,0,1,0,0,0,0,0,0,0,0,0,0,0,0,0,0,0,0,0,0,1
12.9616631,77.5604953,3,Chamarajpet,177.2988,0,0,0,0,0,1,0,0,1,0,0,0,0,0,0,0,0,0,0,0,0,0,0,0,0,0,0,1
13.0246424,77.6594326,1,Banaswadi,134.28555091666666,0,0,0,0,0,1,0,0,0,1,0,0,0,0,0,0,0,0,0,0,0,0,0,0,0,0,0,1
12.9730514,77.5384555,3,Vijayanagara,180.0,0,0,0,0,0,1,0,0,1,0,0,0,0,0,0,0,0,0,0,0,0,0,0,0,0,0,0,2
13.0032331,77.6821244,3,K.R. Pura,135.09331573333333,0,0,0,0,0,1,0,0,0,1,0,0,0,0,0,0,0,0,0,0,0,0,0,0,0,0,0,2
12.9876954,77.5134061,3,Kamakshipalya,180.0,0,0,0,0,0,1,0,0,0,0,0,0,1,0,0,0,0,0,0,0,0,0,0,0,0,0,0,1
13.0413969,77.6224112,3,Hennuru,163.70179543333333,0,1,0,0,0,0,1,0,0,0,0,0,0,0,0,0,0,0,0,0,0,0,0,0,0,0,0,1
13.0450765,77.5820295,3,Kodigehalli,160.03208585,0,0,0,0,0,1,0,0,0,1,0,0,0,0,0,0,0,0,0,0,0,0,0,0,0,0,0,1
13.0469336,77.5916826,3,Kodigehalli,180.0,0,0,0,0,0,1,0,0,0,1,0,0,0,0,0,0,0,0,0,0,0,0,0,0,0,0,0,1
13.0508441,77.5077523,1,Chikkabanavara,180.0,0,0,0,0,0,1,0,0,0,1,0,0,0,0,0,0,0,0,0,0,0,0,0,0,0,0,0,1
12.9909343,77.6563082,3,Banaswadi,180.0,0,0,0,0,0,1,0,0,0,0,0,1,0,0,0,0,0,0,0,0,0,0,0,0,0,0,0,2
12.9938878,77.5891555,1,High ground,79.37274963333333,0,0,0,0,1,0,1,0,0,0,0,0,0,0,0,0,0,0,0,0,0,0,0,0,0,0,0,1
12.9871663,77.5201307,3,Kamakshipalya,151.94742116666666,0,0,0,0,0,1,0,0,0,1,0,0,0,0,0,0,0,0,0,0,0,0,0,0,0,0,0,1
12.9512015,77.5395153,3,Byatarayanapura,148.25471521666665,0,0,0,0,0,1,0,0,1,0,0,0,0,0,0,0,0,0,0,0,0,0,0,0,0,0,0,1
12.943635,77.6077578,3,Adugodi,162.05535525,0,0,0,0,0,1,0,0,1,0,0,0,0,0,0,0,0,0,0,0,0,0,0,0,0,0,0,2
13.0030173,77.6122203,1,Pulikeshinagar(F.Town),148.01379286666668,0,0,0,0,0,1,0,0,1,0,0,0,0,0,0,0,0,0,0,0,0,0,0,0,0,0,0,1
12.9831235,77.5308168,3,Kamakshipalya,153.41269573333332,0,0,0,0,0,1,0,0,1,0,0,0,0,0,0,0,0,0,0,0,0,0,0,0,0,0,0,1
13.045438,77.5077257,3,Chikkabanavara,159.24647255,0,0,0,0,0,1,0,0,0,0,1,0,0,0,0,0,0,0,0,0,0,0,0,0,0,0,0,1
13.0036733,77.6631733,3,Banaswadi,52.03779613333334,1,0,0,0,0,0,1,0,0,0,0,0,0,0,0,0,0,0,0,0,0,0,0,0,0,0,0,1
13.008416,77.6925609,1,K.R. Pura,1.8039698333333334,0,0,0,0,0,1,0,0,0,0,0,1,0,0,0,0,0,0,0,0,0,0,0,0,0,0,0,1
12.9060449,77.5857343,3,J.P. Nagar,27.9779026,0,0,0,0,0,1,0,0,1,0,0,0,0,0,0,0,0,0,0,0,0,0,0,0,0,0,0,1
13.0096382,77.5059421,1,Peenya,77.07247735,0,0,0,0,0,1,0,0,1,0,0,0,0,0,0,0,0,0,0,0,0,0,0,0,0,0,0,1
13.1029884,77.5861539,1,Yelahanka,121.05009436666666,0,0,0,0,0,1,0,0,1,0,0,0,0,0,0,0,0,0,0,0,0,0,0,0,0,0,0,1
13.0101997,77.5847099,3,Sadashivanagar,173.67144456666668,0,0,0,0,0,1,0,0,0,0,0,0,0,0,0,1,0,0,0,0,0,0,0,0,0,0,0,2
12.9525221,77.6201611,1,Ashok Nagar,141.3670369333333,0,0,0,0,0,1,0,0,1,0,0,0,0,0,0,0,0,0,0,0,0,0,0,0,0,0,0,1
13.008416,77.6925609,1,K.R. Pura,2.0421352666666666,0,0,0,0,0,1,0,0,0,0,0,1,0,0,0,0,0,0,0,0,0,0,0,0,0,0,0,1
12.914054,77.5660344,3,K.S. Layout,75.07413485000001,1,0,0,0,0,0,1,0,0,0,0,0,0,0,0,0,0,0,0,0,0,0,0,0,0,0,0,1
13.0055562,77.6627612,3,Banaswadi,325.65747833333336,0,0,0,0,1,0,1,0,0,0,0,0,0,0,0,0,0,0,0,0,0,0,0,0,0,0,0,1
13.0444272,77.5830021,3,Kodigehalli,161.89849756666666,0,1,0,0,0,0,1,0,0,0,0,0,0,0,0,0,0,0,0,0,0,0,0,0,0,0,0,1
12.9140395,77.5660392,3,K.S. Layout,72.85856414999999,1,0,0,0,0,0,1,0,0,0,0,0,0,0,0,0,0,0,0,0,0,0,0,0,0,0,0,1
12.9749576,77.5866338,1,Halasuru Gate,150.53232753333333,0,0,0,0,0,1,0,0,0,0,0,0,0,1,0,0,0,0,0,0,0,0,0,0,0,0,0,1
12.964071,77.5698422,3,Chamarajpet,35.12267365,0,0,0,0,0,1,0,0,0,0,0,1,0,0,0,0,0,0,0,0,0,0,0,0,0,0,0,1
12.9594884,77.6537937,3,Jeevanbheemanagar,175.61751188333335,0,0,0,0,0,1,0,0,0,0,0,1,0,0,0,0,0,0,0,0,0,0,0,0,0,0,0,2
13.0036414,77.5838527,3,Sadashivanagar,140.50758521666666,0,0,0,0,0,1,0,0,0,0,0,0,0,0,1,0,0,0,0,0,0,0,0,0,0,0,0,1
13.0160648,77.5836069,3,Sadashivanagar,135.43825866666666,0,0,0,0,0,1,0,0,1,0,0,0,0,0,0,0,0,0,0,0,0,0,0,0,0,0,0,1
12.9587673,77.5740072,1,V.V.Puram (C.Pet),56.49172753333333,0,0,0,0,1,0,1,0,0,0,0,0,0,0,0,0,0,0,0,0,0,0,0,0,0,0,0,1
13.0440346,77.7486856,1,K.R. Pura,150.15376488333334,0,0,0,0,0,1,0,0,0,0,0,0,0,0,0,0,1,0,0,0,0,0,0,0,0,0,0,1
12.9356926,77.5128333,3,Jnanabharathi,171.42145478333333,0,0,0,0,0,1,0,0,1,0,0,0,0,0,0,0,0,0,0,0,0,0,0,0,0,0,0,2
12.9641944,77.5707412,3,V.V.Puram (C.Pet),157.9403606,0,0,0,0,0,1,0,0,0,0,0,0,0,0,0,0,1,0,0,0,0,0,0,0,0,0,0,1
13.0694965,77.446914,1,No Police Station,148.23699589999998,0,0,0,0,0,1,0,0,0,0,0,0,0,0,0,0,1,0,0,0,0,0,0,0,0,0,0,1
13.0126029,77.5544554,3,Malleshwaram,49.20473728333333,0,0,0,0,0,1,0,0,1,0,0,0,0,0,0,0,0,0,0,0,0,0,0,0,0,0,0,2
13.031589,77.6295783,3,K.G. Halli,132.34258979999998,0,0,0,0,0,1,0,0,0,1,0,0,0,0,0,0,0,0,0,0,0,0,0,0,0,0,0,2
12.93336293,77.68898735,3,HAL Old Airport,169.31971843333335,0,0,0,0,0,1,0,0,0,1,0,0,0,0,0,0,0,0,0,0,0,0,0,0,0,0,0,1
13.0166638,77.5836457,3,Sadashivanagar,37.30351836666667,0,0,0,0,0,1,0,0,0,0,0,1,0,0,0,0,0,0,0,0,0,0,0,0,0,0,0,1
13.0295902,77.537008,3,Yeshwanthpura,72.88357673333333,0,0,0,0,0,1,0,0,1,0,0,0,0,0,0,0,0,0,0,0,0,0,0,0,0,0,0,1
13.0434933,77.590776,3,Kodigehalli,145.19816848333332,0,0,0,0,0,1,0,0,0,0,0,1,0,0,0,0,0,0,0,0,0,0,0,0,0,0,0,1
12.9840844,77.6405155,3,Jeevanbheemanagar,3.7787415666666666,0,0,0,0,0,1,0,0,0,0,0,0,0,0,1,0,0,0,0,0,0,0,0,0,0,0,0,1
12.9729384,77.5128128,1,Jnanabharathi,2.6236583,0,0,0,0,0,1,0,0,1,0,0,0,0,0,0,0,0,0,0,0,0,0,0,0,0,0,0,1
13.0270939,77.5434332,3,Yeshwanthpura,151.55876064999998,0,0,0,0,0,1,0,0,0,0,0,0,0,1,0,0,0,0,0,0,0,0,0,0,0,0,0,1
12.926154,77.676723,3,Bellandur,97.77232951666666,0,0,0,0,0,1,0,0,1,0,0,0,0,0,0,0,0,0,0,0,0,0,0,0,0,0,0,1
12.95372239,77.57679302,1,V.V.Puram (C.Pet),31.31014948333333,0,0,0,0,1,0,1,0,0,0,0,0,0,0,0,0,0,0,0,0,0,0,0,0,0,0,0,1
12.92625,77.5485883,3,Banashankari,158.27319248333333,0,0,0,0,0,1,0,0,1,0,0,0,0,0,0,0,0,0,0,0,0,0,0,0,0,0,0,1
13.0697667,77.4467317,1,No Police Station,169.0622456,0,0,0,0,0,1,0,0,0,1,0,0,0,0,0,0,0,0,0,0,0,0,0,0,0,0,0,1
13.0163366,77.6608846,3,Banaswadi,153.54055609999998,0,1,0,0,0,0,1,0,0,0,0,0,0,0,0,0,0,0,0,0,0,0,0,0,0,0,0,1
12.9879317,77.5741678,1,Sheshadripuram,169.29961953333336,0,0,0,0,0,1,0,0,0,0,0,1,0,0,0,0,0,0,0,0,0,0,0,0,0,0,0,1
12.9916894,77.5857023,3,High ground,155.55472385,0,0,0,0,0,1,0,0,0,0,0,0,1,0,0,0,0,0,0,0,0,0,0,0,0,0,0,1
12.9918832,77.5511444,3,Rajajinagar,157.24270873333336,0,0,0,0,0,1,0,0,0,0,0,0,0,1,0,0,0,0,0,0,0,0,0,0,0,0,0,1
12.9846104,77.5724988,1,Sheshadripuram,63.30596091666666,0,0,0,0,0,1,0,0,0,0,0,0,0,1,0,0,0,0,0,0,0,0,0,0,0,0,0,1
13.2435188,77.7049397,1,Devanahalli Airport,133.12990875,0,0,0,0,0,1,0,0,0,1,0,0,0,0,0,0,0,0,0,0,0,0,0,0,0,0,0,1
13.2421567,77.7039459,1,Devanahalli Airport,135.95388573333332,0,0,0,0,0,1,0,0,0,0,0,0,0,0,0,0,1,0,0,0,0,0,0,0,0,0,0,1
13.0408936,77.6175047,3,Hennuru,37.785654916666665,0,1,0,0,0,0,1,0,0,0,0,0,0,0,0,0,0,0,0,0,0,0,0,0,0,0,0,1
13.0166851,77.5590135,3,Yeshwanthpura,13.265553916666667,0,0,0,0,0,1,0,0,0,0,0,0,0,0,1,0,0,0,0,0,0,0,0,0,0,0,0,2
13.0092693,77.5268005,1,Rajajinagar,112.93875488333333,1,0,0,0,0,0,1,0,0,0,0,0,0,0,0,0,0,0,0,0,0,0,0,0,0,0,0,1
12.9665883,77.5877557,3,Halasuru Gate,44.83886033333333,0,0,0,0,0,1,0,0,1,0,0,0,0,0,0,0,0,0,0,0,0,0,0,0,0,0,0,1
13.0212787,77.5357819,1,Rajajinagar,123.07952748333334,0,0,0,0,0,1,0,0,0,0,0,0,1,0,0,0,0,0,0,0,0,0,0,0,0,0,0,1
12.90701,77.5461183,1,K.S. Layout,171.83961558333334,0,0,0,0,0,1,0,0,1,0,0,0,0,0,0,0,0,0,0,0,0,0,0,0,0,0,0,1
13.103584,77.601009,3,Yelahanka,139.89992135,0,0,0,0,0,1,0,0,0,0,0,0,1,0,0,0,0,0,0,0,0,0,0,0,0,0,0,1
13.0354502,77.5266678,3,Peenya,28.267420583333333,0,0,0,0,0,1,0,0,0,0,0,1,0,0,0,0,0,0,0,0,0,0,0,0,0,0,0,1
12.9225338,77.6456041,3,HSR Layout,120.9917747,0,0,0,0,0,1,0,0,0,0,0,0,0,0,1,0,0,0,0,0,0,0,0,0,0,0,0,2
13.0628037,77.4995804,1,Chikkabanavara,125.55261716666668,0,0,0,0,0,1,0,0,1,0,0,0,0,0,0,0,0,0,0,0,0,0,0,0,0,0,0,1
12.9863112,77.6475171,3,Jeevanbheemanagar,41.571545316666665,1,0,0,0,0,0,1,0,0,0,0,0,0,0,0,0,0,0,0,0,0,0,0,0,0,0,0,1
12.9868684,77.6476655,3,Banaswadi,127.43670091666667,0,0,0,0,0,1,0,0,0,0,0,0,0,0,0,1,0,0,0,0,0,0,0,0,0,0,0,1
12.9561983,77.6938667,3,HAL Old Airport,137.64186745,0,0,0,0,0,1,0,0,1,0,0,0,0,0,0,0,0,0,0,0,0,0,0,0,0,0,0,1
12.9580302,77.5539199,3,Chamarajpet,174.7693243,0,0,0,0,0,1,0,0,1,0,0,0,0,0,0,0,0,0,0,0,0,0,0,0,0,0,0,1
12.9782227,77.75121,1,Whitefield,157.15236375,0,0,0,0,0,1,0,0,1,0,0,0,0,0,0,0,0,0,0,0,0,0,0,0,0,0,0,1
12.9370003,77.5202782,3,Byatarayanapura,34.62066285,0,0,0,0,0,1,0,0,0,0,1,0,0,0,0,0,0,0,0,0,0,0,0,0,0,0,0,1
12.9898379,77.5719635,1,Sheshadripuram,122.88383688333333,0,0,0,0,0,1,0,0,1,0,0,0,0,0,0,0,0,0,0,0,0,0,0,0,0,0,0,1
13.0292025,77.5404542,3,Yeshwanthpura,134.73727943333333,0,0,0,0,0,1,0,0,1,0,0,0,0,0,0,0,0,0,0,0,0,0,0,0,0,0,0,2
12.9868362,77.647518,3,Banaswadi,131.61402708333333,0,0,0,0,0,1,0,0,0,0,0,0,0,0,0,1,0,0,0,0,0,0,0,0,0,0,0,1
12.9255212,77.5496526,3,Banashankari,45.38100588333334,0,0,0,0,0,1,0,0,0,0,0,0,0,1,0,0,0,0,0,0,0,0,0,0,0,0,0,1
12.9305032,77.5802774,1,Jayanagara,27.755491966666668,0,0,0,0,0,1,0,0,0,1,0,0,0,0,0,0,0,0,0,0,0,0,0,0,0,0,0,1
13.044472,77.5829141,3,Kodigehalli,171.41872253333335,0,1,0,0,0,0,1,0,0,0,0,0,0,0,0,0,0,0,0,0,0,0,0,0,0,0,0,1
12.9276914,77.6207494,3,Adugodi,178.68212251666668,0,0,0,0,0,1,0,0,0,1,0,0,0,0,0,0,0,0,0,0,0,0,0,0,0,0,0,1
12.91304392,77.62528618,3,HSR Layout,15.762067949999999,0,0,0,0,0,1,0,0,0,0,0,0,0,0,1,0,0,0,0,0,0,0,0,0,0,0,0,2
12.9959803,77.667998,3,Mahadevapura,124.13244701666667,0,0,0,0,0,1,0,0,0,1,0,0,0,0,0,0,0,0,0,0,0,0,0,0,0,0,0,1
13.0412942,77.6226947,3,Hennuru,136.03228926666668,0,1,0,0,0,0,1,0,0,0,0,0,0,0,0,0,0,0,0,0,0,0,0,0,0,0,0,1
12.9633836,77.5814857,3,City Market,28.3823993,0,0,0,0,0,1,0,0,0,0,0,0,0,0,0,0,1,0,0,0,0,0,0,0,0,0,0,1
12.9479363,77.5343203,3,Byatarayanapura,132.87101301666667,0,0,0,0,0,1,0,0,1,0,0,0,0,0,0,0,0,0,0,0,0,0,0,0,0,0,0,1
12.9946264,77.4951019,1,Kamakshipalya,130.39220416666666,0,0,0,0,0,1,0,0,1,0,0,0,0,0,0,0,0,0,0,0,0,0,0,0,0,0,0,1
12.9556816,77.7160269,3,Whitefield,149.33060443333335,0,0,0,0,0,1,0,0,0,0,0,1,0,0,0,0,0,0,0,0,0,0,0,0,0,0,0,1
12.9943539,77.6157434,1,Pulikeshinagar(F.Town),133.94805638333335,0,0,0,0,0,1,0,0,0,1,0,0,0,0,0,0,0,0,0,0,0,0,0,0,0,0,0,1
13.043268,77.5524725,3,Jalahalli,127.71756263333333,0,0,0,0,0,1,0,0,0,0,0,1,0,0,0,0,0,0,0,0,0,0,0,0,0,0,0,1
12.9901789,77.5037504,3,Kamakshipalya,25.321667083333335,0,0,0,0,0,1,0,0,1,0,0,0,0,0,0,0,0,0,0,0,0,0,0,0,0,0,0,1
13.0244407,77.5475007,3,Yeshwanthpura,180.0,0,0,0,0,0,1,0,0,1,0,0,0,0,0,0,0,0,0,0,0,0,0,0,0,0,0,0,1
12.9874519,77.587879,3,High ground,49.688574949999996,0,0,0,0,0,1,0,0,0,0,0,0,0,0,1,0,0,0,0,0,0,0,0,0,0,0,0,2
12.9883914,77.5741063,1,Sheshadripuram,134.44562651666666,0,0,0,0,0,1,0,0,0,0,0,1,0,0,0,0,0,0,0,0,0,0,0,0,0,0,0,1
12.9651116,77.5969901,3,Ashok Nagar,160.44815988333332,0,0,0,0,0,1,0,0,0,0,0,1,0,0,0,0,0,0,0,0,0,0,0,0,0,0,0,2
12.9802182,77.5720881,1,Sheshadripuram,150.1318047,0,0,0,0,0,1,0,0,1,0,0,0,0,0,0,0,0,0,0,0,0,0,0,0,0,0,0,1
12.9743968,77.577995,1,Upparpet,137.05745385,0,0,0,0,0,1,0,0,1,0,0,0,0,0,0,0,0,0,0,0,0,0,0,0,0,0,0,1
13.0127152,77.6993754,1,K.R. Pura,139.83367821666667,0,0,0,0,0,1,0,0,0,1,0,0,0,0,0,0,0,0,0,0,0,0,0,0,0,0,0,1
12.9548263,77.5819799,1,City Market,127.11596238333333,0,0,0,0,0,1,0,0,1,0,0,0,0,0,0,0,0,0,0,0,0,0,0,0,0,0,0,1
12.9884191,77.5887931,3,High ground,141.58774876666666,0,0,0,0,1,0,1,0,0,0,0,0,0,0,0,0,0,0,0,0,0,0,0,0,0,0,0,1
13.0932487,77.59516,3,Yelahanka,65.21049980000001,0,0,0,0,0,1,0,0,1,0,0,0,0,0,0,0,0,0,0,0,0,0,0,0,0,0,0,1
12.9622663,77.5845865,3,Halasuru Gate,180.0,0,0,0,0,0,1,0,0,0,0,0,0,0,1,0,0,0,0,0,0,0,0,0,0,0,0,0,1
12.9569643,77.5737478,1,V.V.Puram (C.Pet),173.87429981666668,0,0,0,0,0,1,0,0,0,0,1,0,0,0,0,0,0,0,0,0,0,0,0,0,0,0,0,1
12.9840332,77.5966491,3,Cubbon Park,177.225509,0,0,0,0,0,1,0,0,1,0,0,0,0,0,0,0,0,0,0,0,0,0,0,0,0,0,0,2
12.96746,77.5943113,3,Halasuru Gate,151.37085491666667,0,0,0,0,0,1,0,0,1,0,0,0,0,0,0,0,0,0,0,0,0,0,0,0,0,0,0,1
12.9802533,77.5720169,1,Sheshadripuram,146.59401715,0,0,0,0,0,1,0,0,1,0,0,0,0,0,0,0,0,0,0,0,0,0,0,0,0,0,0,1
12.9870733,77.5191717,3,Kamakshipalya,143.95072696666665,0,0,0,0,0,1,0,0,0,0,0,0,1,0,0,0,0,0,0,0,0,0,0,0,0,0,0,1
12.985737,77.6443499,3,Banaswadi,169.06449146666668,0,0,0,0,0,1,0,1,0,0,0,0,0,0,0,0,0,0,0,0,0,0,0,0,0,0,0,1
13.0538913,77.5930983,3,Kodigehalli,124.06218716666667,0,0,0,0,0,1,0,0,0,1,0,0,0,0,0,0,0,0,0,0,0,0,0,0,0,0,0,2
13.00821,77.6220176,3,K.G. Halli,142.1933206,0,0,0,0,0,1,0,0,1,0,0,0,0,0,0,0,0,0,0,0,0,0,0,0,0,0,0,1
12.9873507,77.5190299,3,Kamakshipalya,136.54036225,0,0,0,0,0,1,0,0,1,0,0,0,0,0,0,0,0,0,0,0,0,0,0,0,0,0,0,1
12.9784305,77.5707735,1,Chamarajpet,21.79317205,0,0,0,0,0,1,0,0,1,0,0,0,0,0,0,0,0,0,0,0,0,0,0,0,0,0,0,1
13.0820698,77.5929525,3,Yelahanka,65.78450945,0,0,0,0,0,1,0,0,0,0,0,0,1,0,0,0,0,0,0,0,0,0,0,0,0,0,0,2
12.9960813,77.6679244,3,Banaswadi,169.02605141666666,0,0,0,0,0,1,0,0,0,1,0,0,0,0,0,0,0,0,0,0,0,0,0,0,0,0,0,1
12.9930034,77.5954144,1,High ground,10.24884315,0,0,0,0,0,1,0,0,1,0,0,0,0,0,0,0,0,0,0,0,0,0,0,0,0,0,0,1
12.9820968,77.5321708,3,Kamakshipalya,163.09376713333333,0,0,0,0,0,1,0,0,1,0,0,0,0,0,0,0,0,0,0,0,0,0,0,0,0,0,0,1
13.0435867,77.6046833,3,Hebbala,29.929127866666665,0,0,0,0,0,1,0,0,0,0,0,0,0,1,0,0,0,0,0,0,0,0,0,0,0,0,0,1
12.8999989,77.6009931,3,Mico Layout,29.872228166666666,0,0,0,0,0,1,0,0,0,0,0,1,0,0,0,0,0,0,0,0,0,0,0,0,0,0,0,2
13.0411089,77.5457736,3,Jalahalli,9.129387033333334,0,0,0,0,0,1,0,0,0,1,0,0,0,0,0,0,0,0,0,0,0,0,0,0,0,0,0,1
12.9179413,77.6216552,3,Madiwala,47.78352503333333,0,0,0,0,0,1,0,0,0,0,0,0,0,1,0,0,0,0,0,0,0,0,0,0,0,0,0,1
12.9655016,77.7018607,3,HAL Old Airport,152.98907861666666,0,0,0,0,0,1,0,0,1,0,0,0,0,0,0,0,0,0,0,0,0,0,0,0,0,0,0,2
13.0008646,77.6775611,3,K.R. Pura,124.15148528333334,0,0,0,0,0,1,0,0,0,0,0,1,0,0,0,0,0,0,0,0,0,0,0,0,0,0,0,2
12.9435108,77.57773,1,Basavanagudi,64.67699146666666,1,0,0,0,0,0,1,0,0,0,0,0,0,0,0,0,0,0,0,0,0,0,0,0,0,0,0,1
12.9801921,77.5704255,1,Chamarajpet,131.00778350000002,0,0,0,0,0,1,0,0,0,0,0,0,1,0,0,0,0,0,0,0,0,0,0,0,0,0,0,1
12.8395554,77.6543107,1,Electronic City,125.77379808333333,0,0,0,0,0,1,0,0,1,0,0,0,0,0,0,0,0,0,0,0,0,0,0,0,0,0,0,1
12.9620105,77.584333,3,Halasuru Gate,165.99417781666668,0,0,0,0,0,1,0,0,0,0,0,0,0,1,0,0,0,0,0,0,0,0,0,0,0,0,0,1
12.9827698,77.519126,1,Kamakshipalya,144.85685655,0,0,0,0,0,1,0,0,0,0,0,0,0,1,0,0,0,0,0,0,0,0,0,0,0,0,0,1
12.9559776,77.7167132,3,Whitefield,136.97729113333335,0,0,0,0,0,1,0,0,0,1,0,0,0,0,0,0,0,0,0,0,0,0,0,0,0,0,0,1
13.0904565,77.5395906,1,Yelahanka,170.88563643333333,0,0,0,0,0,1,0,0,1,0,0,0,0,0,0,0,0,0,0,0,0,0,0,0,0,0,0,1
13.0408583,77.6168383,3,Hennuru,147.70481648333333,0,0,0,0,0,1,0,0,0,0,0,0,0,1,0,0,0,0,0,0,0,0,0,0,0,0,0,2
12.9162843,77.6155072,1,Madiwala,26.454950033333333,0,0,0,0,0,1,0,0,0,0,0,0,1,0,0,0,0,0,0,0,0,0,0,0,0,0,0,1
12.9637192,77.5852885,3,Halasuru Gate,41.276453733333334,0,0,0,0,0,1,0,0,1,0,0,0,0,0,0,0,0,0,0,0,0,0,0,0,0,0,0,1
13.0051417,77.755105,1,Mahadevapura,125.66120813333333,0,0,1,0,0,0,1,0,0,0,0,0,0,0,0,0,0,0,0,0,0,0,0,0,0,0,0,1
12.992609,77.5852714,3,High ground,112.91873355,0,0,0,0,0,1,0,0,0,0,0,0,1,0,0,0,0,0,0,0,0,0,0,0,0,0,0,2
13.0008671,77.5713369,1,Malleshwaram,116.41837865000001,0,0,0,0,0,1,0,0,1,0,0,0,0,0,0,0,0,0,0,0,0,0,0,0,0,0,0,1
12.9863247,77.6478879,3,Jeevanbheemanagar,75.1976845,0,0,0,0,0,1,0,0,0,1,0,0,0,0,0,0,0,0,0,0,0,0,0,0,0,0,0,1
12.9864627,77.5914893,3,Cubbon Park,139.1978808,0,0,0,0,0,1,0,0,0,0,0,0,1,0,0,0,0,0,0,0,0,0,0,0,0,0,0,1
12.9864627,77.5914893,3,Cubbon Park,139.1974978833333,0,0,0,0,0,1,0,0,0,0,0,0,1,0,0,0,0,0,0,0,0,0,0,0,0,0,0,1
12.9871235,77.5883073,3,High ground,159.15991941666667,0,0,0,0,0,1,0,0,0,0,0,0,0,0,0,0,1,0,0,0,0,0,0,0,0,0,0,1
12.9819279,77.5948338,3,Cubbon Park,60.0840213,0,0,0,0,0,1,0,0,0,0,0,0,0,0,1,0,0,0,0,0,0,0,0,0,0,0,0,1
13.0667807,77.5931388,3,Kodigehalli,146.546569,0,0,0,0,0,1,0,0,0,1,0,0,0,0,0,0,0,0,0,0,0,0,0,0,0,0,0,1
13.141795,77.6173483,3,Chikkajala,37.39451276666667,0,0,0,0,0,1,0,0,0,0,0,0,0,0,0,1,0,0,0,0,0,0,0,0,0,0,0,1
12.8795724,77.6462409,3,Electronic City,74.62887731666666,1,0,0,0,0,0,1,0,0,0,0,0,0,0,0,0,0,0,0,0,0,0,0,0,0,0,0,3
13.0193638,77.5840263,3,R.T. Nagar,173.90058326666667,0,0,0,0,0,1,0,0,0,0,0,0,0,0,0,1,0,0,0,0,0,0,0,0,0,0,0,2
13.0422576,77.6130097,3,Hebbala,5.132183783333333,0,0,0,0,0,1,0,0,0,1,0,0,0,0,0,0,0,0,0,0,0,0,0,0,0,0,0,1
12.99608379,77.66816426,3,Mahadevapura,10.619932433333334,0,0,0,0,0,1,0,0,1,0,0,0,0,0,0,0,0,0,0,0,0,0,0,0,0,0,0,1
12.9464047,77.5259337,3,Byatarayanapura,89.84200495,1,0,0,0,0,0,1,0,0,0,0,0,0,0,0,0,0,0,0,0,0,0,0,0,0,0,0,1
13.0197797,77.7096412,1,K.R. Pura,176.15276943333336,0,0,0,0,0,1,0,0,1,0,0,0,0,0,0,0,0,0,0,0,0,0,0,0,0,0,0,2
12.9988074,77.5838436,3,Sadashivanagar,147.8691517833333,0,0,0,0,0,1,0,0,0,0,0,0,1,0,0,0,0,0,0,0,0,0,0,0,0,0,0,2
13.0079815,77.662382,3,Banaswadi,130.6786535,0,0,0,0,0,1,0,0,0,1,0,0,0,0,0,0,0,0,0,0,0,0,0,0,0,0,0,1
12.9776567,77.607175,3,Shivajinagar,129.5230465,0,0,0,0,0,1,0,0,0,0,0,1,0,0,0,0,0,0,0,0,0,0,0,0,0,0,0,1
13.2573277,77.7127752,1,Devanahalli Airport,164.9871301,0,0,0,0,0,1,0,0,0,0,0,1,0,0,0,0,0,0,0,0,0,0,0,0,0,0,0,1
13.069294,77.6199559,1,Hennuru,149.56887765000002,0,0,0,0,0,1,0,0,0,1,0,0,0,0,0,0,0,0,0,0,0,0,0,0,0,0,0,1
13.0514402,77.5391192,1,Jalahalli,48.916281016666666,0,0,0,0,1,0,1,0,0,0,0,0,0,0,0,0,0,0,0,0,0,0,0,0,0,0,0,1
13.0431583,77.551585,3,Jalahalli,134.40033051666666,0,0,0,0,0,1,0,0,0,0,0,1,0,0,0,0,0,0,0,0,0,0,0,0,0,0,0,2
12.9529092,77.5375841,3,Byatarayanapura,173.71006893333333,0,0,0,0,0,1,0,0,0,0,0,1,0,0,0,0,0,0,0,0,0,0,0,0,0,0,0,1
12.9837639,77.6397066,3,Jeevanbheemanagar,150.39033826666667,0,0,0,0,0,1,0,0,0,0,0,0,0,0,0,0,1,0,0,0,0,0,0,0,0,0,0,1
13.0659031,77.5930966,3,Kodigehalli,157.58807753333335,0,0,0,0,0,1,0,0,0,0,0,0,0,0,0,0,1,0,0,0,0,0,0,0,0,0,0,1
13.0223895,77.5846407,3,R.T. Nagar,135.0457279,0,0,0,0,0,1,0,0,0,0,1,0,0,0,0,0,0,0,0,0,0,0,0,0,0,0,0,1
13.0223047,77.5846483,3,R.T. Nagar,133.3281594,0,0,0,0,0,1,0,0,0,0,1,0,0,0,0,0,0,0,0,0,0,0,0,0,0,0,0,1
13.0852483,77.5535017,1,Yelahanka,136.8639617,0,0,0,0,0,1,0,0,1,0,0,0,0,0,0,0,0,0,0,0,0,0,0,0,0,0,0,1
13.0983107,77.5988056,3,Yelahanka,122.18083983333332,0,0,0,0,0,1,0,0,0,0,0,0,0,0,1,0,0,0,0,0,0,0,0,0,0,0,0,1
13.0453082,77.5083309,3,Chikkabanavara,179.16220868333332,0,0,0,0,0,1,0,0,0,1,0,0,0,0,0,0,0,0,0,0,0,0,0,0,0,0,0,1
13.0455943,77.5070291,3,Chikkabanavara,170.07706476666667,0,0,0,0,0,1,0,0,1,0,0,0,0,0,0,0,0,0,0,0,0,0,0,0,0,0,0,1
12.9144561,77.5999649,3,Mico Layout,64.36110058333334,0,0,0,0,0,1,0,0,0,0,0,1,0,0,0,0,0,0,0,0,0,0,0,0,0,0,0,1
12.91700531,77.67319232,1,Bellandur,33.71126616666667,0,0,0,0,0,1,0,0,1,0,0,0,0,0,0,0,0,0,0,0,0,0,0,0,0,0,0,1
13.0973785,77.5981659,3,Yelahanka,157.73898606666668,0,0,0,0,0,1,0,0,0,0,0,1,0,0,0,0,0,0,0,0,0,0,0,0,0,0,0,1
12.9529706,77.5413433,3,Byatarayanapura,138.66137028333333,0,0,0,0,0,1,0,1,0,0,0,0,0,0,0,0,0,0,0,0,0,0,0,0,0,0,0,1
12.9768344,77.5861655,1,Halasuru Gate,121.21828988333333,0,0,0,0,0,1,0,0,1,0,0,0,0,0,0,0,0,0,0,0,0,0,0,0,0,0,0,1
13.0111237,77.5837318,3,Sadashivanagar,161.7478445,0,0,0,0,0,1,0,0,0,0,0,1,0,0,0,0,0,0,0,0,0,0,0,0,0,0,0,1
13.1038182,77.6007158,3,Yelahanka,9.070594583333333,0,0,0,0,0,1,0,0,0,1,0,0,0,0,0,0,0,0,0,0,0,0,0,0,0,0,0,1
12.9103918,77.6269289,3,HSR Layout,173.69887433333332,0,0,0,0,0,1,0,0,0,0,0,0,0,1,0,0,0,0,0,0,0,0,0,0,0,0,0,1
12.9889182,77.498997,3,Kamakshipalya,156.84667221666666,0,0,0,0,0,1,0,0,0,0,0,0,1,0,0,0,0,0,0,0,0,0,0,0,0,0,0,1
12.958647,77.5552335,3,Chamarajpet,41.391337183333334,0,0,0,0,0,1,0,0,0,1,0,0,0,0,0,0,0,0,0,0,0,0,0,0,0,0,0,2
12.9460623,77.4960791,1,Jnanabharathi,126.48344196666667,0,0,0,0,0,1,0,0,1,0,0,0,0,0,0,0,0,0,0,0,0,0,0,0,0,0,0,1
13.0345744,77.529696,3,Yeshwanthpura,170.38198536666667,0,0,0,0,0,1,0,0,0,1,0,0,0,0,0,0,0,0,0,0,0,0,0,0,0,0,0,1
12.9827523,77.574609,1,Sheshadripuram,120.19798588333333,0,0,0,0,0,1,0,0,1,0,0,0,0,0,0,0,0,0,0,0,0,0,0,0,0,0,0,1
12.9982804,77.6634974,3,Banaswadi,102.31517605,0,0,0,0,0,1,0,0,1,0,0,0,0,0,0,0,0,0,0,0,0,0,0,0,0,0,0,2
12.9390955,77.747372,1,Whitefield,141.78590350000002,0,1,0,0,0,0,1,0,0,0,0,0,0,0,0,0,0,0,0,0,0,0,0,0,0,0,0,1
12.9814826,77.5870684,1,Cubbon Park,154.32056586666667,0,0,0,0,0,1,0,0,0,0,1,0,0,0,0,0,0,0,0,0,0,0,0,0,0,0,0,1
12.9661888,77.5868203,3,Halasuru Gate,180.0,0,0,0,0,0,1,0,0,1,0,0,0,0,0,0,0,0,0,0,0,0,0,0,0,0,0,0,1
13.013796,77.5304516,1,Rajajinagar,165.0287925833333,0,0,0,0,0,1,0,0,0,1,0,0,0,0,0,0,0,0,0,0,0,0,0,0,0,0,0,1
13.1328612,77.6158545,3,Yelahanka,128.57489233333334,0,0,0,0,0,1,0,0,0,0,0,0,0,0,0,1,0,0,0,0,0,0,0,0,0,0,0,1
12.94561,77.4956717,1,Jnanabharathi,41.372690049999996,0,0,0,0,0,1,0,0,1,0,0,0,0,0,0,0,0,0,0,0,0,0,0,0,0,0,0,1
12.9890857,77.5078147,3,Kamakshipalya,17.968402516666668,0,0,0,0,0,1,0,0,1,0,0,0,0,0,0,0,0,0,0,0,0,0,0,0,0,0,0,1
12.9888489,77.5081285,3,Kamakshipalya,21.802958333333333,0,0,0,0,0,1,0,0,1,0,0,0,0,0,0,0,0,0,0,0,0,0,0,0,0,0,0,1
12.9842561,77.5971135,3,Cubbon Park,134.69586768333335,0,0,0,0,0,1,0,0,1,0,0,0,0,0,0,0,0,0,0,0,0,0,0,0,0,0,0,1
12.9779004,77.5490792,3,Magadi Road,152.95621995000002,0,0,0,0,0,1,0,0,1,0,0,0,0,0,0,0,0,0,0,0,0,0,0,0,0,0,0,2
13.0203275,77.7095321,1,K.R. Pura,121.7022164,0,0,0,0,0,1,0,0,0,0,1,0,0,0,0,0,0,0,0,0,0,0,0,0,0,0,0,1
12.98872,77.508568,3,Kamakshipalya,23.663874933333332,0,0,0,0,0,1,0,0,0,0,1,0,0,0,0,0,0,0,0,0,0,0,0,0,0,0,0,1
12.9591821,77.5556361,3,Chamarajpet,75.36809358333333,0,0,0,0,0,1,0,0,0,0,0,0,1,0,0,0,0,0,0,0,0,0,0,0,0,0,0,1
12.9529814,77.541538,3,Byatarayanapura,58.13958933333333,0,0,0,0,0,1,0,0,0,0,0,1,0,0,0,0,0,0,0,0,0,0,0,0,0,0,0,1
12.9889692,77.50772,3,Kamakshipalya,79.74376296666667,0,0,0,0,0,1,0,0,0,0,0,1,0,0,0,0,0,0,0,0,0,0,0,0,0,0,0,1
12.9658196,77.5954635,3,Halasuru Gate,94.79220713333333,0,0,0,0,0,1,0,0,0,0,0,0,1,0,0,0,0,0,0,0,0,0,0,0,0,0,0,1
12.968919,77.570226,1,Chamarajpet,176.47090893333333,0,0,1,0,0,0,1,0,0,0,0,0,0,0,0,0,0,0,0,0,0,0,0,0,0,0,0,1
12.9598662,77.5743609,1,V.V.Puram (C.Pet),25.561851433333334,0,0,0,0,0,1,0,0,1,0,0,0,0,0,0,0,0,0,0,0,0,0,0,0,0,0,0,1
12.9602988,77.5049763,1,Jnanabharathi,161.71242263333335,0,0,0,0,0,1,0,0,1,0,0,0,0,0,0,0,0,0,0,0,0,0,0,0,0,0,0,1
13.0427021,77.5902017,3,Kodigehalli,160.76293935,0,0,0,0,0,1,0,0,0,0,0,0,0,0,1,0,0,0,0,0,0,0,0,0,0,0,0,1
13.015908,77.5610463,3,Yeshwanthpura,50.01750633333334,0,0,0,0,0,1,0,0,1,0,0,0,0,0,0,0,0,0,0,0,0,0,0,0,0,0,0,1
13.0154652,77.7010932,1,K.R. Pura,149.31664736666667,0,0,0,0,0,1,0,0,0,0,0,0,0,0,1,0,0,0,0,0,0,0,0,0,0,0,0,2
12.9243827,77.6178836,3,Madiwala,68.04666115,0,0,0,0,0,1,0,0,0,0,0,0,0,0,0,0,1,0,0,0,0,0,0,0,0,0,0,1
13.0083147,77.6939011,1,K.R. Pura,164.55876279999998,0,0,0,0,0,1,0,0,0,0,0,1,0,0,0,0,0,0,0,0,0,0,0,0,0,0,0,1
13.0396849,77.5893608,3,Kodigehalli,174.72004448333334,0,0,0,0,0,1,0,0,0,0,0,1,0,0,0,0,0,0,0,0,0,0,0,0,0,0,0,1
12.8876902,77.5819406,1,Thalagattapura,4.964450033333334,0,0,0,0,1,0,1,0,0,0,0,0,0,0,0,0,0,0,0,0,0,0,0,0,0,0,0,1
13.0436169,77.5531968,3,Jalahalli,93.07605395,0,0,0,0,0,1,0,0,0,1,0,0,0,0,0,0,0,0,0,0,0,0,0,0,0,0,0,1
12.9386404,77.5983956,1,Wilson Garden,5.5782576666666674,0,0,0,0,0,1,0,0,0,0,0,0,1,0,0,0,0,0,0,0,0,0,0,0,0,0,0,1
12.8838862,77.6434895,3,Electronic City,13.4008989,0,0,0,0,0,1,0,0,0,0,0,1,0,0,0,0,0,0,0,0,0,0,0,0,0,0,0,1
12.9381961,77.5221042,3,Byatarayanapura,90.53504385,0,0,0,0,0,1,0,0,1,0,0,0,0,0,0,0,0,0,0,0,0,0,0,0,0,0,0,1
13.1426785,77.6177456,3,Chikkajala,162.5661768,0,0,0,0,0,1,0,0,0,1,0,0,0,0,0,0,0,0,0,0,0,0,0,0,0,0,0,2
12.9396328,77.5979386,1,Wilson Garden,11.603118716666668,0,0,0,0,0,1,0,0,0,0,0,0,0,1,0,0,0,0,0,0,0,0,0,0,0,0,0,1
12.8970929,77.600018,3,Mico Layout,158.61068255,0,0,0,0,0,1,0,0,0,0,0,1,0,0,0,0,0,0,0,0,0,0,0,0,0,0,0,2
12.922821,77.6693893,3,Bellandur,10.9303683,0,0,0,0,0,1,0,0,0,0,0,0,1,0,0,0,0,0,0,0,0,0,0,0,0,0,0,1
12.8878254,77.5819862,1,Thalagattapura,2.0047820166666668,0,0,0,0,1,0,1,0,0,0,0,0,0,0,0,0,0,0,0,0,0,0,0,0,0,0,0,1
12.9535784,77.5422814,3,Byatarayanapura,99.55250774999999,0,0,0,0,0,1,0,0,0,1,0,0,0,0,0,0,0,0,0,0,0,0,0,0,0,0,0,1
13.0413766,77.6174843,3,Hennuru,164.38129175,0,1,0,0,0,0,1,0,0,0,0,0,0,0,0,0,0,0,0,0,0,0,0,0,0,0,0,1
12.8973867,77.5999679,3,J.P. Nagar,153.00853014999998,0,0,0,0,0,1,0,0,1,0,0,0,0,0,0,0,0,0,0,0,0,0,0,0,0,0,0,1
12.9603,77.5050083,1,Jnanabharathi,13.157230550000001,0,0,0,0,0,1,0,0,1,0,0,0,0,0,0,0,0,0,0,0,0,0,0,0,0,0,0,1
12.9358395,77.6149327,3,Adugodi,66.10073248333333,0,0,0,0,0,1,0,0,1,0,0,0,0,0,0,0,0,0,0,0,0,0,0,0,0,0,0,1
12.9330433,77.6117417,3,Madiwala,71.50056616666667,0,0,0,0,0,1,0,0,0,0,0,0,1,0,0,0,0,0,0,0,0,0,0,0,0,0,0,1
13.0462281,77.6027534,3,Hebbala,18.836651933333332,0,0,0,0,0,1,0,0,0,0,0,0,0,0,1,0,0,0,0,0,0,0,0,0,0,0,0,2
13.0453194,77.5077836,3,Chikkabanavara,142.94114806666667,0,0,0,0,0,1,0,0,1,0,0,0,0,0,0,0,0,0,0,0,0,0,0,0,0,0,0,1
12.9842404,77.5877773,3,High ground,178.97106376666667,0,0,0,0,0,1,0,0,0,0,0,1,0,0,0,0,0,0,0,0,0,0,0,0,0,0,0,1
13.0206355,77.5842531,3,R.T. Nagar,157.51110735,0,0,0,0,0,1,0,0,0,0,0,1,0,0,0,0,0,0,0,0,0,0,0,0,0,0,0,1
12.9652949,77.5125659,1,Jnanabharathi,123.58397923333334,0,0,0,0,0,1,0,0,0,1,0,0,0,0,0,0,0,0,0,0,0,0,0,0,0,0,0,1
13.0087159,77.5711199,1,Malleshwaram,140.4288516,0,0,0,0,0,1,0,0,1,0,0,0,0,0,0,0,0,0,0,0,0,0,0,0,0,0,0,1
12.874187,77.6678702,1,Electronic City,151.26870599999998,0,0,0,0,0,1,0,0,0,1,0,0,0,0,0,0,0,0,0,0,0,0,0,0,0,0,0,2
12.9087962,77.6898099,1,Bellandur,154.84912486666664,0,0,0,0,0,1,0,0,1,0,0,0,0,0,0,0,0,0,0,0,0,0,0,0,0,0,0,1
13.0363604,77.6280422,3,Hennuru,153.27780298333334,0,0,0,0,0,1,0,0,1,0,0,0,0,0,0,0,0,0,0,0,0,0,0,0,0,0,0,1
12.9286395,77.5864331,1,Jayanagara,117.39218681666667,0,0,0,0,0,1,0,0,0,0,0,0,0,1,0,0,0,0,0,0,0,0,0,0,0,0,0,1
13.00594,77.5930776,1,R.T. Nagar,110.46526961666667,0,0,0,0,0,1,0,0,1,0,0,0,0,0,0,0,0,0,0,0,0,0,0,0,0,0,0,1
13.0143072,77.5678827,3,Sadashivanagar,179.58802736666667,0,0,0,0,0,1,0,0,0,0,0,0,0,0,1,0,0,0,0,0,0,0,0,0,0,0,0,3
12.8402445,77.6765368,1,Electronic City,142.66858645,0,0,0,0,0,1,0,0,0,0,0,0,0,0,0,0,1,0,0,0,0,0,0,0,0,0,0,1
13.0490119,77.4971471,1,Chikkabanavara,143.52045128333333,0,0,0,0,0,1,0,0,0,1,0,0,0,0,0,0,0,0,0,0,0,0,0,0,0,0,0,1
13.0445357,77.6433994,1,Hennuru,174.43510546666667,0,0,0,0,0,1,0,0,0,1,0,0,0,0,0,0,0,0,0,0,0,0,0,0,0,0,0,1
12.911755,77.5671317,3,K.S. Layout,140.18912068333333,0,0,0,0,0,1,0,0,0,1,0,0,0,0,0,0,0,0,0,0,0,0,0,0,0,0,0,1
12.8973434,77.5999214,3,J.P. Nagar,151.55943108333335,0,0,0,0,0,1,0,0,1,0,0,0,0,0,0,0,0,0,0,0,0,0,0,0,0,0,0,1
12.9669683,77.594879,3,Halasuru Gate,168.7615845,0,0,0,0,0,1,0,0,1,0,0,0,0,0,0,0,0,0,0,0,0,0,0,0,0,0,0,1
12.9169348,77.5867863,1,Jayanagara,172.25972878333332,0,0,0,0,0,1,0,0,1,0,0,0,0,0,0,0,0,0,0,0,0,0,0,0,0,0,0,1
13.0121587,77.5692077,1,Sadashivanagar,10.638148583333333,0,0,0,0,0,1,0,0,1,0,0,0,0,0,0,0,0,0,0,0,0,0,0,0,0,0,0,2
12.9852233,77.4846533,1,Kamakshipalya,18.394525433333335,0,0,0,0,0,1,0,0,1,0,0,0,0,0,0,0,0,0,0,0,0,0,0,0,0,0,0,1
12.9016629,77.7074641,1,Whitefield,156.82345778333334,0,0,0,0,0,1,0,0,0,0,0,0,0,0,0,0,1,0,0,0,0,0,0,0,0,0,0,1
13.0166181,77.5840799,3,Sadashivanagar,163.76337909999998,0,0,0,0,0,1,0,0,0,1,0,0,0,0,0,0,0,0,0,0,0,0,0,0,0,0,0,1
13.0313343,77.5596132,1,Yeshwanthpura,167.87309816666667,0,0,0,0,0,1,0,0,1,0,0,0,0,0,0,0,0,0,0,0,0,0,0,0,0,0,0,1
12.9590145,77.6627696,3,Jeevanbheemanagar,147.22719125,0,0,0,0,0,1,0,0,0,0,0,0,1,0,0,0,0,0,0,0,0,0,0,0,0,0,0,2
13.0436848,77.5538034,3,Jalahalli,8.985578633333335,0,0,0,0,0,1,0,0,0,0,0,0,0,1,0,0,0,0,0,0,0,0,0,0,0,0,0,1
13.0616295,77.5761282,1,Kodigehalli,16.6391068,0,0,0,0,1,0,1,0,0,0,0,0,0,0,0,0,0,0,0,0,0,0,0,0,0,0,0,1
13.0147144,77.5854668,3,R.T. Nagar,12.881734533333335,0,0,0,0,0,1,0,0,1,0,0,0,0,0,0,0,0,0,0,0,0,0,0,0,0,0,0,2
12.9291283,77.61678,3,Adugodi,131.09396868333334,0,0,0,0,0,1,0,0,0,0,0,0,0,1,0,0,0,0,0,0,0,0,0,0,0,0,0,1
12.9205088,77.6105452,1,Mico Layout,125.47169285,0,0,1,0,0,0,1,0,0,0,0,0,0,0,0,0,0,0,0,0,0,0,0,0,0,0,0,1
12.986025,77.48836,1,Kamakshipalya,19.304282750000002,0,0,1,0,0,0,1,0,0,0,0,0,0,0,0,0,0,0,0,0,0,0,0,0,0,0,0,1
12.890426,77.5981455,3,Hulimavu,164.62545848333332,0,0,0,0,0,1,0,0,0,0,0,0,0,0,1,0,0,0,0,0,0,0,0,0,0,0,0,1
13.0446608,77.5828682,3,Kodigehalli,151.16324015,0,1,0,0,0,0,1,0,0,0,0,0,0,0,0,0,0,0,0,0,0,0,0,0,0,0,0,1
13.0144783,77.5839511,3,Sadashivanagar,164.38115836666665,0,0,0,0,0,1,0,0,1,0,0,0,0,0,0,0,0,0,0,0,0,0,0,0,0,0,0,1
12.9518462,77.5209581,1,Byatarayanapura,122.5146682,0,0,0,0,0,1,0,0,0,1,0,0,0,0,0,0,0,0,0,0,0,0,0,0,0,0,0,1
13.0413611,77.6228455,3,Hennuru,147.11749838333333,0,1,0,0,0,0,1,0,0,0,0,0,0,0,0,0,0,0,0,0,0,0,0,0,0,0,0,1
13.0144881,77.5842961,3,R.T. Nagar,141.69956148333333,0,0,0,0,0,1,0,0,1,0,0,0,0,0,0,0,0,0,0,0,0,0,0,0,0,0,0,1
12.9599647,77.7473051,1,Whitefield,30.11519236666667,0,0,0,0,0,1,0,0,0,0,0,1,0,0,0,0,0,0,0,0,0,0,0,0,0,0,0,2
13.0435194,77.607812,3,Hebbala,25.278318449999997,0,0,0,0,0,1,0,0,0,0,0,0,0,0,0,0,1,0,0,0,0,0,0,0,0,0,0,1
12.8542041,77.664314,1,Electronic City,18.72494986666667,0,0,0,0,0,1,0,0,0,0,0,0,0,1,0,0,0,0,0,0,0,0,0,0,0,0,0,1
12.982533,77.5886768,3,Cubbon Park,64.28767333333333,0,0,0,0,0,1,0,0,0,0,0,0,1,0,0,0,0,0,0,0,0,0,0,0,0,0,0,1
12.9155609,77.5693985,1,Banashankari,121.33080801666667,0,0,0,0,0,1,0,0,0,0,0,1,0,0,0,0,0,0,0,0,0,0,0,0,0,0,0,1
13.0192071,77.531676,1,Rajajinagar,134.12761746666666,0,0,0,0,0,1,0,0,0,0,0,0,0,1,0,0,0,0,0,0,0,0,0,0,0,0,0,1
13.0577512,77.5932829,3,Kodigehalli,125.62659448333334,0,0,0,0,0,1,0,0,0,1,0,0,0,0,0,0,0,0,0,0,0,0,0,0,0,0,0,1
12.9681087,77.7017706,3,HAL Old Airport,102.76117878333334,0,0,0,0,0,1,0,0,1,0,0,0,0,0,0,0,0,0,0,0,0,0,0,0,0,0,0,1
12.9816007,77.5943212,3,Cubbon Park,139.3288119,0,0,0,0,0,1,0,0,0,0,0,0,0,1,0,0,0,0,0,0,0,0,0,0,0,0,0,1
12.9227384,77.6578813,3,Bellandur,142.68450548333334,0,0,0,0,0,1,0,0,0,0,0,1,0,0,0,0,0,0,0,0,0,0,0,0,0,0,0,1
12.92477953,77.67141018,3,Bellandur,0.5397454666666667,0,0,0,0,1,0,1,0,0,0,0,0,0,0,0,0,0,0,0,1,0,0,0,0,0,0,0,1
12.9874824,77.4925376,3,Kamakshipalya,125.75088415,0,0,0,0,0,1,0,0,1,0,0,0,0,0,0,0,0,0,0,0,0,0,0,0,0,0,0,1
13.0910026,77.5967663,3,Yelahanka,127.33484990000001,0,0,0,0,0,1,0,0,0,1,0,0,0,0,0,0,0,0,0,0,0,0,0,0,0,0,0,2
12.9248583,77.6179575,3,Madiwala,162.47517413333335,0,0,0,0,0,1,0,0,1,0,0,0,0,0,0,0,0,0,0,0,0,0,0,0,0,0,0,1
12.9530348,77.5397001,3,Byatarayanapura,169.77875578333334,0,0,0,0,0,1,0,0,0,0,0,0,0,1,0,0,0,0,0,0,0,0,0,0,0,0,0,1
12.998964,77.583892,3,Sadashivanagar,18.805689683333334,0,0,0,0,0,1,0,0,0,0,0,0,1,0,0,0,0,0,0,0,0,0,0,0,0,0,0,1
12.9662846,77.6069735,3,Ashok Nagar,8.3890527,0,0,0,0,0,1,0,0,1,0,0,0,0,0,0,0,0,0,0,0,0,0,0,0,0,0,0,2
12.9474326,77.5940863,1,Wilson Garden,139.53812340000002,0,0,0,0,0,1,0,0,0,0,0,0,0,1,0,0,0,0,0,0,0,0,0,0,0,0,0,1
12.998492,77.5842973,3,Sadashivanagar,112.30525148333332,0,0,0,0,0,1,0,0,0,1,0,0,0,0,0,0,0,0,0,0,0,0,0,0,0,0,0,2
12.9358498,77.6078949,1,Mico Layout,168.95754273333333,0,0,0,0,0,1,0,0,0,0,0,0,0,1,0,0,0,0,0,0,0,0,0,0,0,0,0,1
12.9965833,77.5228984,1,Kamakshipalya,177.59858733333334,0,0,0,0,0,1,0,0,0,1,0,0,0,0,0,0,0,0,0,0,0,0,0,0,0,0,0,1
12.9622772,77.5946798,1,Halasuru Gate,156.22994666666668,0,0,0,0,0,1,0,0,1,0,0,0,0,0,0,0,0,0,0,0,0,0,0,0,0,0,0,1
13.0454683,77.5221848,1,Peenya,123.47405898333334,0,0,0,0,0,1,0,0,1,0,0,0,0,0,0,0,0,0,0,0,0,0,0,0,0,0,0,1
13.0458822,77.5222063,1,Peenya,123.57956728333333,0,0,0,0,0,1,0,0,0,0,0,0,0,1,0,0,0,0,0,0,0,0,0,0,0,0,0,2
12.8395194,77.6775618,1,Electronic City,70.09457578333333,0,0,0,0,0,1,0,0,0,0,0,1,0,0,0,0,0,0,0,0,0,0,0,0,0,0,0,1
12.9609817,77.7476133,1,Whitefield,162.20873835,0,0,0,0,0,1,0,0,1,0,0,0,0,0,0,0,0,0,0,0,0,0,0,0,0,0,0,1
13.0651374,77.5931209,3,Kodigehalli,124.64598638333334,0,0,0,0,0,1,0,0,0,0,0,1,0,0,0,0,0,0,0,0,0,0,0,0,0,0,0,1
12.9888963,77.4990903,3,Kamakshipalya,9.717715233333333,0,0,0,0,0,1,0,0,0,0,0,0,1,0,0,0,0,0,0,0,0,0,0,0,0,0,0,1
12.9730184,77.5704715,1,Chamarajpet,180.0,0,0,0,0,0,1,0,0,0,1,0,0,0,0,0,0,0,0,0,0,0,0,0,0,0,0,0,1
12.9609349,77.7475901,1,Whitefield,95.57598416666666,1,0,0,0,0,0,1,0,0,0,0,0,0,0,0,0,0,0,0,0,0,0,0,0,0,0,0,3
12.9853941,77.7532091,1,Mahadevapura,179.13306785,0,0,0,0,0,1,0,0,1,0,0,0,0,0,0,0,0,0,0,0,0,0,0,0,0,0,0,1
12.9483928,77.5937297,1,Wilson Garden,61.030100583333336,0,0,0,0,0,1,0,0,1,0,0,0,0,0,0,0,0,0,0,0,0,0,0,0,0,0,0,1
12.9650934,77.586316,3,Halasuru Gate,179.15133475,0,0,0,0,0,1,0,0,0,0,0,0,0,0,1,0,0,0,0,0,0,0,0,0,0,0,0,2
13.0298275,77.539851,3,Yeshwanthpura,118.72338911666667,0,0,0,0,0,1,0,0,0,0,1,0,0,0,0,0,0,0,0,0,0,0,0,0,0,0,0,2
12.9831519,77.5883979,3,Cubbon Park,20.54189726666667,0,0,0,0,1,0,1,0,0,0,0,0,0,0,0,0,0,0,0,0,0,0,0,0,0,0,0,1
12.9573329,77.5520376,3,Byatarayanapura,151.81109195,0,0,0,0,0,1,0,0,0,0,0,0,0,0,1,0,0,0,0,0,0,0,0,0,0,0,0,1
12.9877328,77.5722905,1,Sheshadripuram,15.591014699999999,0,0,0,0,0,1,0,0,1,0,0,0,0,0,0,0,0,0,0,0,0,0,0,0,0,0,0,1
12.9870566,77.5723588,1,Sheshadripuram,4.77378955,0,0,0,0,0,1,0,0,1,0,0,0,0,0,0,0,0,0,0,0,0,0,0,0,0,0,0,1
12.9879975,77.512117,3,Kamakshipalya,15.929077366666666,0,0,0,0,0,1,0,0,0,0,0,0,1,0,0,0,0,0,0,0,0,0,0,0,0,0,0,1
12.9928164,77.5714316,1,Sheshadripuram,50.123021200000004,0,0,0,0,0,1,0,0,1,0,0,0,0,0,0,0,0,0,0,0,0,0,0,0,0,0,0,1
13.0195477,77.7085971,1,K.R. Pura,42.71937091666667,0,0,0,0,0,1,0,0,0,1,0,0,0,0,0,0,0,0,0,0,0,0,0,0,0,0,0,1
12.9754723,77.6139912,3,Shivajinagar,169.36330526666669,0,0,0,0,0,1,0,0,0,0,0,0,0,0,1,0,0,0,0,0,0,0,0,0,0,0,0,1
13.0313911,77.5358465,3,Yeshwanthpura,66.27881596666667,0,0,0,0,0,1,0,0,0,1,0,0,0,0,0,0,0,0,0,0,0,0,0,0,0,0,0,2
12.9275416,77.54690343,3,Banashankari,161.22313548333335,0,0,0,0,0,1,0,0,0,1,0,0,0,0,0,0,0,0,0,0,0,0,0,0,0,0,0,2
12.9308745,77.6141869,3,Madiwala,142.38301643333335,0,0,0,0,0,1,0,0,1,0,0,0,0,0,0,0,0,0,0,0,0,0,0,0,0,0,0,1
12.9806936,77.5706825,1,Chamarajpet,36.20208975,0,0,0,0,0,1,0,0,0,0,0,0,0,1,0,0,0,0,0,0,0,0,0,0,0,0,0,1
12.9573227,77.5521473,3,Chamarajpet,145.95585535,0,0,0,0,0,1,0,0,0,0,0,0,0,0,1,0,0,0,0,0,0,0,0,0,0,0,0,1
13.056975,77.473185,1,No Police Station,66.15222705000001,1,0,0,0,0,0,1,0,0,0,0,0,0,0,0,0,0,0,0,0,0,0,0,0,0,0,0,1
12.8798214,77.6457344,3,Electronic City,152.82025856666667,0,0,0,0,0,1,0,0,0,0,0,0,0,0,1,0,0,0,0,0,0,0,0,0,0,0,0,3
12.9060249,77.5734258,3,J.P. Nagar,155.50747633333333,0,0,0,0,0,1,0,0,0,0,1,0,0,0,0,0,0,0,0,0,0,0,0,0,0,0,0,2
12.9562658,77.547529,3,Byatarayanapura,162.41580531666665,0,0,0,0,0,1,0,0,0,1,0,0,0,0,0,0,0,0,0,0,0,0,0,0,0,0,0,2
13.0984321,77.5986965,3,Yelahanka,117.76879753333333,0,0,0,0,0,1,0,0,0,0,0,0,0,0,0,0,1,0,0,0,0,0,0,0,0,0,0,1
12.9863058,77.5890147,3,High ground,360.0,0,0,0,0,1,0,1,0,0,0,0,0,0,0,0,0,0,0,0,0,0,0,0,0,0,0,0,1
13.0404287,77.7413915,1,K.R. Pura,79.191827,1,0,0,0,0,0,1,0,0,0,0,0,0,0,0,0,0,0,0,0,0,0,0,0,0,0,0,3
12.9865858,77.5889172,3,High ground,5.4551318,0,0,0,0,0,1,0,0,0,1,0,0,0,0,0,0,0,0,0,0,0,0,0,0,0,0,0,2
13.0348153,77.5295849,3,Peenya,43.37783213333333,0,0,0,0,0,1,0,0,0,0,0,1,0,0,0,0,0,0,0,0,0,0,0,0,0,0,0,2
13.0272048,77.5858748,3,R.T. Nagar,141.37010436666665,0,0,0,0,0,1,0,0,0,0,0,1,0,0,0,0,0,0,0,0,0,0,0,0,0,0,0,1
13.0641223,77.5050987,1,Chikkabanavara,143.01197546666666,0,0,0,0,0,1,0,0,1,0,0,0,0,0,0,0,0,0,0,0,0,0,0,0,0,0,0,1
13.034997,77.5889459,3,Hebbala,152.32465779999998,0,0,0,0,0,1,0,0,0,0,0,1,0,0,0,0,0,0,0,0,0,0,0,0,0,0,0,1
12.9020853,77.6010679,3,J.P. Nagar,151.1218354833333,0,1,0,0,0,0,1,0,0,0,0,0,0,0,0,0,0,0,0,0,0,0,0,0,0,0,0,1
12.9061564,77.5732877,3,K.S. Layout,134.14196503333332,0,0,0,0,0,1,0,0,0,1,0,0,0,0,0,0,0,0,0,0,0,0,0,0,0,0,0,1
12.9532425,77.5382008,3,Byatarayanapura,11.974767750000002,0,0,0,0,0,1,0,0,0,0,0,0,0,1,0,0,0,0,0,0,0,0,0,0,0,0,0,1
12.9575199,77.5518744,3,Magadi Road,138.59510233333333,0,0,0,0,0,1,0,0,0,1,0,0,0,0,0,0,0,0,0,0,0,0,0,0,0,0,0,1
13.0402335,77.544252,3,Jalahalli,15.546527383333334,0,0,0,0,0,1,0,0,0,0,0,0,0,0,1,0,0,0,0,0,0,0,0,0,0,0,0,1
13.0728983,77.59279,3,Yelahanka,167.62863888333334,0,0,0,0,0,1,0,0,0,0,0,0,0,0,1,0,0,0,0,0,0,0,0,0,0,0,0,1
12.9440233,77.5270286,3,Byatarayanapura,156.36042121666665,0,0,0,0,0,1,0,0,0,1,0,0,0,0,0,0,0,0,0,0,0,0,0,0,0,0,0,1
12.9575083,77.5518509,3,Magadi Road,137.18970851666666,0,0,0,0,0,1,0,0,0,1,0,0,0,0,0,0,0,0,0,0,0,0,0,0,0,0,0,1
12.9914079,77.6566002,3,Banaswadi,128.01902471666668,0,0,0,0,0,1,0,0,0,0,0,0,1,0,0,0,0,0,0,0,0,0,0,0,0,0,0,1
12.9906501,77.6561562,3,Banaswadi,124.94474746666667,0,0,0,0,0,1,0,0,0,0,0,0,1,0,0,0,0,0,0,0,0,0,0,0,0,0,0,1
12.982207,77.5669262,1,Sheshadripuram,168.18527366666666,0,0,0,0,0,1,0,0,0,0,0,0,0,1,0,0,0,0,0,0,0,0,0,0,0,0,0,1
13.0197719,77.7086475,1,K.R. Pura,14.166123566666666,0,0,0,0,0,1,0,0,0,0,0,0,0,0,1,0,0,0,0,0,0,0,0,0,0,0,0,1
12.9605311,77.5569164,3,Chamarajpet,128.26160623333334,0,0,0,0,0,1,0,0,1,0,0,0,0,0,0,0,0,0,0,0,0,0,0,0,0,0,0,2
13.0976588,77.5989724,3,Yelahanka,141.0540264,0,0,0,0,0,1,0,0,1,0,0,0,0,0,0,0,0,0,0,0,0,0,0,0,0,0,0,1
13.0412739,77.6176409,3,Hennuru,72.70130863333334,0,1,0,0,0,0,1,0,0,0,0,0,0,0,0,0,0,0,0,0,0,0,0,0,0,0,0,1
12.8304088,77.6810331,1,Electronic City,65.59525101666667,0,0,0,0,0,1,0,0,0,0,0,0,0,0,0,0,1,0,0,0,0,0,0,0,0,0,0,1
13.0391412,77.6237299,3,K.G. Halli,14.030502116666666,0,0,0,0,0,1,0,0,0,0,0,1,0,0,0,0,0,0,0,0,0,0,0,0,0,0,0,1
13.0004981,77.5839985,3,Sadashivanagar,177.28181326666666,0,0,0,0,0,1,0,0,0,0,0,0,0,0,0,0,1,0,0,0,0,0,0,0,0,0,0,1
12.9932072,77.5850028,3,High ground,4.576298216666667,0,0,0,0,0,1,0,0,0,0,0,0,0,0,1,0,0,0,0,0,0,0,0,0,0,0,0,1
12.913892,77.5671955,3,Banashankari,82.4944742,0,0,0,0,0,1,0,0,1,0,0,0,0,0,0,0,0,0,0,0,0,0,0,0,0,0,0,1
12.9821926,77.5674075,1,Magadi Road,171.6455044,0,0,0,0,0,1,0,0,0,0,0,0,0,1,0,0,0,0,0,0,0,0,0,0,0,0,0,1
12.9863048,77.5886954,3,High ground,127.30101956666667,0,0,0,0,0,1,0,0,0,0,0,0,0,0,0,1,0,0,0,0,0,0,0,0,0,0,0,1
12.979913,77.5642518,1,Magadi Road,16.363326316666665,0,0,0,0,0,1,0,0,0,0,0,0,0,1,0,0,0,0,0,0,0,0,0,0,0,0,0,1
12.9996581,77.5838823,3,Sadashivanagar,124.90596423333334,0,0,0,0,0,1,0,0,0,0,0,1,0,0,0,0,0,0,0,0,0,0,0,0,0,0,0,2
13.0391723,77.7399836,1,K.R. Pura,3.21337185,0,0,0,0,0,1,0,0,0,1,0,0,0,0,0,0,0,0,0,0,0,0,0,0,0,0,0,1
13.0398967,77.5444783,3,Jalahalli,9.1037502,1,0,0,0,0,0,1,0,0,0,0,0,0,0,0,0,0,0,0,0,0,0,0,0,0,0,0,1
13.0390181,77.7400752,1,K.R. Pura,122.89680243333333,0,0,0,0,0,1,0,0,0,1,0,0,0,0,0,0,0,0,0,0,0,0,0,0,0,0,0,1
12.9794789,77.5105977,1,Jnanabharathi,153.20900648333333,0,0,0,0,0,1,0,0,1,0,0,0,0,0,0,0,0,0,0,0,0,0,0,0,0,0,0,2
13.0252361,77.5848655,3,Kodigehalli,155.48301333333333,0,0,0,0,0,1,0,0,0,0,0,0,1,0,0,0,0,0,0,0,0,0,0,0,0,0,0,2
12.9620957,77.5636074,3,Chamarajpet,94.07856273333333,0,0,0,0,0,1,0,0,1,0,0,0,0,0,0,0,0,0,0,0,0,0,0,0,0,0,0,1
12.9628603,77.7014433,3,HAL Old Airport,175.3446615,0,0,0,0,0,1,0,0,0,0,0,1,0,0,0,0,0,0,0,0,0,0,0,0,0,0,0,2
12.9137902,77.5674728,3,K.S. Layout,122.23136591666666,0,0,0,0,0,1,0,0,1,0,0,0,0,0,0,0,0,0,0,0,0,0,0,0,0,0,0,1
13.0189117,77.5839803,3,Sadashivanagar,20.718708183333334,0,0,0,0,0,1,0,0,0,0,0,0,1,0,0,0,0,0,0,0,0,0,0,0,0,0,0,2
12.9233078,77.5762663,1,Jayanagara,162.43150948333331,0,0,0,0,0,1,0,0,1,0,0,0,0,0,0,0,0,0,0,0,0,0,0,0,0,0,0,2
12.947922,77.5345219,3,Byatarayanapura,175.23095743333334,0,0,0,0,0,1,0,0,0,0,0,1,0,0,0,0,0,0,0,0,0,0,0,0,0,0,0,1
13.0395514,77.5455174,3,Yeshwanthpura,155.36596125,0,0,0,0,0,1,0,0,0,0,0,0,0,0,0,0,1,0,0,0,0,0,0,0,0,0,0,1
13.0405567,77.54633,3,Yeshwanthpura,151.91687371666666,0,0,0,0,0,1,0,0,0,0,0,0,0,0,0,0,1,0,0,0,0,0,0,0,0,0,0,1
13.0227369,77.58459,3,Sadashivanagar,112.22869901666667,1,0,0,0,0,0,1,0,0,0,0,0,0,0,0,0,0,0,0,0,0,0,0,0,0,0,0,1
13.0189335,77.5840235,3,R.T. Nagar,134.09191986666667,0,0,0,0,0,1,0,0,0,0,0,0,1,0,0,0,0,0,0,0,0,0,0,0,0,0,0,2
12.9061681,77.5856637,3,J.P. Nagar,167.39389766666667,0,0,0,0,0,1,0,0,1,0,0,0,0,0,0,0,0,0,0,0,0,0,0,0,0,0,0,1
13.040034,77.5438675,3,Jalahalli,107.86730428333334,0,0,0,0,0,1,0,0,0,1,0,0,0,0,0,0,0,0,0,0,0,0,0,0,0,0,0,1
12.9614517,77.6317933,1,Halasur,170.3982044166667,0,0,0,0,0,1,0,0,1,0,0,0,0,0,0,0,0,0,0,0,0,0,0,0,0,0,0,1
12.9871723,77.5744464,1,Sheshadripuram,123.97812303333333,0,0,0,0,0,1,0,0,0,1,0,0,0,0,0,0,0,0,0,0,0,0,0,0,0,0,0,1
13.0413024,77.6214845,3,Hennuru,138.13144895,0,1,0,0,0,0,1,0,0,0,0,0,0,0,0,0,0,0,0,0,0,0,0,0,0,0,0,1
12.983625,77.7523193,1,Whitefield,158.38204193333334,0,0,0,0,0,1,0,0,1,0,0,0,0,0,0,0,0,0,0,0,0,0,0,0,0,0,0,1
13.0227369,77.58459,3,Sadashivanagar,112.22889405,1,0,0,0,0,0,1,0,0,0,0,0,0,0,0,0,0,0,0,0,0,0,0,0,0,0,0,1
13.0445883,77.5828867,3,Kodigehalli,171.09016956666667,0,1,0,0,0,0,1,0,0,0,0,0,0,0,0,0,0,0,0,0,0,0,0,0,0,0,0,1
12.9994223,77.5411015,1,Vijayanagara,38.377358533333336,0,0,0,0,0,1,0,0,0,0,0,0,0,0,1,0,0,0,0,0,0,0,0,0,0,0,0,1
13.149579,77.6173799,3,Chikkajala,165.68900739999998,0,0,0,0,0,1,0,0,0,0,0,0,1,0,0,0,0,0,0,0,0,0,0,0,0,0,0,2
12.9473062,77.5315111,3,Byatarayanapura,140.7788181,0,0,0,0,0,1,0,0,1,0,0,0,0,0,0,0,0,0,0,0,0,0,0,0,0,0,0,1
12.9278187,77.600452,3,Mico Layout,27.85295405,0,0,0,0,0,1,0,0,0,0,0,0,0,0,1,0,0,0,0,0,0,0,0,0,0,0,0,1
12.9167352,77.5952446,1,Jayanagara,112.04517458333333,0,0,0,0,0,1,0,0,1,0,0,0,0,0,0,0,0,0,0,0,0,0,0,0,0,0,0,1
12.9597234,77.5194577,1,Byatarayanapura,134.05603198333333,0,0,0,0,0,1,0,1,0,0,0,0,0,0,0,0,0,0,0,0,0,0,0,0,0,0,0,1
12.9233554,77.5763168,1,Jayanagara,165.50786375,0,0,0,0,0,1,0,0,1,0,0,0,0,0,0,0,0,0,0,0,0,0,0,0,0,0,0,1
13.03653,77.5889783,3,Kodigehalli,146.8326054,0,0,0,0,0,1,0,0,0,0,0,1,0,0,0,0,0,0,0,0,0,0,0,0,0,0,0,1
12.8545526,77.6655761,1,Electronic City,144.3492778,0,0,0,0,0,1,0,0,0,0,0,0,1,0,0,0,0,0,0,0,0,0,0,0,0,0,0,1
13.0450748,77.508345,3,Chikkabanavara,170.22203806666667,0,0,0,0,0,1,0,0,0,0,0,0,0,0,1,0,0,0,0,0,0,0,0,0,0,0,0,2
12.9668569,77.6106922,1,Ashok Nagar,148.69968755,0,0,0,0,0,1,0,0,0,0,0,0,0,0,1,0,0,0,0,0,0,0,0,0,0,0,0,1
12.9883409,77.7298618,1,Mahadevapura,125.56208641666667,0,0,0,0,0,1,0,0,0,1,0,0,0,0,0,0,0,0,0,0,0,0,0,0,0,0,0,1
12.9635794,77.5845525,3,Halasuru Gate,39.481431066666666,0,0,0,0,0,1,0,0,1,0,0,0,0,0,0,0,0,0,0,0,0,0,0,0,0,0,0,1
13.0489105,77.5500282,1,Jalahalli,148.00881643333332,0,0,0,0,0,1,0,0,0,1,0,0,0,0,0,0,0,0,0,0,0,0,0,0,0,0,0,1
13.0597983,77.5932733,3,Kodigehalli,129.42724115,0,0,0,0,0,1,0,0,0,0,0,0,0,0,1,0,0,0,0,0,0,0,0,0,0,0,0,2
13.0192054,77.7080819,1,K.R. Pura,10.010460816666667,0,0,0,0,0,1,0,0,0,0,0,0,1,0,0,0,0,0,0,0,0,0,0,0,0,0,0,1
12.973688,77.6410815,3,Jeevanbheemanagar,146.14577888333332,0,0,0,0,0,1,0,0,1,0,0,0,0,0,0,0,0,0,0,0,0,0,0,0,0,0,0,1
12.9572593,77.7009657,3,HAL Old Airport,136.74150793333334,0,0,0,0,0,1,0,0,1,0,0,0,0,0,0,0,0,0,0,0,0,0,0,0,0,0,0,1
13.0449557,77.7482787,1,K.R. Pura,15.370875883333333,0,0,0,0,0,1,0,0,0,0,0,0,1,0,0,0,0,0,0,0,0,0,0,0,0,0,0,1
13.0237833,77.715905,1,K.R. Pura,180.0,0,0,0,0,0,1,0,0,0,0,0,1,0,0,0,0,0,0,0,0,0,0,0,0,0,0,0,1
12.9171587,77.5873127,1,Jayanagara,176.0003122,0,0,0,0,0,1,0,0,0,0,0,1,0,0,0,0,0,0,0,0,0,0,0,0,0,0,0,1
13.0167508,77.7036194,1,K.R. Pura,45.76001521666667,1,0,0,0,0,0,1,0,0,0,0,0,0,0,0,0,0,0,0,0,0,0,0,0,0,0,0,1
13.0782574,77.5926794,3,Yelahanka,175.92919691666665,0,0,0,0,0,1,0,0,0,1,0,0,0,0,0,0,0,0,0,0,0,0,0,0,0,0,0,1
12.9862133,77.6461867,3,Banaswadi,103.58550823333333,1,0,0,0,0,0,1,0,0,0,0,0,0,0,0,0,0,0,0,0,0,0,0,0,0,0,0,2
12.9682954,77.6607108,1,HAL Old Airport,137.45144716666667,0,0,0,0,0,1,0,0,1,0,0,0,0,0,0,0,0,0,0,0,0,0,0,0,0,0,0,1
13.0192626,77.6191858,1,K.G. Halli,109.28532338333333,1,0,0,0,0,0,1,0,0,0,0,0,0,0,0,0,0,0,0,0,0,0,0,0,0,0,0,1
12.9738909,77.5433266,3,Vijayanagara,152.1365812,0,0,0,0,0,1,0,0,1,0,0,0,0,0,0,0,0,0,0,0,0,0,0,0,0,0,0,2
12.972293,77.5821863,1,Halasuru Gate,127.33318510000001,0,0,0,0,0,1,0,0,1,0,0,0,0,0,0,0,0,0,0,0,0,0,0,0,0,0,0,1
13.0284816,77.5405868,3,Yeshwanthpura,123.06764621666666,0,0,0,0,0,1,0,0,0,0,1,0,0,0,0,0,0,0,0,0,0,0,0,0,0,0,0,1
12.9861828,77.646009,3,Banaswadi,167.86278541666667,0,0,0,0,0,1,0,0,0,0,0,1,0,0,0,0,0,0,0,0,0,0,0,0,0,0,0,1
12.9636634,77.5844901,3,Halasuru Gate,57.164526783333336,0,0,0,0,0,1,0,0,1,0,0,0,0,0,0,0,0,0,0,0,0,0,0,0,0,0,0,1
13.0414567,77.546055,3,Jalahalli,12.689850833333333,0,0,0,0,0,1,0,0,0,0,0,0,0,0,0,0,1,0,0,0,0,0,0,0,0,0,0,1
12.9448632,77.596977,1,Wilson Garden,144.64705874999999,0,0,0,0,0,1,0,0,1,0,0,0,0,0,0,0,0,0,0,0,0,0,0,0,0,0,0,1
12.9455401,77.5280853,3,Byatarayanapura,12.721911633333333,0,0,0,0,0,1,0,0,1,0,0,0,0,0,0,0,0,0,0,0,0,0,0,0,0,0,0,1
13.0303304,77.5372822,3,Yeshwanthpura,60.872188933333334,0,0,0,0,0,1,0,0,0,1,0,0,0,0,0,0,0,0,0,0,0,0,0,0,0,0,0,1
13.0406183,77.5467,3,Yeshwanthpura,125.79221258333334,0,0,0,0,0,1,0,0,0,0,0,0,0,0,0,0,1,0,0,0,0,0,0,0,0,0,0,1
12.9881198,77.5104661,3,Kamakshipalya,162.42947938333333,0,0,0,0,0,1,0,0,0,0,0,0,1,0,0,0,0,0,0,0,0,0,0,0,0,0,0,1
12.9906595,77.6562986,3,Banaswadi,143.64242389999998,0,0,0,0,0,1,0,0,0,0,0,0,1,0,0,0,0,0,0,0,0,0,0,0,0,0,0,2
12.9858672,77.5265477,3,Kamakshipalya,120.3438256,0,0,0,0,0,1,0,0,0,0,0,0,0,0,1,0,0,0,0,0,0,0,0,0,0,0,0,1
12.9843032,77.6029397,1,Shivajinagar,55.578412783333334,0,0,0,0,0,1,0,0,1,0,0,0,0,0,0,0,0,0,0,0,0,0,0,0,0,0,0,2
13.0423323,77.5489953,3,Jalahalli,24.837310600000002,0,0,0,0,0,1,0,0,1,0,0,0,0,0,0,0,0,0,0,0,0,0,0,0,0,0,0,1
12.9314436,77.6861075,3,HAL Old Airport,132.90213105,0,0,0,0,0,1,0,0,0,0,0,0,0,1,0,0,0,0,0,0,0,0,0,0,0,0,0,1
12.9889559,77.5078589,3,Kamakshipalya,53.36274408333334,0,0,0,0,0,1,0,0,1,0,0,0,0,0,0,0,0,0,0,0,0,0,0,0,0,0,0,1
13.0446549,77.6434811,1,Hennuru,26.506782533333332,0,0,0,0,0,1,0,0,0,1,0,0,0,0,0,0,0,0,0,0,0,0,0,0,0,0,0,1
12.9171178,77.5851136,1,Jayanagara,26.544809666666666,0,0,0,0,0,1,0,0,0,0,0,0,0,0,1,0,0,0,0,0,0,0,0,0,0,0,0,1
12.9829216,77.6378449,3,Jeevanbheemanagar,121.91749965000001,0,0,0,0,0,1,0,0,1,0,0,0,0,0,0,0,0,0,0,0,0,0,0,0,0,0,0,1
12.9233433,77.655885,3,Bellandur,129.64876438333334,0,0,0,0,0,1,0,0,0,0,0,1,0,0,0,0,0,0,0,0,0,0,0,0,0,0,0,1
12.95410975,77.54372584,3,Byatarayanapura,51.91649708333333,0,0,0,0,0,1,0,0,0,1,0,0,0,0,0,0,0,0,0,0,0,0,0,0,0,0,0,2
13.03115,77.5872166,3,Kodigehalli,134.07483773333334,0,0,0,0,0,1,0,0,0,0,0,1,0,0,0,0,0,0,0,0,0,0,0,0,0,0,0,1
12.9537342,77.5426696,3,Byatarayanapura,68.26804354999999,0,0,0,0,0,1,0,0,0,1,0,0,0,0,0,0,0,0,0,0,0,0,0,0,0,0,0,2
12.9510377,77.5747268,1,V.V.Puram (C.Pet),30.753996683333334,0,0,1,0,0,0,1,0,0,0,0,0,0,0,0,0,0,0,0,0,0,0,0,0,0,0,0,1
13.0269436,77.5435876,3,Yeshwanthpura,167.07625776666666,0,0,0,0,0,1,0,0,0,0,1,0,0,0,0,0,0,0,0,0,0,0,0,0,0,0,0,2
13.044349,77.562629,3,Jalahalli,123.44606208333333,0,0,0,0,0,1,0,0,0,1,0,0,0,0,0,0,0,0,0,0,0,0,0,0,0,0,0,1
13.0394834,77.5896122,3,Kodigehalli,159.8445915833333,0,0,0,0,0,1,0,0,0,1,0,0,0,0,0,0,0,0,0,0,0,0,0,0,0,0,0,1
12.9276546,77.6209382,3,Adugodi,131.97491155,0,0,0,0,0,1,0,0,1,0,0,0,0,0,0,0,0,0,0,0,0,0,0,0,0,0,0,1
12.9919839,77.5753274,1,Sheshadripuram,43.907065366666664,0,0,0,0,0,1,0,0,1,0,0,0,0,0,0,0,0,0,0,0,0,0,0,0,0,0,0,1
12.9560609,77.5462605,3,Byatarayanapura,170.35088356666665,0,0,0,0,0,1,0,0,1,0,0,0,0,0,0,0,0,0,0,0,0,0,0,0,0,0,0,1
12.9115311,77.5531343,1,K.S. Layout,6.4820150000000005,0,0,0,0,0,1,0,0,1,0,0,0,0,0,0,0,0,0,0,0,0,0,0,0,0,0,0,1
12.9809837,77.6111124,3,Shivajinagar,13.161401233333333,0,0,0,0,0,1,0,0,0,0,0,0,1,0,0,0,0,0,0,0,0,0,0,0,0,0,0,1
12.9666907,77.6093903,3,Ashok Nagar,165.1915805,0,0,0,0,0,1,0,0,1,0,0,0,0,0,0,0,0,0,0,0,0,0,0,0,0,0,0,1
12.9682253,77.5679771,1,Chamarajpet,160.34739996666667,0,0,0,0,0,1,0,0,1,0,0,0,0,0,0,0,0,0,0,0,0,0,0,0,0,0,0,1
13.0012616,77.6190522,3,Pulikeshinagar(F.Town),180.0,0,0,0,0,0,1,0,0,1,0,0,0,0,0,0,0,0,0,0,0,0,0,0,0,0,0,0,1
13.0417472,77.5470996,3,Jalahalli,127.09377384999999,0,0,0,0,0,1,0,0,0,0,0,0,0,0,0,0,1,0,0,0,0,0,0,0,0,0,0,1
13.0395592,77.519242,3,Peenya,123.7575525,0,0,0,0,0,1,0,0,0,0,0,1,0,0,0,0,0,0,0,0,0,0,0,0,0,0,0,1
13.0444623,77.5821031,3,Kodigehalli,166.09602718333332,0,1,0,0,0,0,1,0,0,0,0,0,0,0,0,0,0,0,0,0,0,0,0,0,0,0,0,1
12.971819,77.6067273,3,Ashok Nagar,166.43456038333335,0,0,0,0,0,1,0,0,1,0,0,0,0,0,0,0,0,0,0,0,0,0,0,0,0,0,0,1
13.0096217,77.5271817,1,Rajajinagar,133.14641321666667,0,0,0,0,0,1,0,0,0,1,0,0,0,0,0,0,0,0,0,0,0,0,0,0,0,0,0,1
12.9767271,77.5139048,1,Jnanabharathi,20.946314283333333,0,0,0,0,0,1,0,0,0,0,0,0,0,0,1,0,0,0,0,0,0,0,0,0,0,0,0,2
12.9114369,77.5534029,1,K.S. Layout,175.17194423333333,0,0,0,0,0,1,0,0,1,0,0,0,0,0,0,0,0,0,0,0,0,0,0,0,0,0,0,1
13.0022687,77.5259577,1,Rajajinagar,151.58809701666667,0,0,0,0,0,1,0,0,0,1,0,0,0,0,0,0,0,0,0,0,0,0,0,0,0,0,0,1
12.9063191,77.5869003,3,J.P. Nagar,54.41555578333334,0,0,0,0,0,1,0,0,0,1,0,0,0,0,0,0,0,0,0,0,0,0,0,0,0,0,0,1
12.988752,77.5105533,3,Kamakshipalya,122.86814890000001,0,0,0,0,0,1,0,0,0,1,0,0,0,0,0,0,0,0,0,0,0,0,0,0,0,0,0,1
13.0079964,77.6922572,1,K.R. Pura,147.3671612,0,0,0,0,0,1,0,0,0,0,0,0,0,1,0,0,0,0,0,0,0,0,0,0,0,0,0,1
12.9928216,77.5834901,3,High ground,27.87250365,0,0,0,0,0,1,0,0,1,0,0,0,0,0,0,0,0,0,0,0,0,0,0,0,0,0,0,1
12.9139817,77.6778533,1,Bellandur,124.1905287,0,0,0,0,0,1,0,0,0,0,0,1,0,0,0,0,0,0,0,0,0,0,0,0,0,0,0,1
13.0013441,77.6787302,3,K.R. Pura,152.46147718333336,0,0,0,0,0,1,0,0,0,0,0,0,0,1,0,0,0,0,0,0,0,0,0,0,0,0,0,1
13.032588,77.5334587,3,Yeshwanthpura,129.55739181666667,0,0,0,0,0,1,0,0,0,0,0,1,0,0,0,0,0,0,0,0,0,0,0,0,0,0,0,1
12.90458,77.6016321,3,J.P. Nagar,150.31087768333333,0,0,0,0,0,1,0,0,1,0,0,0,0,0,0,0,0,0,0,0,0,0,0,0,0,0,0,2
13.0405969,77.5893434,3,Kodigehalli,177.85272303333335,0,0,0,0,0,1,0,0,0,0,0,0,0,0,1,0,0,0,0,0,0,0,0,0,0,0,0,1
13.0251683,77.6597733,1,Hennuru,37.80326265,0,0,0,0,0,1,0,0,0,0,0,0,0,0,0,0,1,0,0,0,0,0,0,0,0,0,0,1
13.0429073,77.5903872,3,Kodigehalli,134.5924468,0,0,0,0,0,1,0,0,0,0,0,0,1,0,0,0,0,0,0,0,0,0,0,0,0,0,0,1
12.919975,77.6200246,3,Madiwala,70.40309615,0,0,0,0,0,1,0,0,1,0,0,0,0,0,0,0,0,0,0,0,0,0,0,0,0,0,0,1
12.9507688,77.6995792,3,HAL Old Airport,64.34689078333334,0,0,0,0,0,1,0,0,0,0,0,1,0,0,0,0,0,0,0,0,0,0,0,0,0,0,0,2
12.9760811,77.5881658,1,Cubbon Park,179.93359143333333,0,0,0,0,0,1,0,0,0,0,0,0,0,0,1,0,0,0,0,0,0,0,0,0,0,0,0,1
12.9128853,77.6003295,3,Mico Layout,131.23992878333334,0,0,0,0,0,1,0,0,0,0,0,1,0,0,0,0,0,0,0,0,0,0,0,0,0,0,0,1
12.9084083,77.6282267,3,HSR Layout,123.78411615,0,0,0,0,0,1,0,0,0,0,0,0,0,1,0,0,0,0,0,0,0,0,0,0,0,0,0,1
13.0409777,77.5453239,3,Jalahalli,164.66350893333336,0,0,0,0,0,1,0,0,0,0,0,0,1,0,0,0,0,0,0,0,0,0,0,0,0,0,0,1
12.9754646,77.6130964,3,Cubbon Park,12.456290233333334,0,0,0,0,0,1,0,0,0,0,0,0,1,0,0,0,0,0,0,0,0,0,0,0,0,0,0,1
12.8701487,77.6533914,3,Electronic City,18.99817295,0,0,0,0,0,1,0,0,1,0,0,0,0,0,0,0,0,0,0,0,0,0,0,0,0,0,0,1
12.9823019,77.6333868,3,Jeevanbheemanagar,5.209710783333334,0,0,0,0,0,1,0,0,0,0,0,1,0,0,0,0,0,0,0,0,0,0,0,0,0,0,0,1
12.9170192,77.5734491,1,Banashankari,170.76564326666667,0,0,0,0,0,1,0,0,1,0,0,0,0,0,0,0,0,0,0,0,0,0,0,0,0,0,0,1
12.9581664,77.5541415,3,Chamarajpet,162.14897713333332,0,0,0,0,0,1,0,0,1,0,0,0,0,0,0,0,0,0,0,0,0,0,0,0,0,0,0,1
13.0444469,77.5829371,3,Kodigehalli,140.25725926666667,0,1,0,0,0,0,1,0,0,0,0,0,0,0,0,0,0,0,0,0,0,0,0,0,0,0,0,1
13.0403449,77.5442776,3,Jalahalli,134.67660065,0,0,0,0,0,1,0,0,0,0,0,0,0,0,1,0,0,0,0,0,0,0,0,0,0,0,0,2
12.96984981,77.74995681,1,Whitefield,157.57161875,0,0,0,0,0,1,0,0,0,0,0,1,0,0,0,0,0,0,0,0,0,0,0,0,0,0,0,1
12.9531858,77.5418331,3,Byatarayanapura,77.41273774999999,0,0,0,0,0,1,0,0,1,0,0,0,0,0,0,0,0,0,0,0,0,0,0,0,0,0,0,1
12.9610365,77.6383557,3,Halasur,69.93821856666666,0,0,0,0,0,1,0,0,0,0,0,0,0,0,0,0,1,0,0,0,0,0,0,0,0,0,0,1
12.9759083,77.6126967,3,Shivajinagar,170.20955313333334,0,0,0,0,0,1,0,0,0,0,0,0,1,0,0,0,0,0,0,0,0,0,0,0,0,0,0,1
12.9224,77.6582723,3,Bellandur,163.4831359,0,0,0,0,0,1,0,0,1,0,0,0,0,0,0,0,0,0,0,0,0,0,0,0,0,0,0,1
12.8016982,77.7102952,1,No Police Station,179.22051994999998,0,0,0,0,0,1,0,0,0,0,0,0,0,1,0,0,0,0,0,0,0,0,0,0,0,0,0,1
12.8020944,77.7091929,1,No Police Station,120.58726776666667,0,0,0,0,0,1,0,0,0,0,0,0,0,1,0,0,0,0,0,0,0,0,0,0,0,0,0,1
12.9528091,77.5374448,3,Byatarayanapura,35.05276381666667,0,0,0,0,0,1,0,0,0,1,0,0,0,0,0,0,0,0,0,0,0,0,0,0,0,0,0,1
13.1330567,77.695735,1,Chikkajala,52.07746276666667,1,0,0,0,0,0,1,0,0,0,0,0,0,0,0,0,0,0,0,0,0,0,0,0,0,0,0,1
12.8642767,77.6578583,1,Electronic City,112.31858659999999,1,0,0,0,0,0,1,0,0,0,0,0,0,0,0,0,0,0,0,0,0,0,0,0,0,0,0,1
12.9769148,77.5892897,1,Cubbon Park,146.82724234999998,0,0,0,0,0,1,0,0,1,0,0,0,0,0,0,0,0,0,0,0,0,0,0,0,0,0,0,1
13.0347162,77.5340129,3,Yeshwanthpura,124.77399966666667,0,0,0,0,0,1,0,0,0,1,0,0,0,0,0,0,0,0,0,0,0,0,0,0,0,0,0,2
12.9735163,77.5797975,1,Upparpet,33.299465850000004,0,0,0,0,0,1,0,0,1,0,0,0,0,0,0,0,0,0,0,0,0,0,0,0,0,0,0,2
13.0288936,77.5401833,3,Yeshwanthpura,64.56195151666667,0,0,0,0,0,1,0,0,0,0,0,0,0,0,1,0,0,0,0,0,0,0,0,0,0,0,0,2
12.9234922,77.61877,3,Madiwala,35.21883235,0,0,0,0,0,1,0,0,0,0,0,0,0,0,0,0,1,0,0,0,0,0,0,0,0,0,0,1
13.0413786,77.621576,3,Hennuru,108.22733615,0,1,0,0,0,0,1,0,0,0,0,0,0,0,0,0,0,0,0,0,0,0,0,0,0,0,0,1
12.9671821,77.5944014,3,Halasuru Gate,125.83453525,0,0,0,0,0,1,0,0,1,0,0,0,0,0,0,0,0,0,0,0,0,0,0,0,0,0,0,1
13.0773066,77.4310221,1,No Police Station,145.07202671666667,0,0,0,0,0,1,0,0,0,1,0,0,0,0,0,0,0,0,0,0,0,0,0,0,0,0,0,1
12.9700189,77.587367,3,Halasuru Gate,143.03735675000001,0,0,0,0,0,1,0,0,1,0,0,0,0,0,0,0,0,0,0,0,0,0,0,0,0,0,0,1
12.9700189,77.587367,3,Halasuru Gate,2.2310387166666668,0,0,0,0,0,1,0,0,1,0,0,0,0,0,0,0,0,0,0,0,0,0,0,0,0,0,0,1
12.9662158,77.6066903,3,Ashok Nagar,57.2864581,0,0,0,0,0,1,0,0,1,0,0,0,0,0,0,0,0,0,0,0,0,0,0,0,0,0,0,1
12.9616217,77.5605746,3,Chamarajpet,177.45777991666668,0,0,0,0,0,1,0,0,1,0,0,0,0,0,0,0,0,0,0,0,0,0,0,0,0,0,0,1
12.8906153,77.598287,3,Mico Layout,61.725270716666664,0,0,0,0,0,1,0,0,0,0,0,0,0,0,1,0,0,0,0,0,0,0,0,0,0,0,0,1
13.0755,77.4322525,1,No Police Station,158.80465588333334,0,0,0,0,0,1,0,0,0,1,0,0,0,0,0,0,0,0,0,0,0,0,0,0,0,0,0,1
12.9672067,77.5942167,3,Halasuru Gate,176.2586277,0,0,0,0,0,1,0,0,1,0,0,0,0,0,0,0,0,0,0,0,0,0,0,0,0,0,0,1
12.8387034,77.677288,1,Electronic City,144.07803846666667,0,0,0,0,0,1,0,0,0,0,0,0,0,0,0,0,1,0,0,0,0,0,0,0,0,0,0,1
12.9895692,77.5929043,1,High ground,133.27099798333333,0,0,0,0,0,1,0,0,0,1,0,0,0,0,0,0,0,0,0,0,0,0,0,0,0,0,0,2
13.0425383,77.5875,3,Kodigehalli,135.71405885000001,0,0,0,0,0,1,0,0,0,0,0,0,0,1,0,0,0,0,0,0,0,0,0,0,0,0,0,1
12.9670049,77.5880678,3,Halasuru Gate,9.91719885,0,0,0,0,0,1,0,0,1,0,0,0,0,0,0,0,0,0,0,0,0,0,0,0,0,0,0,1
12.9873679,77.5880617,3,High ground,95.13714321666666,0,0,0,0,0,1,0,0,0,1,0,0,0,0,0,0,0,0,0,0,0,0,0,0,0,0,0,3
13.1405683,77.6175583,3,Chikkajala,36.75851303333333,0,0,0,0,0,1,0,0,0,0,0,0,1,0,0,0,0,0,0,0,0,0,0,0,0,0,0,1
12.9661525,77.606514,3,Ashok Nagar,135.56645735,0,0,0,0,0,1,0,0,1,0,0,0,0,0,0,0,0,0,0,0,0,0,0,0,0,0,0,1
13.0429419,77.5510705,3,Jalahalli,175.78652098333333,0,0,0,0,0,1,0,0,0,0,0,1,0,0,0,0,0,0,0,0,0,0,0,0,0,0,0,2
13.042595,77.5500417,3,Jalahalli,127.72056803333334,0,0,0,0,0,1,0,0,0,1,0,0,0,0,0,0,0,0,0,0,0,0,0,0,0,0,0,1
12.9743893,77.578041,1,Upparpet,123.43706268333334,0,0,0,0,0,1,0,0,1,0,0,0,0,0,0,0,0,0,0,0,0,0,0,0,0,0,0,1
13.0324115,77.5408009,3,Yeshwanthpura,176.41872826666668,0,0,0,0,0,1,0,0,0,0,0,0,0,0,0,0,1,0,0,0,0,0,0,0,0,0,0,1
12.9698083,77.5870921,3,Halasuru Gate,13.030755666666666,0,0,0,0,0,1,0,0,0,1,0,0,0,0,0,0,0,0,0,0,0,0,0,0,0,0,0,1
12.9899532,77.5027422,3,Kamakshipalya,29.79472086666667,0,0,0,0,0,1,0,0,0,0,0,0,1,0,0,0,0,0,0,0,0,0,0,0,0,0,0,1
13.0816411,77.548486,1,Yelahanka,150.04397508333335,0,0,0,0,0,1,0,0,0,0,0,1,0,0,0,0,0,0,0,0,0,0,0,0,0,0,0,1
12.9982874,77.584033,3,Sadashivanagar,23.743930483333333,0,0,0,0,0,1,0,0,0,0,0,1,0,0,0,0,0,0,0,0,0,0,0,0,0,0,0,1
13.0187546,77.5575815,3,Yeshwanthpura,50.50448333333333,0,0,0,0,0,1,0,0,1,0,0,0,0,0,0,0,0,0,0,0,0,0,0,0,0,0,0,1
13.0391447,77.5200292,3,Peenya,29.0898873,0,0,0,0,0,1,0,0,0,0,0,1,0,0,0,0,0,0,0,0,0,0,0,0,0,0,0,1
13.0065301,77.6875972,1,K.R. Pura,180.0,0,0,0,0,0,1,0,0,0,0,0,0,1,0,0,0,0,0,0,0,0,0,0,0,0,0,0,2
12.9899396,77.5027743,3,Kamakshipalya,138.77848516666666,0,0,0,0,0,1,0,0,0,0,0,0,0,0,0,0,1,0,0,0,0,0,0,0,0,0,0,1
12.9892555,77.5008041,3,Kamakshipalya,130.24361860000002,0,0,1,0,0,0,1,0,0,0,0,0,0,0,0,0,0,0,0,0,0,0,0,0,0,0,0,1
13.1824777,77.6396999,3,Chikkajala,153.1000931833333,0,0,0,0,0,1,0,0,0,0,0,0,0,0,0,0,1,0,0,0,0,0,0,0,0,0,0,2
12.938803,77.7474107,1,Whitefield,125.72799239999999,0,1,0,0,0,0,1,0,0,0,0,0,0,0,0,0,0,0,0,0,0,0,0,0,0,0,0,1
12.9832629,77.5970564,3,Cubbon Park,15.373663483333333,0,0,0,0,0,1,0,0,0,0,0,0,0,0,1,0,0,0,0,0,0,0,0,0,0,0,0,2
12.8800628,77.5956054,3,J.P. Nagar,139.50854508333333,0,0,0,0,0,1,0,0,0,1,0,0,0,0,0,0,0,0,0,0,0,0,0,0,0,0,0,1
12.8800913,77.595619,3,J.P. Nagar,136.82376545,0,0,0,0,0,1,0,0,0,1,0,0,0,0,0,0,0,0,0,0,0,0,0,0,0,0,0,1
13.0434302,77.6083468,3,Hebbala,118.96069776666667,1,0,0,0,0,0,1,0,0,0,0,0,0,0,0,0,0,0,0,0,0,0,0,0,0,0,0,1
13.0460978,77.5652014,3,Kodigehalli,129.45195341666667,0,0,0,0,0,1,0,0,0,0,0,0,0,0,0,0,1,0,0,0,0,0,0,0,0,0,0,2
12.8779683,77.6468617,3,Electronic City,88.63287516666666,0,0,0,0,0,1,0,0,0,1,0,0,0,0,0,0,0,0,0,0,0,0,0,0,0,0,0,1
12.9663203,77.6067507,3,Ashok Nagar,85.63499211666667,0,0,0,0,0,1,0,0,0,0,0,0,1,0,0,0,0,0,0,0,0,0,0,0,0,0,0,2
13.0497262,77.5925855,3,Kodigehalli,170.9044586,0,0,0,0,0,1,0,0,0,0,0,0,0,1,0,0,0,0,0,0,0,0,0,0,0,0,0,1
12.9455071,77.5280189,3,Byatarayanapura,159.15701176666667,0,0,0,0,0,1,0,0,1,0,0,0,0,0,0,0,0,0,0,0,0,0,0,0,0,0,0,1
12.9358567,77.6074868,1,Mico Layout,158.52410360000002,0,0,0,0,0,1,0,0,1,0,0,0,0,0,0,0,0,0,0,0,0,0,0,0,0,0,0,2
12.9525136,77.5414564,3,Byatarayanapura,169.12031943333335,0,0,0,0,0,1,0,0,1,0,0,0,0,0,0,0,0,0,0,0,0,0,0,0,0,0,0,1
13.038477,77.6254178,3,K.G. Halli,164.93411365,0,0,0,0,0,1,0,0,0,0,0,0,1,0,0,0,0,0,0,0,0,0,0,0,0,0,0,2
12.8778777,77.6459877,3,Hulimavu,179.08031351666665,0,0,0,0,0,1,0,0,0,1,0,0,0,0,0,0,0,0,0,0,0,0,0,0,0,0,0,1
12.959984,77.5719862,1,V.V.Puram (C.Pet),31.814843783333334,1,0,0,0,0,0,1,0,0,0,0,0,0,0,0,0,0,0,0,0,0,0,0,0,0,0,0,1
13.0065695,77.5785283,1,Sadashivanagar,16.525977933333333,0,0,0,0,0,1,0,0,0,1,0,0,0,0,0,0,0,0,0,0,0,0,0,0,0,0,0,1
12.9387798,77.7473658,1,Whitefield,175.86823988333333,0,1,0,0,0,0,1,0,0,0,0,0,0,0,0,0,0,0,0,0,0,0,0,0,0,0,0,1
13.0126147,77.6258667,3,Banaswadi,154.85509743333333,0,0,0,0,0,1,0,0,0,0,0,0,1,0,0,0,0,0,0,0,0,0,0,0,0,0,0,2
13.03203291,77.53807068,3,Yeshwanthpura,120.0,0,0,0,1,0,0,1,0,0,0,0,0,0,0,0,0,0,0,0,0,0,0,0,0,0,0,0,1
13.0683114,77.5927336,3,Kodigehalli,129.67234948333333,0,0,0,0,0,1,0,0,0,0,0,0,0,0,0,0,1,0,0,0,0,0,0,0,0,0,0,1
13.0961315,77.5982632,3,Yelahanka,127.36911526666667,0,0,0,0,0,1,0,0,0,1,0,0,0,0,0,0,0,0,0,0,0,0,0,0,0,0,0,2
12.9067999,77.4733536,3,Kengeri,125.88336815,0,0,0,0,0,1,0,0,0,0,1,0,0,0,0,0,0,0,0,0,0,0,0,0,0,0,0,2
12.9209377,77.6646998,3,Bellandur,122.0524607,0,0,0,0,0,1,0,0,1,0,0,0,0,0,0,0,0,0,0,0,0,0,0,0,0,0,0,1
13.0394949,77.5188449,3,Peenya,157.31872321666665,0,0,0,0,0,1,0,0,0,1,0,0,0,0,0,0,0,0,0,0,0,0,0,0,0,0,0,2
12.9659918,77.6172264,1,Halasur,137.83656195,0,0,0,0,0,1,0,0,0,0,0,1,0,0,0,0,0,0,0,0,0,0,0,0,0,0,0,1
13.0034417,77.5840917,3,Sadashivanagar,129.64654431666665,0,0,0,0,0,1,0,0,0,0,0,0,0,0,1,0,0,0,0,0,0,0,0,0,0,0,0,2
12.99965,77.67486,3,Banaswadi,5.492729283333333,0,0,0,0,0,1,0,0,0,1,0,0,0,0,0,0,0,0,0,0,0,0,0,0,0,0,0,1
13.04013,77.5187098,3,Peenya,71.25627258333334,0,0,0,0,0,1,0,0,1,0,0,0,0,0,0,0,0,0,0,0,0,0,0,0,0,0,0,1
12.9701113,77.5128313,1,Jnanabharathi,177.8926414833333,0,0,0,0,0,1,0,0,0,1,0,0,0,0,0,0,0,0,0,0,0,0,0,0,0,0,0,2
13.0079479,77.6923977,1,K.R. Pura,360.0,0,0,0,0,1,0,1,0,0,0,0,0,0,0,0,0,0,0,0,0,0,0,0,0,0,0,0,1
12.9169884,77.5864023,1,Jayanagara,66.43240593333333,0,0,0,0,0,1,0,0,0,0,0,0,0,0,0,1,0,0,0,0,0,0,0,0,0,0,0,1
13.0329723,77.5409064,3,Yeshwanthpura,150.53925328333335,0,0,0,0,0,1,0,0,0,0,0,1,0,0,0,0,0,0,0,0,0,0,0,0,0,0,0,2
13.0830306,77.594048,3,Yelahanka,145.19900633333333,0,0,0,0,0,1,0,0,0,1,0,0,0,0,0,0,0,0,0,0,0,0,0,0,0,0,0,1
12.9624901,77.5048062,1,Jnanabharathi,128.20253841666667,0,0,0,0,0,1,0,0,1,0,0,0,0,0,0,0,0,0,0,0,0,0,0,0,0,0,0,1
12.9121791,77.5996927,3,J.P. Nagar,10.444769366666666,0,0,0,0,1,0,1,0,0,0,0,0,0,0,0,0,0,0,0,0,0,0,0,0,0,0,0,1
13.0408889,77.6173675,3,Hennuru,144.87901683333334,0,0,0,0,0,1,0,0,0,1,0,0,0,0,0,0,0,0,0,0,0,0,0,0,0,0,0,3
12.9813487,77.586468,1,High ground,129.78675023333332,0,0,0,0,0,1,0,0,0,0,0,0,0,0,1,0,0,0,0,0,0,0,0,0,0,0,0,1
13.010537,77.5066748,1,Peenya,146.71914375,0,0,0,0,0,1,0,0,1,0,0,0,0,0,0,0,0,0,0,0,0,0,0,0,0,0,0,2
13.0422785,77.5147766,3,Peenya,122.92647503333333,0,0,0,0,0,1,0,0,1,0,0,0,0,0,0,0,0,0,0,0,0,0,0,0,0,0,0,1
12.9611979,77.558602,3,Chamarajpet,112.05360535,0,0,0,0,0,1,0,0,1,0,0,0,0,0,0,0,0,0,0,0,0,0,0,0,0,0,0,1
12.9170026,77.5888015,1,Jayanagara,55.35562983333333,0,0,0,0,0,1,0,0,0,0,0,0,1,0,0,0,0,0,0,0,0,0,0,0,0,0,0,1
12.967055,77.5883516,3,Halasuru Gate,141.46629323333335,0,0,0,0,0,1,0,0,1,0,0,0,0,0,0,0,0,0,0,0,0,0,0,0,0,0,0,1
12.9814448,77.5865738,1,High ground,132.51102516666666,0,0,0,0,0,1,0,0,0,0,0,0,0,0,1,0,0,0,0,0,0,0,0,0,0,0,0,1
13.0189656,77.5838671,3,Sadashivanagar,146.3850152,0,0,0,0,0,1,0,0,0,0,0,1,0,0,0,0,0,0,0,0,0,0,0,0,0,0,0,1
13.0413286,77.6226459,3,Hennuru,154.1986097,0,0,0,0,0,1,0,0,0,0,0,1,0,0,0,0,0,0,0,0,0,0,0,0,0,0,0,1
12.9922698,77.6102106,1,Pulikeshinagar(F.Town),172.5378062,0,0,0,0,0,1,0,0,0,0,0,1,0,0,0,0,0,0,0,0,0,0,0,0,0,0,0,1
12.9757319,77.5622752,3,Magadi Road,126.39794986666668,0,0,0,0,0,1,0,0,0,0,0,0,1,0,0,0,0,0,0,0,0,0,0,0,0,0,0,1
13.0406477,77.5176753,3,Chikkabanavara,157.8754903,0,0,0,0,0,1,0,0,0,0,0,1,0,0,0,0,0,0,0,0,0,0,0,0,0,0,0,1
12.9870361,77.5193546,3,Kamakshipalya,168.9959197,0,0,0,0,0,1,0,0,1,0,0,0,0,0,0,0,0,0,0,0,0,0,0,0,0,0,0,1
13.0361893,77.5255195,3,Peenya,150.3435963,0,0,0,0,0,1,0,0,0,0,0,0,0,0,1,0,0,0,0,0,0,0,0,0,0,0,0,2
12.8925839,77.5999375,3,Mico Layout,86.29304546666667,0,0,0,0,0,1,0,0,0,1,0,0,0,0,0,0,0,0,0,0,0,0,0,0,0,0,0,1
13.029682,77.5381588,3,Yeshwanthpura,164.52599995,0,0,0,0,0,1,0,0,1,0,0,0,0,0,0,0,0,0,0,0,0,0,0,0,0,0,0,2
12.9612139,77.5589235,3,Chamarajpet,153.75840548333332,0,0,0,0,0,1,0,0,0,0,0,1,0,0,0,0,0,0,0,0,0,0,0,0,0,0,0,2
12.9684489,77.7013454,3,HAL Old Airport,130.78955748333334,0,0,0,0,0,1,0,0,1,0,0,0,0,0,0,0,0,0,0,0,0,0,0,0,0,0,0,1
13.0299433,77.5631657,1,Sadashivanagar,83.82442098333333,0,0,0,0,1,0,1,0,0,0,0,0,0,0,0,0,0,0,0,0,0,0,0,0,0,0,0,1
13.0242951,77.6437549,3,Hennuru,147.95908696666666,0,0,0,0,0,1,0,0,0,0,0,0,0,1,0,0,0,0,0,0,0,0,0,0,0,0,0,1
13.0451595,77.5079599,3,Chikkabanavara,160.23118225000002,0,0,0,0,0,1,0,0,0,0,0,0,0,0,1,0,0,0,0,0,0,0,0,0,0,0,0,2
13.0451918,77.5080196,3,Chikkabanavara,164.4334127333333,0,0,0,0,0,1,0,0,0,0,0,0,0,0,1,0,0,0,0,0,0,0,0,0,0,0,0,1
13.0467948,77.5037252,1,Chikkabanavara,175.13048713333333,0,0,0,0,0,1,0,0,0,0,0,0,0,0,0,0,1,0,0,0,0,0,0,0,0,0,0,1
12.9689732,77.5875001,3,Halasuru Gate,110.00090083333333,0,0,0,0,0,1,0,0,0,0,0,0,0,0,1,0,0,0,0,0,0,0,0,0,0,0,0,1
13.041398,77.6223102,3,Hennuru,115.77675745,0,1,0,0,0,0,1,0,0,0,0,0,0,0,0,0,0,0,0,0,0,0,0,0,0,0,0,1
12.9900222,77.5994434,1,Shivajinagar,147.74409355,0,0,0,0,0,1,0,0,1,0,0,0,0,0,0,0,0,0,0,0,0,0,0,0,0,0,0,1
12.997975,77.553098,3,Rajajinagar,43.553649566666664,0,0,0,0,0,1,0,0,0,0,1,0,0,0,0,0,0,0,0,0,0,0,0,0,0,0,0,2
13.0956139,77.5977404,3,Yelahanka,127.4417491,0,0,0,0,0,1,0,0,0,0,0,0,0,1,0,0,0,0,0,0,0,0,0,0,0,0,0,1
13.0389423,77.5198575,3,Peenya,7.989997,0,0,0,0,0,1,0,0,1,0,0,0,0,0,0,0,0,0,0,0,0,0,0,0,0,0,0,1
12.9603835,77.5627726,3,Chamarajpet,171.22604933333332,0,0,1,0,0,0,1,0,0,0,0,0,0,0,0,0,0,0,0,0,0,0,0,0,0,0,0,1
13.0074068,77.6894547,1,K.R. Pura,8.7919678,0,0,0,0,0,1,0,0,0,0,0,0,1,0,0,0,0,0,0,0,0,0,0,0,0,0,0,1
12.9900222,77.5994434,1,Shivajinagar,147.74298965,0,0,0,0,0,1,0,0,1,0,0,0,0,0,0,0,0,0,0,0,0,0,0,0,0,0,0,1
13.0298692,77.5868639,3,Kodigehalli,93.56210676666666,1,0,0,0,0,0,1,0,0,0,0,0,0,0,0,0,0,0,0,0,0,0,0,0,0,0,0,3
12.9556017,77.5456522,3,Byatarayanapura,39.028780866666665,1,0,0,0,0,0,1,0,0,0,0,0,0,0,0,0,0,0,0,0,0,0,0,0,0,0,0,1
12.9759979,77.5877267,1,Cubbon Park,179.2151144166667,0,0,0,0,0,1,0,0,1,0,0,0,0,0,0,0,0,0,0,0,0,0,0,0,0,0,0,1
13.0452516,77.5807066,3,Kodigehalli,128.37857145,0,1,0,0,0,0,1,0,0,0,0,0,0,0,0,0,0,0,0,0,0,0,0,0,0,0,0,1
13.034193,77.5299535,3,Yeshwanthpura,130.51300208333333,0,0,0,0,0,1,0,0,1,0,0,0,0,0,0,0,0,0,0,0,0,0,0,0,0,0,0,2
12.9470254,77.5316674,3,Byatarayanapura,139.49105951666667,0,0,0,0,0,1,0,0,0,0,1,0,0,0,0,0,0,0,0,0,0,0,0,0,0,0,0,1
13.0353033,77.52756,3,Peenya,9.854202483333333,0,0,0,0,0,1,0,0,0,1,0,0,0,0,0,0,0,0,0,0,0,0,0,0,0,0,0,1
13.0829633,77.59313,3,Yelahanka,105.73423235,0,0,0,0,0,1,0,0,0,1,0,0,0,0,0,0,0,0,0,0,0,0,0,0,0,0,0,2
13.0357761,77.5311057,3,Yeshwanthpura,165.37934761666665,0,0,0,0,0,1,0,0,0,1,0,0,0,0,0,0,0,0,0,0,0,0,0,0,0,0,0,1
13.0074068,77.6894547,1,K.R. Pura,144.21498431666666,0,0,0,0,0,1,0,0,0,0,0,0,1,0,0,0,0,0,0,0,0,0,0,0,0,0,0,1
12.9284472,77.6000362,3,Jayanagara,125.8912745,0,0,0,0,0,1,0,0,0,0,0,0,0,1,0,0,0,0,0,0,0,0,0,0,0,0,0,1
13.0467206,77.5917186,3,Kodigehalli,162.74605103333334,0,0,0,0,0,1,0,0,0,0,0,0,0,0,0,1,0,0,0,0,0,0,0,0,0,0,0,2
12.935647,77.6933481,3,HAL Old Airport,82.21110071666666,0,0,0,0,0,1,0,0,0,1,0,0,0,0,0,0,0,0,0,0,0,0,0,0,0,0,0,1
13.0460337,77.5049771,3,Peenya,131.91074141666667,0,0,0,0,0,1,0,0,0,0,1,0,0,0,0,0,0,0,0,0,0,0,0,0,0,0,0,2
12.9283986,77.5999618,3,Jayanagara,40.98784286666667,0,0,0,0,0,1,0,0,0,0,0,0,0,1,0,0,0,0,0,0,0,0,0,0,0,0,0,1
13.0081053,77.6956329,1,K.R. Pura,155.75931128333335,0,0,0,0,0,1,0,0,0,0,0,0,0,1,0,0,0,0,0,0,0,0,0,0,0,0,0,1
13.0091574,77.6622936,3,Banaswadi,41.37271345,1,0,0,0,0,0,1,0,0,0,0,0,0,0,0,0,0,0,0,0,0,0,0,0,0,0,0,1
12.9888515,77.5084027,3,Kamakshipalya,163.21830605,0,0,0,0,0,1,0,0,0,0,0,0,0,0,0,0,1,0,0,0,0,0,0,0,0,0,0,2
13.11539,77.6071067,3,Yelahanka,162.22739125,0,0,0,0,0,1,0,0,0,0,0,0,0,0,0,1,0,0,0,0,0,0,0,0,0,0,0,2
12.9433634,77.5778127,1,Basavanagudi,43.65989811666667,1,0,0,0,0,0,1,0,0,0,0,0,0,0,0,0,0,0,0,0,0,0,0,0,0,0,0,1
12.9434044,77.5778786,1,Basavanagudi,41.838232833333336,1,0,0,0,0,0,1,0,0,0,0,0,0,0,0,0,0,0,0,0,0,0,0,0,0,0,0,1
12.9880117,77.5098991,3,Kamakshipalya,139.23869908333333,0,0,0,0,0,1,0,0,0,1,0,0,0,0,0,0,0,0,0,0,0,0,0,0,0,0,0,1
13.0193245,77.5529483,3,Yeshwanthpura,22.2301904,0,0,0,0,0,1,0,0,1,0,0,0,0,0,0,0,0,0,0,0,0,0,0,0,0,0,0,2
12.9587208,77.5931516,1,Halasuru Gate,133.88010061666668,0,0,0,0,0,1,0,0,0,0,0,1,0,0,0,0,0,0,0,0,0,0,0,0,0,0,0,2
13.0382283,77.626245,3,Hennuru,138.1167083,0,1,0,0,0,0,1,0,0,0,0,0,0,0,0,0,0,0,0,0,0,0,0,0,0,0,0,1
12.9853022,77.6436693,3,Banaswadi,162.41174288333335,0,0,0,0,0,1,0,0,0,1,0,0,0,0,0,0,0,0,0,0,0,0,0,0,0,0,0,1
12.9360068,77.7070682,1,HAL Old Airport,39.09507745,0,0,1,0,0,0,1,0,0,0,0,0,0,0,0,0,0,0,0,0,0,0,0,0,0,0,0,1
13.0474691,77.5723147,3,Kodigehalli,132.69936078333333,0,0,0,0,0,1,0,0,0,1,0,0,0,0,0,0,0,0,0,0,0,0,0,0,0,0,0,1
13.0369084,77.5894315,3,Hebbala,148.01323106666666,0,0,0,0,0,1,0,0,0,1,0,0,0,0,0,0,0,0,0,0,0,0,0,0,0,0,0,2
13.0369092,77.5894681,3,Hebbala,140.0774324,0,0,0,0,0,1,0,0,0,1,0,0,0,0,0,0,0,0,0,0,0,0,0,0,0,0,0,1
13.0310562,77.5405823,3,Yeshwanthpura,152.03184185,0,0,0,0,0,1,0,0,0,1,0,0,0,0,0,0,0,0,0,0,0,0,0,0,0,0,0,2
13.0410583,77.622995,3,Hennuru,154.0201558166667,0,0,0,0,0,1,0,0,0,0,0,1,0,0,0,0,0,0,0,0,0,0,0,0,0,0,0,1
12.9665342,77.5050712,1,Jnanabharathi,7.453080083333333,0,0,0,0,0,1,0,0,0,0,0,1,0,0,0,0,0,0,0,0,0,0,0,0,0,0,0,1
13.0036663,77.6171413,3,Pulikeshinagar(F.Town),68.80150233333333,1,0,0,0,0,0,1,0,0,0,0,0,0,0,0,0,0,0,0,0,0,0,0,0,0,0,0,1
13.0460949,77.6022145,3,Hebbala,175.00512745,0,0,0,0,0,1,0,0,0,0,0,0,0,0,1,0,0,0,0,0,0,0,0,0,0,0,0,1
13.0803194,77.5925547,3,Yelahanka,167.59167146666667,0,0,0,0,0,1,0,0,0,0,0,1,0,0,0,0,0,0,0,0,0,0,0,0,0,0,0,1
12.9680242,77.6003686,3,Cubbon Park,160.61136948333333,0,0,0,0,0,1,0,0,0,0,0,0,0,0,1,0,0,0,0,0,0,0,0,0,0,0,0,1
13.0368728,77.5892809,3,Kodigehalli,153.33397664999998,0,0,0,0,0,1,0,0,0,1,0,0,0,0,0,0,0,0,0,0,0,0,0,0,0,0,0,1
12.9378809,77.5211092,3,Byatarayanapura,111.61205211666667,0,0,0,0,0,1,0,0,1,0,0,0,0,0,0,0,0,0,0,0,0,0,0,0,0,0,0,1
12.9665079,77.5871803,3,Halasuru Gate,173.43006293333335,0,0,0,0,0,1,0,0,0,0,0,0,0,0,1,0,0,0,0,0,0,0,0,0,0,0,0,1
12.95932396,77.65444326,3,Jeevanbheemanagar,178.78923703333334,0,0,0,0,0,1,0,0,1,0,0,0,0,0,0,0,0,0,0,0,0,0,0,0,0,0,0,1
12.9663931,77.5871595,3,Halasuru Gate,76.89549488333334,1,0,0,0,0,0,1,0,0,0,0,0,0,0,0,0,0,0,0,0,0,0,0,0,0,0,0,1
12.9680089,77.6004777,3,Ashok Nagar,125.65330900000001,0,0,0,0,0,1,0,0,0,0,0,0,0,0,1,0,0,0,0,0,0,0,0,0,0,0,0,1
12.9375353,77.5208464,3,Byatarayanapura,166.9408235,0,0,0,0,0,1,0,0,0,0,0,1,0,0,0,0,0,0,0,0,0,0,0,0,0,0,0,2
12.9982847,77.6722483,1,Banaswadi,38.49233733333333,0,0,0,0,0,1,0,0,0,0,1,0,0,0,0,0,0,0,0,0,0,0,0,0,0,0,0,1
12.9752471,77.5706111,1,Chamarajpet,151.20998183333333,0,0,0,0,0,1,0,0,0,0,0,0,0,0,0,1,0,0,0,0,0,0,0,0,0,0,0,1
12.93753,77.6274494,3,Adugodi,91.30090236666666,0,0,0,0,0,1,0,0,0,0,0,0,1,0,0,0,0,0,0,0,0,0,0,0,0,0,0,1
12.9715101,77.5684949,1,Chamarajpet,360.0,0,0,0,0,1,0,1,0,0,0,0,0,0,0,0,0,0,0,0,0,0,0,0,0,0,0,0,1
13.0655698,77.4533063,1,No Police Station,165.10682356666666,0,0,0,0,0,1,0,0,0,0,0,1,0,0,0,0,0,0,0,0,0,0,0,0,0,0,0,1
12.9688585,77.5901555,3,Halasuru Gate,132.30025158333333,0,0,0,0,0,1,0,0,0,0,0,0,1,0,0,0,0,0,0,0,0,0,0,0,0,0,0,1
12.9703792,77.6066712,3,Ashok Nagar,154.17580068333334,0,0,0,0,0,1,0,0,1,0,0,0,0,0,0,0,0,0,0,0,0,0,0,0,0,0,0,2
12.9211004,77.6003174,3,Mico Layout,145.05154158333335,0,0,0,0,0,1,0,0,0,0,0,1,0,0,0,0,0,0,0,0,0,0,0,0,0,0,0,1
12.9768056,77.5856935,1,Halasuru Gate,173.50143726666664,0,0,0,0,0,1,0,0,1,0,0,0,0,0,0,0,0,0,0,0,0,0,0,0,0,0,0,1
12.9723745,77.5866446,1,Halasuru Gate,19.639472016666666,0,0,0,0,0,1,0,0,1,0,0,0,0,0,0,0,0,0,0,0,0,0,0,0,0,0,0,1
13.1036169,77.6005732,3,Yelahanka,59.57834488333333,0,0,0,0,0,1,0,0,1,0,0,0,0,0,0,0,0,0,0,0,0,0,0,0,0,0,0,1
12.9101768,77.6271689,3,HSR Layout,144.05600096666666,0,0,0,0,0,1,0,0,0,0,0,0,0,0,0,0,1,0,0,0,0,0,0,0,0,0,0,1
12.9388153,77.6191067,1,Adugodi,167.94209850000001,0,0,0,0,0,1,0,0,1,0,0,0,0,0,0,0,0,0,0,0,0,0,0,0,0,0,0,1
13.0220829,77.5632262,1,Sadashivanagar,170.28665936666667,0,0,0,0,0,1,0,0,1,0,0,0,0,0,0,0,0,0,0,0,0,0,0,0,0,0,0,1
13.0448569,77.581621,3,Kodigehalli,164.94430293333335,0,1,0,0,0,0,1,0,0,0,0,0,0,0,0,0,0,0,0,0,0,0,0,0,0,0,0,1
12.9570961,77.5742402,1,V.V.Puram (C.Pet),132.07833893333333,0,0,0,0,0,1,0,0,1,0,0,0,0,0,0,0,0,0,0,0,0,0,0,0,0,0,0,1
13.0292785,77.5396722,3,Yeshwanthpura,12.384581016666667,0,0,0,0,0,1,0,0,0,0,0,0,0,0,1,0,0,0,0,0,0,0,0,0,0,0,0,1
13.0189097,77.5838452,3,Sadashivanagar,126.34951611666666,0,0,0,0,0,1,0,1,0,0,0,0,0,0,0,0,0,0,0,0,0,0,0,0,0,0,0,1
12.8570928,77.5889739,3,Hulimavu,16.992135533333332,0,0,0,0,0,1,0,0,1,0,0,0,0,0,0,0,0,0,0,0,0,0,0,0,0,0,0,1
13.0079374,77.5487917,3,Malleshwaram,136.1215351,0,0,0,0,0,1,0,0,0,0,0,1,0,0,0,0,0,0,0,0,0,0,0,0,0,0,0,1
12.9875536,77.4751319,1,Kamakshipalya,13.267902833333332,0,0,0,0,0,1,0,0,0,0,0,0,0,1,0,0,0,0,0,0,0,0,0,0,0,0,0,1
13.001201,77.5840085,3,Sadashivanagar,174.62543205,0,0,0,0,0,1,0,0,0,0,0,0,0,0,0,0,1,0,0,0,0,0,0,0,0,0,0,1
13.0084486,77.6946979,1,K.R. Pura,153.13514644999998,0,0,0,0,0,1,0,0,0,0,0,1,0,0,0,0,0,0,0,0,0,0,0,0,0,0,0,1
13.1340883,77.616595,3,Yelahanka,25.298768399999997,0,0,0,0,0,1,0,0,0,0,0,0,0,1,0,0,0,0,0,0,0,0,0,0,0,0,0,2
12.92118559,77.62042489,3,Madiwala,2.2634015499999998,0,0,0,0,0,1,0,0,0,0,0,1,0,0,0,0,0,0,0,0,0,0,0,0,0,0,0,1
13.0778533,77.4301137,1,No Police Station,111.3523967,1,0,0,0,0,0,1,0,0,0,0,0,0,0,0,0,0,0,0,0,0,0,0,0,0,0,0,3
12.9651411,77.5980377,3,Ashok Nagar,129.92321693333332,0,0,0,0,0,1,0,0,0,0,0,1,0,0,0,0,0,0,0,0,0,0,0,0,0,0,0,1
12.9636801,77.5843185,3,Halasuru Gate,165.74176128333332,0,0,0,0,0,1,0,0,1,0,0,0,0,0,0,0,0,0,0,0,0,0,0,0,0,0,0,1
12.9386121,77.7473707,1,Whitefield,130.08108936666665,0,0,0,0,0,1,0,0,0,1,0,0,0,0,0,0,0,0,0,0,0,0,0,0,0,0,0,1
12.9025054,77.6316334,3,HSR Layout,154.45369979999998,0,0,0,0,0,1,0,0,0,0,0,1,0,0,0,0,0,0,0,0,0,0,0,0,0,0,0,1
13.048064,77.5004272,1,Chikkabanavara,137.42257163333335,0,0,0,0,0,1,0,0,0,0,0,1,0,0,0,0,0,0,0,0,0,0,0,0,0,0,0,1
13.0466837,77.5019219,1,Peenya,25.79376715,0,0,0,0,0,1,0,0,0,0,0,0,1,0,0,0,0,0,0,0,0,0,0,0,0,0,0,1
12.92115128,77.62051642,3,Madiwala,12.6312672,0,0,0,0,0,1,0,0,0,0,0,0,0,1,0,0,0,0,0,0,0,0,0,0,0,0,0,1
13.0160987,77.562282,3,Yeshwanthpura,16.656762166666667,0,0,0,0,0,1,0,0,0,0,0,1,0,0,0,0,0,0,0,0,0,0,0,0,0,0,0,1
12.9900352,77.5929919,1,High ground,175.03786395,0,0,0,0,0,1,0,0,1,0,0,0,0,0,0,0,0,0,0,0,0,0,0,0,0,0,0,1
13.0567366,77.5467281,1,Jalahalli,6.593964850000001,0,0,0,0,0,1,0,0,0,0,0,1,0,0,0,0,0,0,0,0,0,0,0,0,0,0,0,1
12.9853023,77.6435876,3,Banaswadi,144.80160663333334,0,0,0,0,0,1,0,0,0,0,0,1,0,0,0,0,0,0,0,0,0,0,0,0,0,0,0,1
12.9520767,77.540499,3,Byatarayanapura,45.96836663333333,0,0,0,0,0,1,0,0,0,0,1,0,0,0,0,0,0,0,0,0,0,0,0,0,0,0,0,1
12.9884265,77.6894444,3,Mahadevapura,42.19713446666666,0,0,0,0,0,1,0,0,1,0,0,0,0,0,0,0,0,0,0,0,0,0,0,0,0,0,0,1
12.9939612,77.5957973,1,High ground,54.65853513333333,0,0,0,0,0,1,0,0,1,0,0,0,0,0,0,0,0,0,0,0,0,0,0,0,0,0,0,1
13.016978,77.6295862,3,Banaswadi,30.793721100000003,0,0,0,0,1,0,1,0,0,0,0,0,0,0,0,0,0,0,0,0,0,0,0,0,0,0,0,3
13.0264,77.544019,3,Yeshwanthpura,67.62782723333333,0,0,0,0,0,1,0,0,1,0,0,0,0,0,0,0,0,0,0,0,0,0,0,0,0,0,0,2
12.9174564,77.5802737,1,Jayanagara,176.77936698333332,0,0,0,0,0,1,0,0,1,0,0,0,0,0,0,0,0,0,0,0,0,0,0,0,0,0,0,1
12.9171847,77.5817486,1,Jayanagara,174.39381331666667,0,0,0,0,0,1,0,0,1,0,0,0,0,0,0,0,0,0,0,0,0,0,0,0,0,0,0,1
13.0078569,77.662523,3,Banaswadi,167.08860686666668,0,0,0,0,0,1,0,0,0,0,0,1,0,0,0,0,0,0,0,0,0,0,0,0,0,0,0,1
12.964707,77.5727963,3,Chamarajpet,120.26850703333334,0,0,0,0,0,1,0,0,1,0,0,0,0,0,0,0,0,0,0,0,0,0,0,0,0,0,0,1
12.9619885,77.5843182,3,Halasuru Gate,168.98476209999998,0,0,0,0,0,1,0,0,0,0,0,0,1,0,0,0,0,0,0,0,0,0,0,0,0,0,0,1
12.9878367,77.5128914,3,Kamakshipalya,166.8387203,0,0,0,0,0,1,0,0,0,1,0,0,0,0,0,0,0,0,0,0,0,0,0,0,0,0,0,1
12.9762198,77.5645931,3,Magadi Road,128.91408898333333,0,0,0,0,0,1,0,0,1,0,0,0,0,0,0,0,0,0,0,0,0,0,0,0,0,0,0,1
13.0437161,77.6019219,3,Hebbala,154.79920963333333,0,0,0,0,0,1,0,0,0,0,0,1,0,0,0,0,0,0,0,0,0,0,0,0,0,0,0,1
12.9594917,77.6529369,3,Jeevanbheemanagar,113.27622685,0,0,0,0,0,1,0,0,0,0,0,1,0,0,0,0,0,0,0,0,0,0,0,0,0,0,0,1
12.9519749,77.5158928,1,Jnanabharathi,157.96104735,0,0,0,0,0,1,0,0,0,1,0,0,0,0,0,0,0,0,0,0,0,0,0,0,0,0,0,1
13.0576081,77.5464455,1,Jalahalli,156.62910256666666,0,0,0,0,0,1,0,0,1,0,0,0,0,0,0,0,0,0,0,0,0,0,0,0,0,0,0,1
13.0188053,77.553156,3,Yeshwanthpura,66.48960311666666,0,0,0,0,0,1,0,0,1,0,0,0,0,0,0,0,0,0,0,0,0,0,0,0,0,0,0,1
12.9667558,77.5875476,3,Halasuru Gate,79.15418580000001,0,0,0,0,0,1,0,0,0,0,0,0,1,0,0,0,0,0,0,0,0,0,0,0,0,0,0,1
13.0209048,77.5286592,1,Rajajinagar,171.4107969,0,0,0,0,0,1,0,0,0,0,0,0,0,0,1,0,0,0,0,0,0,0,0,0,0,0,0,1
13.1067566,77.6006731,3,Yelahanka,22.644470733333332,1,0,0,0,0,0,1,0,0,0,0,0,0,0,0,0,0,0,0,0,0,0,0,0,0,0,0,3
12.9235986,77.5803287,1,Jayanagara,95.58107615,0,0,0,0,0,1,0,0,0,0,0,0,0,1,0,0,0,0,0,0,0,0,0,0,0,0,0,1
12.9893938,77.506206,3,Kamakshipalya,165.07882901666665,0,0,0,0,0,1,0,0,1,0,0,0,0,0,0,0,0,0,0,0,0,0,0,0,0,0,0,2
13.0413212,77.6224065,3,Hennuru,126.83813915,0,1,0,0,0,0,1,0,0,0,0,0,0,0,0,0,0,0,0,0,0,0,0,0,0,0,0,1
12.9169898,77.5968145,3,Jayanagara,35.7911427,0,0,0,0,0,1,0,0,0,0,0,0,0,0,1,0,0,0,0,0,0,0,0,0,0,0,0,1
12.9129912,77.5667494,3,K.S. Layout,149.1878446,0,0,0,0,0,1,0,0,0,1,0,0,0,0,0,0,0,0,0,0,0,0,0,0,0,0,0,1
13.021709,77.5519174,3,Yeshwanthpura,84.46969001666666,0,0,0,0,0,1,0,0,0,0,0,1,0,0,0,0,0,0,0,0,0,0,0,0,0,0,0,1
13.0491879,77.4962055,1,Chikkabanavara,122.25278796666666,0,0,0,0,0,1,0,0,0,0,1,0,0,0,0,0,0,0,0,0,0,0,0,0,0,0,0,1
12.9255742,77.6174592,3,Madiwala,14.2335291,0,0,0,0,0,1,0,0,0,0,1,0,0,0,0,0,0,0,0,0,0,0,0,0,0,0,0,1
12.9844596,77.6412874,3,Jeevanbheemanagar,33.554378899999996,0,0,0,0,0,1,0,0,0,0,0,0,1,0,0,0,0,0,0,0,0,0,0,0,0,0,0,2
12.8972718,77.5999018,3,J.P. Nagar,169.9568783,0,0,0,0,0,1,0,0,0,0,0,0,0,1,0,0,0,0,0,0,0,0,0,0,0,0,0,1
12.9019622,77.6011975,3,Mico Layout,34.659487750000004,0,0,1,0,0,0,1,0,0,0,0,0,0,0,0,0,0,0,0,0,0,0,0,0,0,0,0,1
12.95566159,77.72065301,3,Whitefield,30.59855698333333,0,0,0,0,0,1,0,0,1,0,0,0,0,0,0,0,0,0,0,0,0,0,0,0,0,0,0,2
13.0445101,77.5828738,3,Kodigehalli,138.18036518333332,0,1,0,0,0,0,1,0,0,0,0,0,0,0,0,0,0,0,0,0,0,0,0,0,0,0,0,1
13.04144,77.6222532,3,Hennuru,172.14297871666668,0,1,0,0,0,0,1,0,0,0,0,0,0,0,0,0,0,0,0,0,0,0,0,0,0,0,0,1
12.9736801,77.6109701,3,Ashok Nagar,145.50787061666668,0,0,0,0,0,1,0,0,0,0,0,1,0,0,0,0,0,0,0,0,0,0,0,0,0,0,0,1
12.9669106,77.5680574,1,Chamarajpet,131.40792338333333,0,0,0,0,0,1,0,0,1,0,0,0,0,0,0,0,0,0,0,0,0,0,0,0,0,0,0,1
13.0020899,77.5839781,3,Sadashivanagar,144.59191251666667,0,0,0,0,0,1,0,0,1,0,0,0,0,0,0,0,0,0,0,0,0,0,0,0,0,0,0,2
12.8862945,77.6409252,3,Hulimavu,152.92860876666666,0,0,0,0,0,1,0,0,0,0,0,0,0,1,0,0,0,0,0,0,0,0,0,0,0,0,0,1
12.9225247,77.6194594,3,Madiwala,59.47093031666667,0,0,0,0,0,1,0,0,1,0,0,0,0,0,0,0,0,0,0,0,0,0,0,0,0,0,0,1
12.92108,77.5734531,1,Banashankari,28.422718233333335,0,0,0,0,0,1,0,0,1,0,0,0,0,0,0,0,0,0,0,0,0,0,0,0,0,0,0,1
13.0141472,77.5704446,1,Sadashivanagar,46.03317931666666,0,0,0,0,0,1,0,0,1,0,0,0,0,0,0,0,0,0,0,0,0,0,0,0,0,0,0,1
13.0288605,77.54001,3,Yeshwanthpura,105.15403339999999,0,0,0,0,0,1,0,0,0,1,0,0,0,0,0,0,0,0,0,0,0,0,0,0,0,0,0,2
12.9575137,77.5522652,3,Chamarajpet,97.20824538333333,0,0,0,0,0,1,0,0,0,1,0,0,0,0,0,0,0,0,0,0,0,0,0,0,0,0,0,1
13.147734,77.6187076,3,Chikkajala,35.270044866666666,0,0,0,0,0,1,0,0,0,0,0,0,1,0,0,0,0,0,0,0,0,0,0,0,0,0,0,2
12.9877075,77.5502777,3,Rajajinagar,121.91557764999999,0,0,0,0,0,1,0,0,0,0,1,0,0,0,0,0,0,0,0,0,0,0,0,0,0,0,0,1
12.929445,77.5628717,1,Banashankari,173.74053045,0,0,0,0,0,1,0,0,0,1,0,0,0,0,0,0,0,0,0,0,0,0,0,0,0,0,0,2
12.9541423,77.5436141,3,Byatarayanapura,24.78094095,0,0,0,0,0,1,0,0,0,0,1,0,0,0,0,0,0,0,0,0,0,0,0,0,0,0,0,1
12.9707357,77.6198667,3,Halasur,161.6701282,0,0,0,0,0,1,0,0,1,0,0,0,0,0,0,0,0,0,0,0,0,0,0,0,0,0,0,1
12.9480623,77.5985345,1,Wilson Garden,103.95695343333334,0,0,0,0,0,1,0,0,1,0,0,0,0,0,0,0,0,0,0,0,0,0,0,0,0,0,0,1
12.9216369,77.6214779,3,Madiwala,157.30902971666669,0,0,0,0,0,1,0,0,1,0,0,0,0,0,0,0,0,0,0,0,0,0,0,0,0,0,0,1
13.01898142,77.65531138,3,Banaswadi,76.73107366666666,0,0,0,0,0,1,0,0,0,1,0,0,0,0,0,0,0,0,0,0,0,0,0,0,0,0,0,1
13.0360276,77.5892476,3,Kodigehalli,25.963968299999998,0,0,0,0,0,1,0,0,0,0,0,0,0,1,0,0,0,0,0,0,0,0,0,0,0,0,0,1
13.0438244,77.55628,3,Jalahalli,151.49061326666666,0,0,0,0,0,1,0,0,0,0,0,1,0,0,0,0,0,0,0,0,0,0,0,0,0,0,0,1
13.0289783,77.540115,3,Yeshwanthpura,47.135134183333335,0,0,0,0,0,1,0,0,0,1,0,0,0,0,0,0,0,0,0,0,0,0,0,0,0,0,0,1
13.2572966,77.7126622,1,Devanahalli Airport,41.440286050000005,0,0,0,0,0,1,0,0,0,1,0,0,0,0,0,0,0,0,0,0,0,0,0,0,0,0,0,1
13.0251258,77.5852107,3,Kodigehalli,52.424526316666665,1,0,0,0,0,0,1,0,0,0,0,0,0,0,0,0,0,0,0,0,0,0,0,0,0,0,0,1
13.003189,77.680613,3,K.R. Pura,99.33054614999999,1,0,0,0,0,0,1,0,0,0,0,0,0,0,0,0,0,0,0,0,0,0,0,0,0,0,0,1
12.9316347,77.6889171,3,HAL Old Airport,140.36397341666668,0,0,0,0,0,1,0,0,0,0,0,0,0,0,0,0,1,0,0,0,0,0,0,0,0,0,0,1
12.9255403,77.6175176,3,Madiwala,21.590795766666666,0,0,0,0,0,1,0,0,0,0,0,0,1,0,0,0,0,0,0,0,0,0,0,0,0,0,0,1
12.9812197,77.5704953,1,Sheshadripuram,160.6029454,0,0,0,0,0,1,0,0,0,1,0,0,0,0,0,0,0,0,0,0,0,0,0,0,0,0,0,1
12.981241,77.5705792,1,Sheshadripuram,165.15995773333333,0,0,0,0,0,1,0,0,0,1,0,0,0,0,0,0,0,0,0,0,0,0,0,0,0,0,0,1
12.9826166,77.569553,1,Sheshadripuram,149.32047236666668,0,0,0,0,0,1,0,0,0,0,1,0,0,0,0,0,0,0,0,0,0,0,0,0,0,0,0,1
12.9047523,77.5857161,3,J.P. Nagar,21.186916433333334,0,0,0,0,0,1,0,0,0,0,0,0,0,1,0,0,0,0,0,0,0,0,0,0,0,0,0,1
12.9765795,77.611037,3,Shivajinagar,64.23054711666667,0,0,0,0,0,1,0,0,1,0,0,0,0,0,0,0,0,0,0,0,0,0,0,0,0,0,0,1
12.9823051,77.5644614,1,Sheshadripuram,144.83897205,0,0,0,0,0,1,0,0,0,0,1,0,0,0,0,0,0,0,0,0,0,0,0,0,0,0,0,1
12.9822785,77.5644264,1,Magadi Road,147.96517538333333,0,0,0,0,0,1,0,0,0,0,1,0,0,0,0,0,0,0,0,0,0,0,0,0,0,0,0,1
13.0162183,77.7092396,1,K.R. Pura,6.63138725,0,0,1,0,0,0,1,0,0,0,0,0,0,0,0,0,0,0,0,0,0,0,0,0,0,0,0,1
12.9982796,77.6718061,1,Banaswadi,120.49793516666666,0,0,0,0,0,1,0,0,0,0,0,0,1,0,0,0,0,0,0,0,0,0,0,0,0,0,0,1
12.9981229,77.552898,3,Rajajinagar,151.48391595,0,0,0,0,0,1,0,0,0,0,0,0,0,1,0,0,0,0,0,0,0,0,0,0,0,0,0,2
12.9389553,77.6945893,3,HAL Old Airport,10.150801150000001,0,0,0,0,0,1,0,0,1,0,0,0,0,0,0,0,0,0,0,0,0,0,0,0,0,0,0,1
12.95438293,77.54231192,3,Byatarayanapura,143.22373776666666,0,0,0,0,0,1,0,0,0,0,0,0,0,0,1,0,0,0,0,0,0,0,0,0,0,0,0,1
12.9720969,77.5867421,1,Halasuru Gate,360.0,0,0,0,0,1,0,1,0,0,0,0,0,0,0,0,0,0,0,0,0,0,0,0,0,0,0,0,1
12.9383509,77.6945235,3,HAL Old Airport,146.0768349,0,0,0,0,0,1,0,0,1,0,0,0,0,0,0,0,0,0,0,0,0,0,0,0,0,0,0,2
12.9758911,77.5644235,3,Magadi Road,132.28090445,0,0,0,0,0,1,0,0,1,0,0,0,0,0,0,0,0,0,0,0,0,0,0,0,0,0,0,2
12.9126457,77.6255959,3,HSR Layout,137.22520646666666,0,0,0,0,0,1,0,0,1,0,0,0,0,0,0,0,0,0,0,0,0,0,0,0,0,0,0,1
12.9887505,77.4724214,1,Kamakshipalya,73.34186823333333,0,0,0,0,0,1,0,0,1,0,0,0,0,0,0,0,0,0,0,0,0,0,0,0,0,0,0,1
13.0438281,77.5540167,3,Jalahalli,139.6503821,0,0,0,0,0,1,0,0,1,0,0,0,0,0,0,0,0,0,0,0,0,0,0,0,0,0,0,1
12.9377625,77.5850333,1,Wilson Garden,176.73432131666667,0,0,0,0,0,1,0,0,1,0,0,0,0,0,0,0,0,0,0,0,0,0,0,0,0,0,0,1
12.8399445,77.6769171,1,Electronic City,56.471942150000004,0,0,0,0,0,1,0,0,1,0,0,0,0,0,0,0,0,0,0,0,0,0,0,0,0,0,0,1
13.15527,77.6224983,3,Chikkajala,132.48878093333332,0,0,0,0,0,1,0,0,0,1,0,0,0,0,0,0,0,0,0,0,0,0,0,0,0,0,0,1
13.032588,77.5334587,3,Yeshwanthpura,138.31122555,0,0,0,0,0,1,0,0,0,0,0,1,0,0,0,0,0,0,0,0,0,0,0,0,0,0,0,2
12.935682,77.5127897,3,Jnanabharathi,144.41718046666668,0,0,0,0,0,1,0,0,0,0,0,1,0,0,0,0,0,0,0,0,0,0,0,0,0,0,0,1
12.9695483,77.7531717,1,Whitefield,146.77622273333333,0,0,0,0,0,1,0,0,0,0,0,0,0,0,1,0,0,0,0,0,0,0,0,0,0,0,0,1
12.9684836,77.5874438,3,Halasuru Gate,63.264801049999996,0,0,0,0,0,1,0,0,1,0,0,0,0,0,0,0,0,0,0,0,0,0,0,0,0,0,0,1
12.9971793,77.5957187,1,R.T. Nagar,171.88327085,0,0,0,0,0,1,0,0,1,0,0,0,0,0,0,0,0,0,0,0,0,0,0,0,0,0,0,1
12.9648556,77.5860566,3,Halasuru Gate,2.348085033333333,0,0,0,0,0,1,0,0,0,0,0,1,0,0,0,0,0,0,0,0,0,0,0,0,0,0,0,1
12.997643,77.5695705,1,Malleshwaram,125.58536635,0,0,0,0,0,1,0,0,1,0,0,0,0,0,0,0,0,0,0,0,0,0,0,0,0,0,0,1
12.9227833,77.6003476,3,Mico Layout,141.96566016666665,0,0,0,0,0,1,0,0,0,1,0,0,0,0,0,0,0,0,0,0,0,0,0,0,0,0,0,1
12.9209907,77.6663196,3,Bellandur,168.93559386666666,0,0,0,0,0,1,0,0,0,1,0,0,0,0,0,0,0,0,0,0,0,0,0,0,0,0,0,1
13.0561108,77.632872,3,Hennuru,151.71160386666668,0,0,1,0,0,0,1,0,0,0,0,0,0,0,0,0,0,0,0,0,0,0,0,0,0,0,0,1
12.916946,77.5871065,1,Jayanagara,111.59204438333333,0,0,0,0,0,1,0,0,1,0,0,0,0,0,0,0,0,0,0,0,0,0,0,0,0,0,0,1
13.0622879,77.6333968,3,Hennuru,46.373055349999994,0,0,0,0,0,1,0,0,0,1,0,0,0,0,0,0,0,0,0,0,0,0,0,0,0,0,0,1
12.9250715,77.6375839,1,Adugodi,16.442733933333333,0,0,0,0,1,0,1,0,0,0,0,0,0,0,0,0,0,0,0,0,0,0,0,0,0,0,0,1
12.9879187,77.5741471,1,Sheshadripuram,48.24556945,0,0,0,0,0,1,0,0,1,0,0,0,0,0,0,0,0,0,0,0,0,0,0,0,0,0,0,1
13.0410972,77.6169798,3,Hennuru,138.99856845000002,0,0,0,0,0,1,0,0,1,0,0,0,0,0,0,0,0,0,0,0,0,0,0,0,0,0,0,1
13.0413173,77.6214906,3,Hennuru,167.47308626666666,0,1,0,0,0,0,1,0,0,0,0,0,0,0,0,0,0,0,0,0,0,0,0,0,0,0,0,1
13.0469513,77.5010307,1,Peenya,23.094677766666667,0,0,0,0,0,1,0,0,0,0,0,1,0,0,0,0,0,0,0,0,0,0,0,0,0,0,0,1
12.9896925,77.5019422,3,Kamakshipalya,142.45112995,0,0,1,0,0,0,1,0,0,0,0,0,0,0,0,0,0,0,0,0,0,0,0,0,0,0,0,1
12.9775143,77.608447,3,Shivajinagar,10.697492350000001,0,0,0,0,0,1,0,0,0,0,0,0,0,0,1,0,0,0,0,0,0,0,0,0,0,0,0,2
13.08313,77.5938833,3,Yelahanka,61.77526506666666,0,0,0,0,0,1,0,0,0,0,0,0,0,0,1,0,0,0,0,0,0,0,0,0,0,0,0,2
12.96044159,77.64359885,3,Jeevanbheemanagar,161.06160503333334,0,0,0,0,0,1,0,0,0,0,0,0,1,0,0,0,0,0,0,0,0,0,0,0,0,0,0,1
13.044388,77.5830485,3,Kodigehalli,178.5731136,0,1,0,0,0,0,1,0,0,0,0,0,0,0,0,0,0,0,0,0,0,0,0,0,0,0,0,1
13.0166922,77.6606649,3,Banaswadi,160.27196086666666,0,0,0,0,0,1,0,0,0,1,0,0,0,0,0,0,0,0,0,0,0,0,0,0,0,0,0,1
12.96035278,77.64401022,3,Jeevanbheemanagar,94.89986251666666,1,0,0,0,0,0,1,0,0,0,0,0,0,0,0,0,0,0,0,0,0,0,0,0,0,0,0,1
13.0445894,77.582909,3,Kodigehalli,176.16739146666666,0,1,0,0,0,0,1,0,0,0,0,0,0,0,0,0,0,0,0,0,0,0,0,0,0,0,0,1
12.9673232,77.7493808,1,Whitefield,132.04072433333334,0,0,0,0,0,1,0,0,0,1,0,0,0,0,0,0,0,0,0,0,0,0,0,0,0,0,0,1
12.9250539,77.6180915,3,Madiwala,89.98981611666666,0,0,0,0,0,1,0,0,0,0,0,0,0,0,0,1,0,0,0,0,0,0,0,0,0,0,0,1
13.0334217,77.5890136,3,Hebbala,148.90920458333332,0,0,0,0,0,1,0,0,0,0,0,0,0,0,1,0,0,0,0,0,0,0,0,0,0,0,0,1
12.9014646,77.6323309,3,HSR Layout,129.61546436666666,0,0,0,0,0,1,0,0,0,0,0,1,0,0,0,0,0,0,0,0,0,0,0,0,0,0,0,1
12.9664716,77.5949491,3,Halasuru Gate,44.60061098333333,0,0,0,0,0,1,0,0,0,0,0,0,0,0,0,0,1,0,0,0,0,0,0,0,0,0,0,1
13.0316423,77.6307164,3,Hennuru,131.01580598333334,0,0,0,0,0,1,0,0,0,1,0,0,0,0,0,0,0,0,0,0,0,0,0,0,0,0,0,1
12.9655901,77.6195322,1,Halasur,102.37431906666667,0,0,0,0,0,1,0,0,1,0,0,0,0,0,0,0,0,0,0,0,0,0,0,0,0,0,0,1
13.0298298,77.5386426,3,Yeshwanthpura,239.99684209999998,0,0,0,0,1,0,1,0,0,0,0,0,0,0,0,0,0,0,0,0,0,0,0,0,0,0,0,1
13.01658,77.5565783,3,Yeshwanthpura,155.11075778333333,0,0,0,0,0,1,0,0,0,1,0,0,0,0,0,0,0,0,0,0,0,0,0,0,0,0,0,1
13.1904705,77.6456599,3,Chikkajala,177.15758035,0,0,0,0,0,1,0,0,0,0,0,1,0,0,0,0,0,0,0,0,0,0,0,0,0,0,0,1
13.0405183,77.5443817,3,Jalahalli,83.04273458333334,0,0,0,0,0,1,0,0,0,0,0,0,0,0,1,0,0,0,0,0,0,0,0,0,0,0,0,2
13.0145783,77.5850567,3,R.T. Nagar,169.81289688333334,0,0,0,0,0,1,0,0,0,0,0,1,0,0,0,0,0,0,0,0,0,0,0,0,0,0,0,1
12.9062581,77.5733253,3,J.P. Nagar,140.49870153333333,0,0,0,0,0,1,0,0,0,0,1,0,0,0,0,0,0,0,0,0,0,0,0,0,0,0,0,2
13.0503119,77.5929248,3,Kodigehalli,156.23941626666667,0,0,0,0,0,1,0,0,0,0,0,0,1,0,0,0,0,0,0,0,0,0,0,0,0,0,0,1
12.9528879,77.5410156,3,Byatarayanapura,17.988405883333332,0,0,0,0,0,1,0,0,1,0,0,0,0,0,0,0,0,0,0,0,0,0,0,0,0,0,0,1
13.0673117,77.4496254,1,No Police Station,142.41142866666667,0,0,0,0,0,1,0,0,0,0,0,0,0,0,0,0,1,0,0,0,0,0,0,0,0,0,0,1
13.0343959,77.5303187,3,Yeshwanthpura,180.0,0,0,0,0,0,1,0,0,1,0,0,0,0,0,0,0,0,0,0,0,0,0,0,0,0,0,0,1
12.984355,77.5539533,1,Rajajinagar,180.0,0,0,0,0,0,1,0,0,1,0,0,0,0,0,0,0,0,0,0,0,0,0,0,0,0,0,0,1
12.9768265,77.5983612,3,Cubbon Park,17.72186505,0,0,0,0,1,0,1,0,0,0,0,0,0,0,0,0,0,0,0,0,0,0,0,0,0,0,0,1
12.9861017,77.6457067,3,Banaswadi,162.47609125,0,0,0,0,0,1,0,0,0,1,0,0,0,0,0,0,0,0,0,0,0,0,0,0,0,0,0,1
12.9929454,77.5952517,1,High ground,120.1229665,0,0,0,0,0,1,0,0,0,0,0,0,1,0,0,0,0,0,0,0,0,0,0,0,0,0,0,1
13.0712314,77.4423253,1,No Police Station,139.77945235,0,0,0,0,0,1,0,0,0,0,0,0,0,0,0,0,1,0,0,0,0,0,0,0,0,0,0,1
12.9080608,77.6924291,1,Bellandur,160.39236533333332,0,0,0,0,0,1,0,0,0,0,0,0,1,0,0,0,0,0,0,0,0,0,0,0,0,0,0,2
13.1033967,77.60037,3,Yelahanka,91.74439170000001,1,0,0,0,0,0,1,0,0,0,0,0,0,0,0,0,0,0,0,0,0,0,0,0,0,0,0,3
12.9743412,77.549272,3,Magadi Road,128.21340496666667,0,0,0,0,0,1,0,0,0,0,0,0,1,0,0,0,0,0,0,0,0,0,0,0,0,0,0,2
12.9898458,77.5026764,3,Kamakshipalya,15.682897033333335,0,0,0,0,0,1,0,0,0,0,0,1,0,0,0,0,0,0,0,0,0,0,0,0,0,0,0,2
12.9687152,77.7011103,3,HAL Old Airport,18.770652916666666,0,0,0,0,0,1,0,0,0,0,0,0,0,1,0,0,0,0,0,0,0,0,0,0,0,0,0,2
13.0723917,77.5927483,3,Yelahanka,26.713455833333335,0,0,0,0,0,1,0,0,0,0,0,0,0,0,1,0,0,0,0,0,0,0,0,0,0,0,0,1
12.9609423,77.6382014,3,Halasur,27.165104633333332,0,0,0,0,0,1,0,1,0,0,0,0,0,0,0,0,0,0,0,0,0,0,0,0,0,0,0,1
13.0101317,77.7002983,1,K.R. Pura,360.0,0,0,0,0,1,0,1,0,0,0,0,0,0,0,0,0,0,0,0,0,0,0,0,0,0,0,0,1
12.9668653,77.5051417,1,Jnanabharathi,122.63490900000001,0,0,0,0,0,1,0,0,1,0,0,0,0,0,0,0,0,0,0,0,0,0,0,0,0,0,0,1
13.0413309,77.6224083,3,Hennuru,139.59803778333335,0,1,0,0,0,0,1,0,0,0,0,0,0,0,0,0,0,0,0,0,0,0,0,0,0,0,0,1
12.9763157,77.5990705,3,Cubbon Park,120.90154868333335,0,0,0,0,0,1,0,0,1,0,0,0,0,0,0,0,0,0,0,0,0,0,0,0,0,0,0,1
12.989118,77.5082493,3,Kamakshipalya,32.257464766666665,0,0,0,0,0,1,0,0,0,0,0,1,0,0,0,0,0,0,0,0,0,0,0,0,0,0,0,1
12.9933993,77.5742441,1,Sheshadripuram,72.78544391666667,0,0,0,0,0,1,0,0,1,0,0,0,0,0,0,0,0,0,0,0,0,0,0,0,0,0,0,1
12.9752109,77.5869675,1,Halasuru Gate,107.52890245,0,0,0,0,0,1,0,0,0,0,0,0,0,0,1,0,0,0,0,0,0,0,0,0,0,0,0,1
13.109253,77.6039911,3,Yelahanka,129.22856483333334,0,0,0,0,0,1,0,0,0,0,0,0,1,0,0,0,0,0,0,0,0,0,0,0,0,0,0,2
13.0199222,77.5345337,1,Rajajinagar,86.39258533333333,1,0,0,0,0,0,1,0,0,0,0,0,0,0,0,0,0,0,0,0,0,0,0,0,0,0,0,1
13.0445014,77.5829582,3,Kodigehalli,149.02743305,0,1,0,0,0,0,1,0,0,0,0,0,0,0,0,0,0,0,0,0,0,0,0,0,0,0,0,1
13.1102841,77.5802353,1,Yelahanka,137.90290586666666,0,0,0,0,0,1,0,0,0,0,0,0,0,1,0,0,0,0,0,0,0,0,0,0,0,0,0,1
13.177818,77.6368573,3,Chikkajala,153.66431926666667,0,0,0,0,0,1,0,0,0,1,0,0,0,0,0,0,0,0,0,0,0,0,0,0,0,0,0,1
12.9774011,77.6269206,3,Halasur,55.235213316666666,0,0,0,0,0,1,0,0,0,0,0,0,0,0,0,0,1,0,0,0,0,0,0,0,0,0,0,1
13.0508036,77.4912695,1,No Police Station,172.36542963333335,0,0,0,0,0,1,0,0,0,1,0,0,0,0,0,0,0,0,0,0,0,0,0,0,0,0,0,2
13.0586995,77.4680397,1,No Police Station,146.50835186666666,0,0,0,0,0,1,0,0,0,0,0,1,0,0,0,0,0,0,0,0,0,0,0,0,0,0,0,1
12.9260949,77.676568,3,Bellandur,155.86230716666665,0,0,0,0,0,1,0,0,0,0,0,1,0,0,0,0,0,0,0,0,0,0,0,0,0,0,0,3
12.987823,77.512435,3,Kamakshipalya,86.55830583333334,0,0,0,0,0,1,0,0,0,0,0,0,0,1,0,0,0,0,0,0,0,0,0,0,0,0,0,1
12.9566617,77.5495833,3,Byatarayanapura,78.09311583333333,0,0,0,0,0,1,0,0,0,0,0,0,0,0,1,0,0,0,0,0,0,0,0,0,0,0,0,1
12.9973228,77.6641514,3,Banaswadi,34.21685993333333,1,0,0,0,0,0,1,0,0,0,0,0,0,0,0,0,0,0,0,0,0,0,0,0,0,0,0,3
12.9842805,77.6416475,3,Jeevanbheemanagar,168.21168563333333,0,0,0,0,0,1,0,0,0,0,0,0,1,0,0,0,0,0,0,0,0,0,0,0,0,0,0,1
13.0427284,77.5979712,3,Hebbala,22.854111483333334,0,0,0,0,0,1,0,0,0,0,0,0,1,0,0,0,0,0,0,0,0,0,0,0,0,0,0,1
12.9600092,77.556583,3,Chamarajpet,178.60272036666666,0,0,0,0,0,1,0,0,0,0,0,0,0,1,0,0,0,0,0,0,0,0,0,0,0,0,0,1
13.0119491,77.5293045,1,Rajajinagar,135.73314393333334,0,0,0,0,0,1,0,0,0,0,0,0,0,0,0,0,1,0,0,0,0,0,0,0,0,0,0,1
12.9601813,77.5564813,3,Chamarajpet,121.50548576666667,0,0,0,0,0,1,0,0,0,0,0,0,0,1,0,0,0,0,0,0,0,0,0,0,0,0,0,1
13.078493,77.4281944,1,No Police Station,130.57970093333333,0,1,0,0,0,0,1,0,0,0,0,0,0,0,0,0,0,0,0,0,0,0,0,0,0,0,0,1
13.177835,77.6368417,3,Chikkajala,137.84571728333333,0,0,0,0,0,1,0,0,0,1,0,0,0,0,0,0,0,0,0,0,0,0,0,0,0,0,0,2
12.87043927,77.65311466,3,Electronic City,2.5054130166666666,0,0,0,0,0,1,0,0,1,0,0,0,0,0,0,0,0,0,0,0,0,0,0,0,0,0,0,1
12.9864603,77.5211997,3,Kamakshipalya,64.30445040000001,0,0,0,0,0,1,0,0,0,1,0,0,0,0,0,0,0,0,0,0,0,0,0,0,0,0,0,2
12.89123888,77.63875445,3,HSR Layout,121.14772233333333,0,0,0,0,0,1,0,0,0,1,0,0,0,0,0,0,0,0,0,0,0,0,0,0,0,0,0,2
13.0344357,77.5886854,3,Hebbala,74.69541461666667,1,0,0,0,0,0,1,0,0,0,0,0,0,0,0,0,0,0,0,0,0,0,0,0,0,0,0,3
12.9855766,77.5883309,3,High ground,167.45209574999998,0,0,0,0,0,1,0,0,0,0,0,1,0,0,0,0,0,0,0,0,0,0,0,0,0,0,0,1
12.9242728,77.6289004,1,Adugodi,50.05725543333333,0,0,0,0,0,1,0,0,0,0,0,0,0,0,1,0,0,0,0,0,0,0,0,0,0,0,0,1
12.9608055,77.5837247,3,Halasuru Gate,39.02434768333333,0,0,0,0,0,1,0,0,1,0,0,0,0,0,0,0,0,0,0,0,0,0,0,0,0,0,0,1
13.0403623,77.5179334,3,Chikkabanavara,166.10227201666666,0,0,0,0,0,1,0,0,0,0,0,0,0,0,1,0,0,0,0,0,0,0,0,0,0,0,0,3
13.0352838,77.5890301,3,Hebbala,120.43721813333333,0,0,0,0,0,1,0,0,0,0,1,0,0,0,0,0,0,0,0,0,0,0,0,0,0,0,0,2
13.0436163,77.5842162,3,Kodigehalli,94.12910881666667,1,0,0,0,0,0,1,0,0,0,0,0,0,0,0,0,0,0,0,0,0,0,0,0,0,0,0,1
12.9879465,77.5770686,1,Sheshadripuram,168.35893401666667,0,0,0,0,0,1,0,0,0,1,0,0,0,0,0,0,0,0,0,0,0,0,0,0,0,0,0,1
12.9166339,77.6069179,1,Mico Layout,89.0725909,1,0,0,0,0,0,1,0,0,0,0,0,0,0,0,0,0,0,0,0,0,0,0,0,0,0,0,1
12.9996084,77.5837695,3,Sadashivanagar,29.16649395,0,0,0,0,0,1,0,0,0,0,0,0,0,0,1,0,0,0,0,0,0,0,0,0,0,0,0,2
12.9583327,77.5541315,3,Magadi Road,146.06371263333332,0,0,0,0,0,1,0,0,1,0,0,0,0,0,0,0,0,0,0,0,0,0,0,0,0,0,0,1
13.1215829,77.6101747,3,Yelahanka,83.17344443333333,1,0,0,0,0,0,1,0,0,0,0,0,0,0,0,0,0,0,0,0,0,0,0,0,0,0,0,3
13.0115327,77.5545571,3,Malleshwaram,63.86472141666666,1,0,0,0,0,0,1,0,0,0,0,0,0,0,0,0,0,0,0,0,0,0,0,0,0,0,0,1
13.0223143,77.6485684,3,Hennuru,127.01449396666666,0,0,0,0,0,1,0,0,1,0,0,0,0,0,0,0,0,0,0,0,0,0,0,0,0,0,0,1
12.912748,77.5588434,1,K.S. Layout,84.40798688333332,0,0,0,0,0,1,0,0,1,0,0,0,0,0,0,0,0,0,0,0,0,0,0,0,0,0,0,1
12.9823017,77.5942383,3,Cubbon Park,130.43169946666666,0,0,0,0,0,1,0,0,0,0,0,0,1,0,0,0,0,0,0,0,0,0,0,0,0,0,0,1
12.9355966,77.5128078,3,Jnanabharathi,134.29449258333335,0,0,0,0,0,1,0,0,0,0,0,1,0,0,0,0,0,0,0,0,0,0,0,0,0,0,0,1
12.979504,77.5985573,3,Cubbon Park,168.9684819,0,0,0,0,0,1,0,0,0,0,0,0,1,0,0,0,0,0,0,0,0,0,0,0,0,0,0,1
12.9595489,77.7016722,3,HAL Old Airport,133.07272798333332,0,0,0,0,0,1,0,0,0,1,0,0,0,0,0,0,0,0,0,0,0,0,0,0,0,0,0,1
13.0085526,77.6963208,1,K.R. Pura,147.94798268333335,0,0,0,0,0,1,0,0,0,0,1,0,0,0,0,0,0,0,0,0,0,0,0,0,0,0,0,1
12.906651,77.6009742,3,J.P. Nagar,143.17320988333333,0,0,0,0,0,1,0,0,1,0,0,0,0,0,0,0,0,0,0,0,0,0,0,0,0,0,0,1
13.030265,77.5376033,3,Yeshwanthpura,12.03063225,0,0,0,0,0,1,0,0,0,1,0,0,0,0,0,0,0,0,0,0,0,0,0,0,0,0,0,2
12.9674799,77.5881237,3,Halasuru Gate,8.410828716666666,0,0,0,0,0,1,0,0,1,0,0,0,0,0,0,0,0,0,0,0,0,0,0,0,0,0,0,1
12.9366109,77.518765,3,Byatarayanapura,23.780724000000003,0,0,0,0,0,1,0,0,1,0,0,0,0,0,0,0,0,0,0,0,0,0,0,0,0,0,0,1
12.9504221,77.537437,3,Byatarayanapura,29.734221366666667,0,0,0,0,0,1,0,0,0,0,0,0,0,0,1,0,0,0,0,0,0,0,0,0,0,0,0,1
12.9592669,77.5555347,3,Chamarajpet,60.74641678333333,0,0,0,0,0,1,0,0,1,0,0,0,0,0,0,0,0,0,0,0,0,0,0,0,0,0,0,2
13.021451,77.5314713,1,Rajajinagar,143.90309823333334,0,0,0,0,0,1,0,0,0,0,0,0,1,0,0,0,0,0,0,0,0,0,0,0,0,0,0,1
13.0443681,77.5087934,3,Peenya,125.78120833333334,0,0,0,0,0,1,0,0,0,0,0,0,0,0,1,0,0,0,0,0,0,0,0,0,0,0,0,2
12.9677358,77.5926048,3,Halasuru Gate,174.0865261,0,0,0,0,0,1,0,0,0,0,0,0,0,1,0,0,0,0,0,0,0,0,0,0,0,0,0,1
13.0309467,77.587015,3,Kodigehalli,171.05382363333334,0,0,0,0,0,1,0,0,0,1,0,0,0,0,0,0,0,0,0,0,0,0,0,0,0,0,0,1
13.0701255,77.5922792,3,Kodigehalli,80.96271168333332,1,0,0,0,0,0,1,0,0,0,0,0,0,0,0,0,0,0,0,0,0,0,0,0,0,0,0,3
12.9227216,77.5434673,1,Banashankari,57.316075016666666,0,0,0,0,0,1,0,0,1,0,0,0,0,0,0,0,0,0,0,0,0,0,0,0,0,0,0,1
13.0384323,77.6256945,3,Hennuru,17.427307066666668,0,0,0,0,0,1,0,0,0,1,0,0,0,0,0,0,0,0,0,0,0,0,0,0,0,0,0,1
13.0602175,77.5935431,3,Kodigehalli,178.27480131666667,0,0,0,0,0,1,0,0,0,0,0,1,0,0,0,0,0,0,0,0,0,0,0,0,0,0,0,2
12.9766405,77.6013729,3,Cubbon Park,165.53204431666666,0,0,0,0,0,1,0,0,0,0,0,0,0,0,0,0,1,0,0,0,0,0,0,0,0,0,0,1
12.966418,77.6082732,3,Ashok Nagar,179.20663206666669,0,0,0,0,0,1,0,0,0,0,0,1,0,0,0,0,0,0,0,0,0,0,0,0,0,0,0,1
12.9599609,77.5745574,1,V.V.Puram (C.Pet),151.75837708333333,0,0,0,0,0,1,0,0,1,0,0,0,0,0,0,0,0,0,0,0,0,0,0,0,0,0,0,1
13.0702559,77.5926919,3,Kodigehalli,143.88501771666668,0,0,0,0,0,1,0,0,1,0,0,0,0,0,0,0,0,0,0,0,0,0,0,0,0,0,0,1
12.9736658,77.5133989,1,Jnanabharathi,54.46608108333333,0,0,0,0,0,1,0,0,0,0,0,0,1,0,0,0,0,0,0,0,0,0,0,0,0,0,0,2
13.034825,77.628625,3,K.G. Halli,40.761785499999995,0,0,0,0,0,1,0,0,0,0,0,1,0,0,0,0,0,0,0,0,0,0,0,0,0,0,0,1
12.967418,77.588269,3,Halasuru Gate,90.19987731666667,0,0,0,0,0,1,0,0,1,0,0,0,0,0,0,0,0,0,0,0,0,0,0,0,0,0,0,1
12.9600313,77.5744891,1,V.V.Puram (C.Pet),150.0734349,0,0,0,0,0,1,0,0,1,0,0,0,0,0,0,0,0,0,0,0,0,0,0,0,0,0,0,1
13.0387847,77.5206675,3,Peenya,147.87781343333333,0,0,0,0,0,1,0,0,0,0,0,0,1,0,0,0,0,0,0,0,0,0,0,0,0,0,0,1
13.0143908,77.5836271,3,Sadashivanagar,86.78634966666667,0,0,0,0,0,1,0,0,0,0,0,1,0,0,0,0,0,0,0,0,0,0,0,0,0,0,0,1
12.9656183,77.7489031,1,Whitefield,81.11977473333333,0,0,0,0,0,1,0,0,1,0,0,0,0,0,0,0,0,0,0,0,0,0,0,0,0,0,0,1
12.9121114,77.6260189,3,HSR Layout,154.14412578333335,0,0,0,0,0,1,0,0,1,0,0,0,0,0,0,0,0,0,0,0,0,0,0,0,0,0,0,1
13.0610784,77.4615127,1,No Police Station,171.12246006666666,0,0,0,0,0,1,0,0,0,0,0,1,0,0,0,0,0,0,0,0,0,0,0,0,0,0,0,1
13.048748,77.5492821,1,Jalahalli,8.9473605,0,0,0,0,0,1,0,0,0,0,0,0,0,0,1,0,0,0,0,0,0,0,0,0,0,0,0,2
13.1212512,77.6104673,3,Yelahanka,119.08897935,1,0,0,0,0,0,1,0,0,0,0,0,0,0,0,0,0,0,0,0,0,0,0,0,0,0,0,1
12.8526382,77.5884433,1,Hulimavu,172.8118301,0,0,0,0,0,1,0,0,1,0,0,0,0,0,0,0,0,0,0,0,0,0,0,0,0,0,0,1
12.9747008,77.5706582,1,Chamarajpet,30.47674805,0,0,0,0,0,1,0,0,1,0,0,0,0,0,0,0,0,0,0,0,0,0,0,0,0,0,0,1
12.9386197,77.5219954,3,Byatarayanapura,152.33389903333332,0,0,0,0,0,1,0,0,0,1,0,0,0,0,0,0,0,0,0,0,0,0,0,0,0,0,0,1
12.9899456,77.5050229,3,Kamakshipalya,67.566669,0,0,0,0,0,1,0,0,1,0,0,0,0,0,0,0,0,0,0,0,0,0,0,0,0,0,0,1
13.0364192,77.5247759,3,Peenya,21.935244516666668,0,0,0,0,0,1,0,0,0,1,0,0,0,0,0,0,0,0,0,0,0,0,0,0,0,0,0,1
13.0186047,77.7071521,1,K.R. Pura,31.711534466666667,0,0,0,0,0,1,0,0,0,0,0,0,1,0,0,0,0,0,0,0,0,0,0,0,0,0,0,1
13.0407863,77.5178574,3,Chikkabanavara,146.68829426666667,0,0,0,0,0,1,0,0,0,1,0,0,0,0,0,0,0,0,0,0,0,0,0,0,0,0,0,1
12.9995843,77.6743103,1,Banaswadi,121.07565023333333,0,0,0,0,0,1,0,0,0,0,0,0,0,0,1,0,0,0,0,0,0,0,0,0,0,0,0,1
12.9624489,77.5946026,3,Halasuru Gate,131.98624225,0,0,0,0,0,1,0,0,1,0,0,0,0,0,0,0,0,0,0,0,0,0,0,0,0,0,0,1
12.9620776,77.5947155,1,Ashok Nagar,134.33637746666668,0,0,0,0,0,1,0,0,1,0,0,0,0,0,0,0,0,0,0,0,0,0,0,0,0,0,0,1
13.1247059,77.5743002,1,Yelahanka,55.092613899999996,0,0,0,0,0,1,0,0,1,0,0,0,0,0,0,0,0,0,0,0,0,0,0,0,0,0,0,2
12.9563033,77.5471671,3,Byatarayanapura,9.4180207,0,0,0,0,0,1,0,0,0,0,0,0,0,0,1,0,0,0,0,0,0,0,0,0,0,0,0,1
13.0449799,77.5816081,3,Kodigehalli,168.27871223333335,0,1,0,0,0,0,1,0,0,0,0,0,0,0,0,0,0,0,0,0,0,0,0,0,0,0,0,1
12.8919266,77.5983469,3,J.P. Nagar,156.0510363,0,0,0,0,0,1,0,0,1,0,0,0,0,0,0,0,0,0,0,0,0,0,0,0,0,0,0,1
13.0328676,77.5330108,3,Yeshwanthpura,9.946038833333334,0,0,0,0,0,1,0,0,0,0,0,1,0,0,0,0,0,0,0,0,0,0,0,0,0,0,0,2
13.0419935,77.5153312,3,Peenya,134.70398176666666,0,0,0,0,0,1,0,0,0,1,0,0,0,0,0,0,0,0,0,0,0,0,0,0,0,0,0,1
13.0191133,77.5396468,1,Rajajinagar,133.73060321666668,0,0,0,0,0,1,0,0,0,0,0,0,0,0,0,0,1,0,0,0,0,0,0,0,0,0,0,1
13.0389307,77.625055,3,K.G. Halli,39.94712393333334,0,0,0,0,0,1,0,0,1,0,0,0,0,0,0,0,0,0,0,0,0,0,0,0,0,0,0,1
12.930687,77.5434701,3,Banashankari,47.0778124,0,0,0,0,0,1,0,0,0,0,0,1,0,0,0,0,0,0,0,0,0,0,0,0,0,0,0,1
12.9639551,77.588634,3,Halasuru Gate,43.93709355,0,0,0,0,0,1,0,0,1,0,0,0,0,0,0,0,0,0,0,0,0,0,0,0,0,0,0,1
12.9210146,77.6205632,3,Madiwala,19.286777033333333,1,0,0,0,0,0,1,0,0,0,0,0,0,0,0,0,0,0,0,0,0,0,0,0,0,0,0,1
13.0555567,77.5933147,3,Kodigehalli,150.8086748,0,0,0,0,0,1,0,0,0,0,0,1,0,0,0,0,0,0,0,0,0,0,0,0,0,0,0,1
13.0413445,77.6224077,3,Hennuru,155.12463363333333,0,1,0,0,0,0,1,0,0,0,0,0,0,0,0,0,0,0,0,0,0,0,0,0,0,0,0,1
13.0209793,77.5840805,3,Sadashivanagar,26.211784233333333,0,0,0,0,0,1,0,0,0,0,0,1,0,0,0,0,0,0,0,0,0,0,0,0,0,0,0,1
12.9886292,77.5758557,1,Sheshadripuram,127.14296091666667,0,0,0,0,0,1,0,0,0,0,0,0,0,1,0,0,0,0,0,0,0,0,0,0,0,0,0,1
12.97418017,77.56631681,3,Magadi Road,146.86254038333334,0,0,0,0,0,1,0,0,0,0,0,1,0,0,0,0,0,0,0,0,0,0,0,0,0,0,0,2
13.0077059,77.5922018,1,R.T. Nagar,133.43050295,0,0,0,0,0,1,0,0,0,0,0,0,0,1,0,0,0,0,0,0,0,0,0,0,0,0,0,2
12.9801824,77.5725653,1,Upparpet,151.70516695,0,0,0,0,0,1,0,0,0,0,1,0,0,0,0,0,0,0,0,0,0,0,0,0,0,0,0,1
12.9558953,77.5459545,3,Byatarayanapura,20.760291183333333,0,0,0,0,0,1,0,0,1,0,0,0,0,0,0,0,0,0,0,0,0,0,0,0,0,0,0,1
13.0288889,77.6323128,3,Hennuru,152.25312033333333,0,0,0,0,0,1,0,0,0,0,0,0,1,0,0,0,0,0,0,0,0,0,0,0,0,0,0,2
13.1044428,77.6011616,3,Yelahanka,133.99139891666667,0,0,0,0,0,1,0,0,0,0,0,0,1,0,0,0,0,0,0,0,0,0,0,0,0,0,0,2
12.9746942,77.5449116,3,Vijayanagara,153.85716573333332,0,0,0,0,0,1,0,0,1,0,0,0,0,0,0,0,0,0,0,0,0,0,0,0,0,0,0,1
12.9747373,77.5448528,3,Vijayanagara,177.75250531666669,0,0,0,0,0,1,0,0,1,0,0,0,0,0,0,0,0,0,0,0,0,0,0,0,0,0,0,2
12.9617008,77.634324,1,Halasur,175.84292371666666,0,0,0,0,0,1,0,0,1,0,0,0,0,0,0,0,0,0,0,0,0,0,0,0,0,0,0,1
13.0197106,77.654167,3,Hennuru,146.00025125,0,0,0,0,0,1,0,0,1,0,0,0,0,0,0,0,0,0,0,0,0,0,0,0,0,0,0,1
13.0282668,77.6321698,3,Hennuru,134.35733168333334,0,0,0,0,0,1,0,0,1,0,0,0,0,0,0,0,0,0,0,0,0,0,0,0,0,0,0,1
13.0400877,77.5186791,3,Peenya,14.798998433333333,0,0,0,0,0,1,0,0,0,0,0,1,0,0,0,0,0,0,0,0,0,0,0,0,0,0,0,1
12.9730724,77.6986806,3,HAL Old Airport,1.3184935833333333,0,0,0,0,0,1,0,0,1,0,0,0,0,0,0,0,0,0,0,0,0,0,0,0,0,0,0,1
13.0184217,77.56126,3,Yeshwanthpura,17.37361458333333,0,0,0,0,0,1,0,0,1,0,0,0,0,0,0,0,0,0,0,0,0,0,0,0,0,0,0,1
13.0099235,77.5058763,1,Peenya,137.26294234999997,0,0,0,0,0,1,0,0,1,0,0,0,0,0,0,0,0,0,0,0,0,0,0,0,0,0,0,1
13.0446846,77.5906536,3,Kodigehalli,142.69705935,0,0,0,0,0,1,0,0,0,1,0,0,0,0,0,0,0,0,0,0,0,0,0,0,0,0,0,1
12.9730838,77.6986944,3,Mahadevapura,139.3033702,0,0,0,0,0,1,0,0,1,0,0,0,0,0,0,0,0,0,0,0,0,0,0,0,0,0,0,1
12.9730824,77.6986825,3,Mahadevapura,141.46013603333333,0,0,0,0,0,1,0,0,1,0,0,0,0,0,0,0,0,0,0,0,0,0,0,0,0,0,0,1
12.9934253,77.6611102,1,Banaswadi,150.07902758333333,0,0,0,0,0,1,0,0,0,0,0,1,0,0,0,0,0,0,0,0,0,0,0,0,0,0,0,2
12.9075587,77.6286337,3,HSR Layout,145.75737378333332,0,0,0,0,0,1,0,0,0,0,0,0,0,1,0,0,0,0,0,0,0,0,0,0,0,0,0,1
13.2304362,77.6909324,1,Devanahalli Airport,147.31028916666668,0,0,0,0,0,1,0,0,0,0,0,0,0,1,0,0,0,0,0,0,0,0,0,0,0,0,0,1
13.0425079,77.5145663,3,Chikkabanavara,177.05400893333334,0,0,0,0,0,1,0,0,0,1,0,0,0,0,0,0,0,0,0,0,0,0,0,0,0,0,0,1
13.0446989,77.5905775,3,Kodigehalli,131.4612788,0,0,0,0,0,1,0,0,0,1,0,0,0,0,0,0,0,0,0,0,0,0,0,0,0,0,0,1
12.9838995,77.5970018,3,Cubbon Park,158.03682091666667,0,0,0,0,0,1,0,0,1,0,0,0,0,0,0,0,0,0,0,0,0,0,0,0,0,0,0,1
12.9642504,77.5705495,3,Chamarajpet,55.2758047,0,0,0,0,0,1,0,0,0,0,0,0,0,0,0,0,1,0,0,0,0,0,0,0,0,0,0,1
13.0445083,77.5828633,3,Kodigehalli,152.10526885,0,1,0,0,0,0,1,0,0,0,0,0,0,0,0,0,0,0,0,0,0,0,0,0,0,0,0,1
13.020831,77.6508104,3,Banaswadi,73.01628798333333,1,0,0,0,0,0,1,0,0,0,0,0,0,0,0,0,0,0,0,0,0,0,0,0,0,0,0,3
13.0437543,77.5998765,3,Hebbala,72.68362558333334,1,0,0,0,0,0,1,0,0,0,0,0,0,0,0,0,0,0,0,0,0,0,0,0,0,0,0,2
12.9799244,77.5811144,1,Upparpet,12.261251683333334,0,0,0,0,0,1,0,0,1,0,0,0,0,0,0,0,0,0,0,0,0,0,0,0,0,0,0,1
12.9874512,77.5194712,3,Kamakshipalya,61.61077986666667,0,0,0,0,0,1,0,0,1,0,0,0,0,0,0,0,0,0,0,0,0,0,0,0,0,0,0,1
12.9869915,77.5190838,3,Kamakshipalya,64.27595888333333,0,0,0,0,0,1,0,0,1,0,0,0,0,0,0,0,0,0,0,0,0,0,0,0,0,0,0,1
13.0201251,77.5838337,3,Sadashivanagar,14.07579545,0,0,0,0,0,1,0,0,0,0,0,0,0,0,0,1,0,0,0,0,0,0,0,0,0,0,0,1
13.0357972,77.5413416,3,Jalahalli,135.65504535,0,0,0,0,0,1,0,0,0,1,0,0,0,0,0,0,0,0,0,0,0,0,0,0,0,0,0,1
12.9785516,77.5151675,1,Jnanabharathi,126.63099755,0,0,0,0,0,1,0,0,0,1,0,0,0,0,0,0,0,0,0,0,0,0,0,0,0,0,0,1
12.9220949,77.6452776,3,HSR Layout,21.646528683333333,0,0,0,0,0,1,0,0,1,0,0,0,0,0,0,0,0,0,0,0,0,0,0,0,0,0,0,1
13.0243033,77.5848783,3,Kodigehalli,136.28483225,0,0,0,0,0,1,0,0,0,0,0,1,0,0,0,0,0,0,0,0,0,0,0,0,0,0,0,2
13.0453488,77.5075914,3,Chikkabanavara,152.65324631666667,0,0,0,0,0,1,0,0,0,1,0,0,0,0,0,0,0,0,0,0,0,0,0,0,0,0,0,2
13.0191483,77.65442,3,Banaswadi,156.47461026666667,0,0,0,0,0,1,0,0,1,0,0,0,0,0,0,0,0,0,0,0,0,0,0,0,0,0,0,1
13.0074843,77.662499,3,Banaswadi,164.38072330000003,0,0,0,0,0,1,0,0,0,0,0,0,0,0,1,0,0,0,0,0,0,0,0,0,0,0,0,1
13.0908603,77.5965681,3,Yelahanka,24.362505416666668,0,0,0,0,0,1,0,0,0,0,0,0,0,0,1,0,0,0,0,0,0,0,0,0,0,0,0,1
13.0287972,77.6206363,1,K.G. Halli,39.91352521666667,0,0,0,0,0,1,0,0,1,0,0,0,0,0,0,0,0,0,0,0,0,0,0,0,0,0,0,1
13.0468297,77.5012172,1,Peenya,64.67469376666666,1,0,0,0,0,0,1,0,0,0,0,0,0,0,0,0,0,0,0,0,0,0,0,0,0,0,0,3
12.9758667,77.5875667,1,Halasuru Gate,20.05264845,0,0,0,0,0,1,0,0,1,0,0,0,0,0,0,0,0,0,0,0,0,0,0,0,0,0,0,1
12.995207,77.6661212,3,Mahadevapura,131.18781781666667,0,0,0,0,0,1,0,0,0,1,0,0,0,0,0,0,0,0,0,0,0,0,0,0,0,0,0,2
12.91173196,77.55831806,1,K.S. Layout,130.55558125,0,0,0,0,0,1,0,0,1,0,0,0,0,0,0,0,0,0,0,0,0,0,0,0,0,0,0,1
12.9615967,77.5617183,3,Chamarajpet,175.20226066666666,0,0,0,0,0,1,0,0,0,1,0,0,0,0,0,0,0,0,0,0,0,0,0,0,0,0,0,1
13.0389266,77.5181671,3,Peenya,10.195782266666667,0,0,0,0,0,1,0,0,1,0,0,0,0,0,0,0,0,0,0,0,0,0,0,0,0,0,0,1
12.9572592,77.5518976,3,Byatarayanapura,6.759156316666666,0,0,0,0,0,1,0,0,0,0,0,0,0,1,0,0,0,0,0,0,0,0,0,0,0,0,0,2
13.0410532,77.5189396,3,Chikkabanavara,23.556338,0,0,0,0,0,1,0,0,1,0,0,0,0,0,0,0,0,0,0,0,0,0,0,0,0,0,0,1
12.9162337,77.6153047,1,Mico Layout,33.514624866666665,0,0,0,0,0,1,0,0,0,1,0,0,0,0,0,0,0,0,0,0,0,0,0,0,0,0,0,1
13.0158106,77.5629245,3,Sadashivanagar,121.81818698333333,0,0,0,0,0,1,0,0,0,0,0,1,0,0,0,0,0,0,0,0,0,0,0,0,0,0,0,2
13.0413404,77.6223957,3,Hennuru,157.83113301666666,0,1,0,0,0,0,1,0,0,0,0,0,0,0,0,0,0,0,0,0,0,0,0,0,0,0,0,1
13.0582702,77.468073,1,No Police Station,122.32109013333334,0,0,0,0,0,1,0,0,0,0,0,0,0,1,0,0,0,0,0,0,0,0,0,0,0,0,0,1
13.0767192,77.5914269,3,Yelahanka,157.25087485,0,0,0,0,0,1,0,0,0,0,0,1,0,0,0,0,0,0,0,0,0,0,0,0,0,0,0,1
13.0439611,77.5571076,3,Jalahalli,98.79469238333333,0,0,0,0,0,1,0,0,1,0,0,0,0,0,0,0,0,0,0,0,0,0,0,0,0,0,0,1
12.98305,77.7522217,1,Whitefield,153.31675538333332,0,0,0,0,0,1,0,0,1,0,0,0,0,0,0,0,0,0,0,0,0,0,0,0,0,0,0,1
12.8360731,77.6794939,1,Electronic City,155.19615536666666,0,0,0,0,0,1,0,0,0,0,0,0,0,0,0,0,1,0,0,0,0,0,0,0,0,0,0,1
13.0991641,77.5975429,3,Yelahanka,169.46614423333332,0,0,0,0,0,1,0,0,0,0,0,0,1,0,0,0,0,0,0,0,0,0,0,0,0,0,0,2
12.9192208,77.5422099,1,Banashankari,19.4802817,0,0,0,0,0,1,0,0,1,0,0,0,0,0,0,0,0,0,0,0,0,0,0,0,0,0,0,1
13.0786447,77.5921502,3,Yelahanka,125.08884126666666,0,0,0,0,0,1,0,0,0,0,0,0,0,0,1,0,0,0,0,0,0,0,0,0,0,0,0,2
13.0296599,77.5383617,3,Yeshwanthpura,148.38217213333334,0,0,0,0,0,1,0,0,0,0,0,0,0,1,0,0,0,0,0,0,0,0,0,0,0,0,0,2
12.9616822,77.5842475,3,Halasuru Gate,112.59205778333333,0,0,0,0,0,1,0,0,1,0,0,0,0,0,0,0,0,0,0,0,0,0,0,0,0,0,0,2
13.0343209,77.5304246,3,Yeshwanthpura,142.98483328333333,0,0,0,0,0,1,0,0,0,0,0,1,0,0,0,0,0,0,0,0,0,0,0,0,0,0,0,2
12.9116917,77.626182,3,HSR Layout,138.99571096666665,0,0,0,0,0,1,0,0,1,0,0,0,0,0,0,0,0,0,0,0,0,0,0,0,0,0,0,2
13.0499771,77.592746,3,Kodigehalli,123.2348741,0,0,0,0,0,1,0,0,0,0,0,0,0,1,0,0,0,0,0,0,0,0,0,0,0,0,0,1
12.9749679,77.5866242,1,Halasuru Gate,36.436371050000005,0,0,0,0,0,1,0,0,1,0,0,0,0,0,0,0,0,0,0,0,0,0,0,0,0,0,0,1
12.995197,77.6084033,1,Pulikeshinagar(F.Town),41.06278635,0,0,0,0,0,1,0,0,1,0,0,0,0,0,0,0,0,0,0,0,0,0,0,0,0,0,0,1
12.9673304,77.5123658,1,Jnanabharathi,159.61082075000002,0,0,0,0,0,1,0,0,0,0,0,0,1,0,0,0,0,0,0,0,0,0,0,0,0,0,0,2
12.9211519,77.6204241,3,Madiwala,168.96639036666664,0,0,0,0,0,1,0,0,0,0,0,0,0,1,0,0,0,0,0,0,0,0,0,0,0,0,0,2
13.1013365,77.5835663,1,Yelahanka,63.735437633333326,0,0,0,0,0,1,0,0,1,0,0,0,0,0,0,0,0,0,0,0,0,0,0,0,0,0,0,1
12.9880025,77.4946104,3,Kamakshipalya,145.74613121666667,0,0,0,0,0,1,0,0,1,0,0,0,0,0,0,0,0,0,0,0,0,0,0,0,0,0,0,1
13.0423267,77.5489333,3,Jalahalli,41.89284255,0,0,0,0,0,1,0,0,0,1,0,0,0,0,0,0,0,0,0,0,0,0,0,0,0,0,0,1
12.8744258,77.7664716,1,No Police Station,10.832319250000001,1,0,0,0,0,0,1,0,0,0,0,0,0,0,0,0,0,0,0,0,0,0,0,0,0,0,0,1
12.9357412,77.7066865,1,HAL Old Airport,171.01376178333334,0,0,0,0,0,1,0,0,0,0,0,0,1,0,0,0,0,0,0,0,0,0,0,0,0,0,0,1
13.0408793,77.6173343,3,Hennuru,52.42753255,0,1,0,0,0,0,1,0,0,0,0,0,0,0,0,0,0,0,0,0,0,0,0,0,0,0,0,1
13.0949551,77.5972563,3,Yelahanka,66.21189410000001,1,0,0,0,0,0,1,0,0,0,0,0,0,0,0,0,0,0,0,0,0,0,0,0,0,0,0,1
12.9175333,77.6230267,3,Madiwala,150.84189986666667,0,0,0,0,0,1,0,0,0,0,0,0,0,0,0,0,1,0,0,0,0,0,0,0,0,0,0,1
12.91704,77.5838333,1,Jayanagara,48.95543648333333,0,0,0,0,1,0,1,0,0,0,0,0,0,0,0,0,0,0,0,0,0,0,0,0,0,0,0,1
12.9993376,77.584343,3,Sadashivanagar,9.997270066666665,0,0,0,0,0,1,0,0,0,0,1,0,0,0,0,0,0,0,0,0,0,0,0,0,0,0,0,1
12.999321,77.6738404,1,Banaswadi,148.63318245,0,0,0,0,0,1,0,0,0,0,0,1,0,0,0,0,0,0,0,0,0,0,0,0,0,0,0,1
12.9139691,77.6779392,1,Bellandur,3.0139137333333332,0,0,1,0,0,0,1,0,0,0,0,0,0,0,0,0,0,0,0,0,0,0,0,0,0,0,0,1
13.0295507,77.5387229,3,Yeshwanthpura,139.37499889999998,0,0,0,0,0,1,0,0,0,1,0,0,0,0,0,0,0,0,0,0,0,0,0,0,0,0,0,1
12.9838366,77.5970804,3,Cubbon Park,134.04093796666666,0,0,0,0,0,1,0,0,1,0,0,0,0,0,0,0,0,0,0,0,0,0,0,0,0,0,0,2
12.9713268,77.6195551,3,Halasur,18.148097683333333,0,0,0,0,0,1,0,0,1,0,0,0,0,0,0,0,0,0,0,0,0,0,0,0,0,0,0,1
12.9365078,77.5179874,3,Byatarayanapura,32.78711466666667,0,0,0,0,0,1,0,0,0,0,0,1,0,0,0,0,0,0,0,0,0,0,0,0,0,0,0,1
13.0551266,77.4739854,1,No Police Station,36.55414716666667,0,0,0,0,0,1,1,0,0,0,0,0,0,0,0,0,0,0,0,0,0,0,0,0,0,0,0,1
13.0530263,77.6460574,1,Hennuru,104.44264348333333,0,0,0,0,0,1,0,0,0,1,0,0,0,0,0,0,0,0,0,0,0,0,0,0,0,0,0,1
13.1222466,77.6106497,3,Yelahanka,143.95203455,0,0,0,0,0,1,0,0,0,1,0,0,0,0,0,0,0,0,0,0,0,0,0,0,0,0,0,2
12.988835,77.4725683,1,Kamakshipalya,12.732202816666668,0,1,0,0,0,0,1,0,0,0,0,0,0,0,0,0,0,0,0,0,0,0,0,0,0,0,0,1
13.0105086,77.58363,3,Sadashivanagar,4.05119445,0,0,0,0,0,1,0,0,0,0,0,0,0,0,0,0,1,0,0,0,0,0,0,0,0,0,0,1
12.9436786,77.5744352,1,Basavanagudi,134.51298386666667,0,0,0,0,0,1,0,0,0,0,0,0,0,0,0,0,1,0,0,0,0,0,0,0,0,0,0,2
13.0735695,77.5033353,1,Chikkabanavara,42.46220125,0,0,0,0,0,1,0,0,1,0,0,0,0,0,0,0,0,0,0,0,0,0,0,0,0,0,0,2
12.871779,77.6519104,3,Electronic City,145.40867046666665,0,0,0,0,0,1,0,0,0,0,0,0,0,0,1,0,0,0,0,0,0,0,0,0,0,0,0,2
13.0426613,77.5978718,3,Hebbala,173.59271346666668,0,0,0,0,0,1,0,0,0,0,0,1,0,0,0,0,0,0,0,0,0,0,0,0,0,0,0,1
12.9988251,77.5839152,3,Sadashivanagar,163.35529655,0,0,0,0,0,1,0,0,0,0,0,0,0,1,0,0,0,0,0,0,0,0,0,0,0,0,0,1
13.0550633,77.5935483,3,Kodigehalli,153.70259761666665,0,0,0,0,0,1,0,0,0,0,0,0,1,0,0,0,0,0,0,0,0,0,0,0,0,0,0,2
13.0413305,77.619256,3,Hennuru,154.51919141666667,0,1,0,0,0,0,1,0,0,0,0,0,0,0,0,0,0,0,0,0,0,0,0,0,0,0,0,1
13.0744126,77.4380138,1,No Police Station,1.4276404,0,0,0,0,1,0,1,0,0,0,0,0,0,0,0,0,0,0,0,0,0,0,0,0,0,0,0,1
12.9614379,77.5611814,3,Chamarajpet,31.87520885,0,0,0,0,0,1,0,0,0,0,0,0,0,0,1,0,0,0,0,0,0,0,0,0,0,0,0,1
12.9837217,77.6404533,3,Jeevanbheemanagar,78.34826575000001,0,0,0,0,0,1,0,0,1,0,0,0,0,0,0,0,0,0,0,0,0,0,0,0,0,0,0,1
13.0093563,77.6623064,3,Banaswadi,168.78960436666665,0,0,0,0,0,1,0,0,0,1,0,0,0,0,0,0,0,0,0,0,0,0,0,0,0,0,0,1
13.0453965,77.5082477,3,Chikkabanavara,133.30405626666666,0,1,0,0,0,0,1,0,0,0,0,0,0,0,0,0,0,0,0,0,0,0,0,0,0,0,0,1
13.0438821,77.5538565,3,Jalahalli,29.89324733333333,0,0,0,0,0,1,0,0,0,1,0,0,0,0,0,0,0,0,0,0,0,0,0,0,0,0,0,1
13.0184294,77.5318872,1,Rajajinagar,66.08547033333333,1,0,0,0,0,0,1,0,0,0,0,0,0,0,0,0,0,0,0,0,0,0,0,0,0,0,0,1
12.9243358,77.6287373,1,Adugodi,146.71371011666668,0,0,0,0,0,1,0,0,1,0,0,0,0,0,0,0,0,0,0,0,0,0,0,0,0,0,0,1
13.0190913,77.5319319,1,Rajajinagar,94.95754838333333,1,0,0,0,0,0,1,0,0,0,0,0,0,0,0,0,0,0,0,0,0,0,0,0,0,0,0,1
12.9082725,77.6916917,1,Bellandur,26.941963933333334,0,0,0,0,0,1,0,0,1,0,0,0,0,0,0,0,0,0,0,0,0,0,0,0,0,0,0,1
13.0554052,77.4788579,1,No Police Station,167.57571773333333,0,0,0,0,0,1,0,0,0,0,0,0,0,1,0,0,0,0,0,0,0,0,0,0,0,0,0,2
13.0650633,77.4538592,1,No Police Station,142.70293826666665,0,0,0,0,0,1,0,0,0,1,0,0,0,0,0,0,0,0,0,0,0,0,0,0,0,0,0,1
12.9221649,77.6589628,3,Bellandur,145.49159641666665,0,0,0,0,0,1,0,0,1,0,0,0,0,0,0,0,0,0,0,0,0,0,0,0,0,0,0,1
13.025476,77.5120557,1,Peenya,180.0,0,0,0,0,0,1,0,0,1,0,0,0,0,0,0,0,0,0,0,0,0,0,0,0,0,0,0,1
13.05342267,77.75779724,1,K.R. Pura,120.0,0,0,0,1,0,0,1,0,0,0,0,0,0,0,0,0,0,0,0,0,0,0,0,0,0,0,0,1
13.0445332,77.5829857,3,Kodigehalli,171.07968093333332,0,1,0,0,0,0,1,0,0,0,0,0,0,0,0,0,0,0,0,0,0,0,0,0,0,0,0,1
13.0668552,77.5931188,3,Kodigehalli,122.6050257,0,0,0,0,0,1,0,0,0,0,0,1,0,0,0,0,0,0,0,0,0,0,0,0,0,0,0,1
12.9211133,77.6204127,3,Madiwala,22.988230849999997,0,0,0,0,0,1,0,0,1,0,0,0,0,0,0,0,0,0,0,0,0,0,0,0,0,0,0,2
13.0216827,77.5519487,3,Yeshwanthpura,22.34844435,0,0,0,0,0,1,0,0,0,1,0,0,0,0,0,0,0,0,0,0,0,0,0,0,0,0,0,1
12.953076,77.5400812,3,Byatarayanapura,24.466795816666668,0,0,0,0,0,1,0,0,0,1,0,0,0,0,0,0,0,0,0,0,0,0,0,0,0,0,0,1
13.04121,77.54605,3,Jalahalli,150.68312591666665,0,0,0,0,0,1,0,0,0,1,0,0,0,0,0,0,0,0,0,0,0,0,0,0,0,0,0,1
12.9857142,77.6442674,3,Banaswadi,147.60796908333333,0,0,0,0,0,1,0,0,0,0,0,0,0,0,0,0,1,0,0,0,0,0,0,0,0,0,0,2
13.0288855,77.5402327,3,Yeshwanthpura,169.8839226,0,0,0,0,0,1,0,0,0,1,0,0,0,0,0,0,0,0,0,0,0,0,0,0,0,0,0,2
12.9929258,77.5714901,1,Sheshadripuram,158.45544278333332,0,0,0,0,0,1,0,0,1,0,0,0,0,0,0,0,0,0,0,0,0,0,0,0,0,0,0,1
12.9548277,77.5443857,3,Byatarayanapura,122.49690885,0,0,0,0,0,1,0,0,0,1,0,0,0,0,0,0,0,0,0,0,0,0,0,0,0,0,0,2
12.9859006,77.5885846,3,High ground,120.07545041666667,0,0,0,0,0,1,0,0,1,0,0,0,0,0,0,0,0,0,0,0,0,0,0,0,0,0,0,1
13.1079417,77.602705,3,Yelahanka,120.48805851666665,0,0,0,0,0,1,0,0,0,0,0,0,1,0,0,0,0,0,0,0,0,0,0,0,0,0,0,2
13.0818349,77.5927639,3,Yelahanka,162.97318116666665,0,0,0,0,0,1,0,0,1,0,0,0,0,0,0,0,0,0,0,0,0,0,0,0,0,0,0,1
12.9975298,77.5534236,3,Rajajinagar,133.16798773333332,0,0,0,0,0,1,0,0,0,0,1,0,0,0,0,0,0,0,0,0,0,0,0,0,0,0,0,1
13.0122874,77.5090347,1,Peenya,92.98989458333334,0,0,0,0,1,0,1,0,0,0,0,0,0,0,0,0,0,0,0,0,0,0,0,0,0,0,0,1
12.9958759,77.5715134,1,Malleshwaram,70.00693796666665,0,0,0,0,0,1,0,0,1,0,0,0,0,0,0,0,0,0,0,0,0,0,0,0,0,0,0,1
12.995356,77.6670634,3,Mahadevapura,127.62510593333333,0,0,0,0,0,1,0,0,0,0,0,0,0,0,0,0,1,0,0,0,0,0,0,0,0,0,0,1
12.9117601,77.5672079,3,K.S. Layout,176.80020718333333,0,0,0,0,0,1,0,0,0,0,0,0,0,0,0,0,1,0,0,0,0,0,0,0,0,0,0,1
13.0449282,77.5816866,3,Kodigehalli,164.05138373333332,0,1,0,0,0,0,1,0,0,0,0,0,0,0,0,0,0,0,0,0,0,0,0,0,0,0,0,1
13.0824285,77.5932016,3,Yelahanka,123.96739218333333,0,0,0,0,0,1,0,0,0,1,0,0,0,0,0,0,0,0,0,0,0,0,0,0,0,0,0,1
13.0415405,77.5471261,3,Jalahalli,174.9428638,0,0,0,0,0,1,0,0,0,0,0,1,0,0,0,0,0,0,0,0,0,0,0,0,0,0,0,1
12.940784,77.5248097,3,Byatarayanapura,175.0823529,0,0,0,0,0,1,0,0,1,0,0,0,0,0,0,0,0,0,0,0,0,0,0,0,0,0,0,1
13.0273217,77.5794943,1,Kodigehalli,167.09638421666665,0,0,0,0,0,1,0,0,0,0,0,0,1,0,0,0,0,0,0,0,0,0,0,0,0,0,0,1
12.9675876,77.5896026,3,Halasuru Gate,148.3294488,0,0,0,0,0,1,0,0,1,0,0,0,0,0,0,0,0,0,0,0,0,0,0,0,0,0,0,1
12.944928,77.6026878,1,Adugodi,39.133124849999994,0,0,0,0,0,1,0,0,0,1,0,0,0,0,0,0,0,0,0,0,0,0,0,0,0,0,0,1
13.0357763,77.5415265,3,Yeshwanthpura,138.68558596666665,0,0,0,0,0,1,0,0,0,0,0,1,0,0,0,0,0,0,0,0,0,0,0,0,0,0,0,1
13.0284364,77.632117,3,Hennuru,166.14501701666669,0,0,0,0,0,1,0,0,0,0,0,0,1,0,0,0,0,0,0,0,0,0,0,0,0,0,0,1
12.9258395,77.6761401,3,Bellandur,135.79017588333332,0,0,0,0,0,1,0,0,1,0,0,0,0,0,0,0,0,0,0,0,0,0,0,0,0,0,0,1
13.0567614,77.4750998,1,No Police Station,146.7880562,0,0,0,0,0,1,0,0,0,1,0,0,0,0,0,0,0,0,0,0,0,0,0,0,0,0,0,2
12.9580733,77.5539867,3,Chamarajpet,158.36804249999997,0,0,0,0,0,1,0,0,1,0,0,0,0,0,0,0,0,0,0,0,0,0,0,0,0,0,0,1
13.08507,77.5932683,3,Yelahanka,143.22098495,0,0,0,0,0,1,0,0,0,1,0,0,0,0,0,0,0,0,0,0,0,0,0,0,0,0,0,1
12.9317452,77.6138217,3,Adugodi,141.08655533333334,0,0,1,0,0,0,1,0,0,0,0,0,0,0,0,0,0,0,0,0,0,0,0,0,0,0,0,1
13.1217612,77.6117675,3,Yelahanka,129.91430708333334,0,0,0,0,0,1,0,0,0,1,0,0,0,0,0,0,0,0,0,0,0,0,0,0,0,0,0,1
13.0144058,77.5836784,3,Sadashivanagar,121.19172631666667,0,0,0,0,0,1,0,0,0,0,0,0,0,0,0,1,0,0,0,0,0,0,0,0,0,0,0,1
13.0459326,77.7502339,1,K.R. Pura,17.2937739,0,0,0,0,0,1,0,0,0,1,0,0,0,0,0,0,0,0,0,0,0,0,0,0,0,0,0,1
12.9559519,77.716416,3,Whitefield,122.43185746666667,0,0,0,0,0,1,0,0,0,1,0,0,0,0,0,0,0,0,0,0,0,0,0,0,0,0,0,2
13.0413659,77.6224657,3,Hennuru,171.9759668,0,1,0,0,0,0,1,0,0,0,0,0,0,0,0,0,0,0,0,0,0,0,0,0,0,0,0,1
13.0519675,77.4881966,1,No Police Station,134.16376246666667,0,0,0,0,0,1,0,0,0,0,1,0,0,0,0,0,0,0,0,0,0,0,0,0,0,0,0,2
12.9758821,77.5868134,1,Halasuru Gate,13.885744066666666,0,0,0,0,0,1,0,0,1,0,0,0,0,0,0,0,0,0,0,0,0,0,0,0,0,0,0,1
13.043501,77.5573519,3,Jalahalli,9.381939516666668,0,0,0,0,0,1,0,0,0,0,0,0,1,0,0,0,0,0,0,0,0,0,0,0,0,0,0,1
12.96854,77.5126404,1,Jnanabharathi,104.42743878333334,1,0,0,0,0,0,1,0,0,0,0,0,0,0,0,0,0,0,0,0,0,0,0,0,0,0,0,1
12.9992886,77.5838117,3,Sadashivanagar,360.0,0,0,0,0,1,0,1,0,0,0,0,0,0,0,0,0,0,0,0,0,0,0,0,0,0,0,0,1
12.9138731,77.5670625,3,Banashankari,84.86862455,0,0,0,0,0,1,0,0,1,0,0,0,0,0,0,0,0,0,0,0,0,0,0,0,0,0,0,1
12.9117601,77.5672079,3,K.S. Layout,176.79953076666666,0,0,0,0,0,1,0,0,0,0,0,0,0,0,0,0,1,0,0,0,0,0,0,0,0,0,0,1
13.0278723,77.5715932,1,Sadashivanagar,63.69129203333333,0,0,0,0,1,0,1,0,0,0,0,0,0,0,0,0,0,0,0,0,0,0,0,0,0,0,0,1
12.9707873,77.5762439,1,City Market,360.0,0,0,0,0,1,0,1,0,0,0,0,0,0,0,0,0,0,0,0,0,0,0,0,0,0,0,0,1
12.9248733,77.6273117,1,Adugodi,149.85904545,0,0,0,0,0,1,0,0,1,0,0,0,0,0,0,0,0,0,0,0,0,0,0,0,0,0,0,1
13.00701,77.59236,1,Sadashivanagar,5.531166833333333,0,0,0,0,1,0,1,0,0,0,0,0,0,0,0,0,0,0,0,0,0,0,0,0,0,0,0,1
13.0457526,77.5056862,3,Peenya,29.151570016666668,0,0,0,0,0,1,0,0,0,0,0,1,0,0,0,0,0,0,0,0,0,0,0,0,0,0,0,1
12.9594033,77.5556832,3,Chamarajpet,22.22487305,0,0,0,0,0,1,0,0,0,1,0,0,0,0,0,0,0,0,0,0,0,0,0,0,0,0,0,1
12.9960828,77.6680963,3,Banaswadi,36.730649516666666,0,0,0,0,0,1,0,0,0,1,0,0,0,0,0,0,0,0,0,0,0,0,0,0,0,0,0,1
13.0569168,77.593818,3,Hebbala,47.199177299999995,1,0,0,0,0,0,1,0,0,0,0,0,0,0,0,0,0,0,0,0,0,0,0,0,0,0,0,3
12.9559433,77.5458728,3,Byatarayanapura,161.71843423333334,0,0,0,0,0,1,0,0,0,0,0,0,0,0,0,0,1,0,0,0,0,0,0,0,0,0,0,1
12.9974785,77.5455357,1,Vijayanagara,360.0,0,0,0,0,1,0,1,0,0,0,0,0,0,0,0,0,0,0,0,0,0,0,0,0,0,0,0,1
12.9688404,77.5683589,1,Chamarajpet,360.0,0,0,0,0,1,0,1,0,0,0,0,0,0,0,0,0,0,0,0,0,0,0,0,0,0,0,0,1
13.0018141,77.5944199,1,R.T. Nagar,5.30884245,0,0,0,0,1,0,1,0,0,0,0,0,0,0,0,0,0,0,0,0,0,0,0,0,0,0,0,1
12.9170409,77.5812865,1,Jayanagara,0.4908750333333333,0,0,0,0,1,0,1,0,0,0,0,0,0,0,0,0,0,0,0,0,0,0,0,0,0,0,0,1
12.9510735,77.5954322,1,Wilson Garden,360.0,0,0,0,0,1,0,1,0,0,0,0,0,0,0,0,0,0,0,0,0,0,0,0,0,0,0,0,1
12.9169873,77.5812147,1,J.P. Nagar,4.4900476,0,0,0,0,1,0,1,0,0,0,0,0,0,0,0,0,0,0,0,0,0,0,0,0,0,0,0,1
12.9732417,77.5084717,1,Jnanabharathi,128.61807213333333,0,0,0,0,0,1,0,0,1,0,0,0,0,0,0,0,0,0,0,0,0,0,0,0,0,0,0,1
13.0039464,77.5937308,1,R.T. Nagar,360.0,0,0,0,0,1,0,1,0,0,0,0,0,0,0,0,0,0,0,0,0,0,0,0,0,0,0,0,1
12.9936017,77.5956095,1,High ground,34.0714849,0,0,0,0,1,0,1,0,0,0,0,0,0,0,0,0,0,0,0,0,0,0,0,0,0,0,0,1
12.9624773,77.5947208,3,Halasuru Gate,360.0,0,0,0,0,1,0,1,0,0,0,0,0,0,0,0,0,0,0,0,0,0,0,0,0,0,0,0,1
12.9754925,77.5748488,1,Upparpet,360.0,0,0,0,0,1,0,1,0,0,0,0,0,0,0,0,0,0,0,0,0,0,0,0,0,0,0,0,1
13.0471325,77.5008633,1,Peenya,8.980089583333333,1,0,0,0,0,0,1,0,0,0,0,0,0,0,0,0,0,0,0,0,0,0,0,0,0,0,0,3
12.9963631,77.5843187,3,Sheshadripuram,4.825667416666667,0,0,0,0,1,0,1,0,0,0,0,0,0,0,0,0,0,0,0,0,0,0,0,0,0,0,0,1
12.9182052,77.7368436,1,Whitefield,176.64147281666666,0,1,0,0,0,0,1,0,0,0,0,0,0,0,0,0,0,0,0,0,0,0,0,0,0,0,0,1
12.9845417,77.594795,3,Cubbon Park,360.0,0,0,0,0,1,0,1,0,0,0,0,0,0,0,0,0,0,0,0,0,0,0,0,0,0,0,0,1
12.9867716,77.5190005,3,Kamakshipalya,28.91942585,0,0,0,0,0,1,0,0,1,0,0,0,0,0,0,0,0,0,0,0,0,0,0,0,0,0,0,1
12.8995441,77.6077643,1,Mico Layout,360.0,0,0,0,0,1,0,1,0,0,0,0,0,0,0,0,0,0,0,0,0,0,0,0,0,0,0,0,1
12.9875699,77.5890107,3,High ground,2.70588995,0,0,0,0,1,0,1,0,0,0,0,0,0,0,0,0,0,0,0,0,0,0,0,0,0,0,0,1
12.9238584,77.5532339,3,Banashankari,66.95399586666666,0,0,0,0,1,0,1,0,0,0,0,0,0,0,0,0,0,0,0,0,0,0,0,0,0,0,0,1
12.9641312,77.6261077,1,Halasur,360.0,0,0,0,0,1,0,1,0,0,0,0,0,0,0,0,0,0,0,0,0,0,0,0,0,0,0,0,1
12.9957307,77.5506997,3,Vijayanagara,72.65351976666668,0,0,0,0,0,1,0,0,0,0,0,0,1,0,0,0,0,0,0,0,0,0,0,0,0,0,0,1
12.9969965,77.595942,1,R.T. Nagar,360.0,0,0,0,0,1,0,1,0,0,0,0,0,0,0,0,0,0,0,0,0,0,0,0,0,0,0,0,1
12.9528787,77.5416099,3,Byatarayanapura,8.7606476,0,0,0,0,0,1,0,0,0,0,1,0,0,0,0,0,0,0,0,0,0,0,0,0,0,0,0,2
13.014946,77.5659894,3,Sadashivanagar,132.74173065,0,0,0,0,0,1,0,0,0,0,0,0,0,0,0,0,1,0,0,0,0,0,0,0,0,0,0,1
13.0546106,77.473149,1,No Police Station,139.6844751,0,0,0,0,0,1,0,0,0,1,0,0,0,0,0,0,0,0,0,0,0,0,0,0,0,0,0,2
12.9890794,77.5740165,1,Sheshadripuram,179.79174941666668,0,0,0,0,0,1,0,0,1,0,0,0,0,0,0,0,0,0,0,0,0,0,0,0,0,0,0,1
12.9829911,77.5762723,1,High ground,18.622146633333333,0,0,0,0,1,0,1,0,0,0,0,0,0,0,0,0,0,0,0,0,0,0,0,0,0,0,0,3
12.9884899,77.6175216,1,Pulikeshinagar(F.Town),18.082762549999998,0,0,0,0,1,0,1,0,0,0,0,0,0,0,0,0,0,0,0,0,0,0,0,0,0,0,0,1
12.9132468,77.6252662,3,HSR Layout,135.72341658333332,0,0,0,0,0,1,0,0,0,0,1,0,0,0,0,0,0,0,0,0,0,0,0,0,0,0,0,1
13.06618,77.4523617,1,No Police Station,125.2358377,0,0,0,0,0,1,0,0,0,0,0,1,0,0,0,0,0,0,0,0,0,0,0,0,0,0,0,1
12.9165318,77.5708928,1,Banashankari,175.17686383333333,0,0,0,0,0,1,0,0,1,0,0,0,0,0,0,0,0,0,0,0,0,0,0,0,0,0,0,1
12.8893035,77.5976747,3,Hulimavu,146.04922566666667,0,0,0,0,0,1,0,0,1,0,0,0,0,0,0,0,0,0,0,0,0,0,0,0,0,0,0,1
12.8989189,77.6342551,3,HSR Layout,175.22058215,0,0,0,0,0,1,0,0,0,1,0,0,0,0,0,0,0,0,0,0,0,0,0,0,0,0,0,2
12.9839494,77.64135,3,Jeevanbheemanagar,2.4311920333333332,0,0,0,0,1,0,1,0,0,0,0,0,0,0,0,0,0,0,0,0,0,0,0,0,0,0,0,1
13.0340915,77.5293001,3,Yeshwanthpura,22.600898083333334,0,0,0,0,1,0,1,0,0,0,0,0,0,0,0,0,0,0,0,0,0,0,0,0,0,0,0,1
12.9318911,77.5415126,3,Banashankari,171.24131516666665,0,0,0,0,0,1,0,0,1,0,0,0,0,0,0,0,0,0,0,0,0,0,0,0,0,0,0,1
13.0891773,77.5961725,3,Yelahanka,14.264672216666666,0,0,0,0,0,1,0,0,0,0,0,1,0,0,0,0,0,0,0,0,0,0,0,0,0,0,0,2
13.0409067,77.5172818,3,Peenya,108.20570536666668,0,0,0,0,0,1,0,0,0,0,0,1,0,0,0,0,0,0,0,0,0,0,0,0,0,0,0,2
12.9436885,77.574042,1,Basavanagudi,360.0,0,0,0,0,1,0,1,0,0,0,0,0,0,0,0,0,0,0,0,0,0,0,0,0,0,0,0,1
13.0305585,77.5159596,1,Peenya,360.0,0,0,0,0,1,0,1,0,0,0,0,0,0,0,0,0,0,0,0,0,0,0,0,0,0,0,0,1
12.9165618,77.5709117,1,Banashankari,176.67436158333334,0,0,0,0,0,1,0,0,1,0,0,0,0,0,0,0,0,0,0,0,0,0,0,0,0,0,0,1
13.0260264,77.5443445,3,Yeshwanthpura,360.0,0,0,0,0,1,0,1,0,0,0,0,0,0,0,0,0,0,0,0,0,0,0,0,0,0,0,0,1
13.0585628,77.4663325,1,No Police Station,158.15524251666665,0,0,0,0,0,1,0,0,0,0,0,1,0,0,0,0,0,0,0,0,0,0,0,0,0,0,0,1
12.9711709,77.6054721,3,Ashok Nagar,1.7176543333333332,0,0,0,0,0,1,0,0,1,0,0,0,0,0,0,0,0,0,0,0,0,0,0,0,0,0,0,2
13.0300117,77.5630929,1,Sadashivanagar,14.359847433333334,0,0,0,0,1,0,1,0,0,0,0,0,0,0,0,0,0,0,0,0,0,0,0,0,0,0,0,1
12.9238644,77.5532613,3,Banashankari,34.95004038333333,0,0,0,0,1,0,1,0,0,0,0,0,0,0,0,0,0,0,0,0,0,0,0,0,0,0,0,1
13.0300746,77.5630008,1,Yeshwanthpura,220.28841453333334,0,0,0,0,1,0,1,0,0,0,0,0,0,0,0,0,0,0,0,0,0,0,0,0,0,0,0,3
12.9175858,77.5742196,1,Jayanagara,172.87032200000002,0,0,0,0,0,1,0,0,0,1,0,0,0,0,0,0,0,0,0,0,0,0,0,0,0,0,0,1
12.9167151,77.5980396,3,Jayanagara,108.71099421666666,0,0,0,0,0,1,0,0,1,0,0,0,0,0,0,0,0,0,0,0,0,0,0,0,0,0,0,1
12.9711709,77.6054721,3,Ashok Nagar,93.48512965,0,0,0,0,0,1,0,0,1,0,0,0,0,0,0,0,0,0,0,0,0,0,0,0,0,0,0,2
13.08657172,77.63491327,3,Hennuru,175.23656486666667,0,0,0,0,0,1,0,0,0,0,0,0,1,0,0,0,0,0,0,0,0,0,0,0,0,0,0,1
12.9995975,77.6196896,1,Pulikeshinagar(F.Town),7.642841166666667,0,0,0,0,0,1,0,0,1,0,0,0,0,0,0,0,0,0,0,0,0,0,0,0,0,0,0,1
12.977505,77.6408917,3,Jeevanbheemanagar,1.1738009666666664,0,0,0,0,1,0,1,0,0,0,0,0,0,0,0,0,0,0,0,0,0,0,0,0,0,0,0,1
13.0441333,77.55416,3,Jalahalli,162.4046223,0,0,0,0,0,1,0,0,0,0,0,0,0,0,1,0,0,0,0,0,0,0,0,0,0,0,0,1
12.9993372,77.584253,3,Sadashivanagar,136.3472685,0,0,0,0,0,1,0,0,0,1,0,0,0,0,0,0,0,0,0,0,0,0,0,0,0,0,0,2
12.9821126,77.5641849,1,Magadi Road,123.19709538333333,0,0,0,0,0,1,0,0,0,0,0,0,0,0,0,0,1,0,0,0,0,0,0,0,0,0,0,1
12.9436771,77.5727648,1,Basavanagudi,3.8468230333333335,0,0,0,0,1,0,1,0,0,0,0,0,0,0,0,0,0,0,0,0,0,0,0,0,0,0,0,1
13.0225088,77.5497666,3,Yeshwanthpura,360.0,0,0,0,0,1,0,1,0,0,0,0,0,0,0,0,0,0,0,0,0,0,0,0,0,0,0,0,1
12.9820969,77.5641937,1,Magadi Road,177.7370091,0,0,0,0,0,1,0,0,0,1,0,0,0,0,0,0,0,0,0,0,0,0,0,0,0,0,0,1
12.9476033,77.5981417,1,Wilson Garden,174.21973496666666,0,0,0,0,0,1,0,0,1,0,0,0,0,0,0,0,0,0,0,0,0,0,0,0,0,0,0,1
13.0957443,77.5978159,3,Yelahanka,151.79433328333334,0,0,0,0,0,1,0,0,0,0,0,0,1,0,0,0,0,0,0,0,0,0,0,0,0,0,0,1
12.9217905,77.6615907,3,Bellandur,16.044057783333333,0,0,0,0,0,1,0,0,0,0,0,0,0,0,1,0,0,0,0,0,0,0,0,0,0,0,0,2
12.9820961,77.5642818,1,Magadi Road,166.75708834999998,0,0,0,0,0,1,0,0,0,0,0,0,0,0,0,0,1,0,0,0,0,0,0,0,0,0,0,1
12.8398702,77.6769264,1,Electronic City,29.089931583333335,0,0,0,0,0,1,0,0,1,0,0,0,0,0,0,0,0,0,0,0,0,0,0,0,0,0,0,1
12.8770527,77.5951565,3,Hulimavu,34.15102665,0,0,0,0,0,1,0,0,1,0,0,0,0,0,0,0,0,0,0,0,0,0,0,0,0,0,0,1
13.056925,77.4745067,1,No Police Station,175.70407521666667,0,0,0,0,0,1,0,0,0,0,0,1,0,0,0,0,0,0,0,0,0,0,0,0,0,0,0,1
13.0224187,77.5509157,3,Yeshwanthpura,91.52639778333334,0,0,0,0,0,1,0,0,0,0,0,0,0,1,0,0,0,0,0,0,0,0,0,0,0,0,0,1
12.9827246,77.5920638,3,Cubbon Park,360.0,0,0,0,0,1,0,1,0,0,0,0,0,0,0,0,0,0,0,0,0,0,0,0,0,0,0,0,1
12.9955732,77.6110994,1,Pulikeshinagar(F.Town),360.0,0,0,0,0,1,0,1,0,0,0,0,0,0,0,0,0,0,0,0,0,0,0,0,0,0,0,0,1
12.9706314,77.6048719,3,Ashok Nagar,35.252319033333336,0,0,0,0,0,1,0,0,0,0,0,0,1,0,0,0,0,0,0,0,0,0,0,0,0,0,0,1
13.0299073,77.5364206,3,Yeshwanthpura,130.51896715,0,0,0,0,0,1,0,0,0,0,0,1,0,0,0,0,0,0,0,0,0,0,0,0,0,0,0,1
13.0174925,77.553745,3,Yeshwanthpura,6.159646333333333,0,0,0,0,0,1,0,0,0,0,0,0,0,1,0,0,0,0,0,0,0,0,0,0,0,0,0,1
12.910431,77.5840122,1,J.P. Nagar,360.0,0,0,0,0,1,0,1,0,0,0,0,0,0,0,0,0,0,0,0,0,0,0,0,0,0,0,0,1
12.9954975,77.6111313,1,Pulikeshinagar(F.Town),360.0,0,0,0,0,1,0,1,0,0,0,0,0,0,0,0,0,0,0,0,0,0,0,0,0,0,0,0,1
12.9390143,77.7472807,1,Whitefield,161.6984155,0,1,0,0,0,0,1,0,0,0,0,0,0,0,0,0,0,0,0,0,0,0,0,0,0,0,0,1
13.0349812,77.5296366,3,Peenya,360.0,0,0,0,0,1,0,1,0,0,0,0,0,0,0,0,0,0,0,0,0,0,0,0,0,0,0,0,1
12.9804252,77.586152,1,Cubbon Park,159.10265866666666,0,0,0,0,0,1,0,0,0,0,0,0,0,0,1,0,0,0,0,0,0,0,0,0,0,0,0,2
13.0322733,77.5343184,3,Yeshwanthpura,131.63538716666667,0,0,0,0,0,1,0,0,0,0,0,1,0,0,0,0,0,0,0,0,0,0,0,0,0,0,0,2
12.9863734,77.5887026,3,High ground,36.67477173333334,0,0,0,0,0,1,0,0,1,0,0,0,0,0,0,0,0,0,0,0,0,0,0,0,0,0,0,1
12.984171,77.528168,3,Kamakshipalya,180.0,0,0,0,0,0,1,0,0,1,0,0,0,0,0,0,0,0,0,0,0,0,0,0,0,0,0,0,1
13.0379626,77.6262559,3,Hennuru,127.91774715,0,0,0,0,0,1,0,0,0,1,0,0,0,0,0,0,0,0,0,0,0,0,0,0,0,0,0,1
12.9769023,77.6092478,3,Shivajinagar,41.53308571666666,0,0,0,0,0,1,0,0,1,0,0,0,0,0,0,0,0,0,0,0,0,0,0,0,0,0,0,2
12.9354043,77.5848702,1,Jayanagara,76.98202371666666,0,0,0,0,1,0,1,0,0,0,0,0,0,0,0,0,0,0,0,0,0,0,0,0,0,0,0,1
12.9454435,77.5678099,1,Basavanagudi,3.9272723166666665,0,0,0,0,1,0,1,0,0,0,0,0,0,0,0,0,0,0,0,0,0,0,0,0,0,0,0,1
12.9389375,77.5926618,1,Wilson Garden,75.3254728,0,0,0,0,1,0,1,0,0,0,0,0,0,0,0,0,0,0,0,0,0,0,0,0,0,0,0,1
13.0029994,77.5839804,3,Sadashivanagar,131.96327468333334,0,0,0,0,0,1,0,0,0,0,0,0,0,1,0,0,0,0,0,0,0,0,0,0,0,0,0,1
13.0082372,77.6931779,1,K.R. Pura,133.49633208333333,0,0,0,0,0,1,0,0,0,0,0,0,0,0,0,0,1,0,0,0,0,0,0,0,0,0,0,1
12.9964372,77.5846449,3,High ground,360.0,0,0,0,0,1,0,1,0,0,0,0,0,0,0,0,0,0,0,0,0,0,0,0,0,0,0,0,1
12.993848,77.5845924,3,High ground,172.7457964666667,0,0,0,0,0,1,0,0,0,0,0,0,0,0,0,1,0,0,0,0,0,0,0,0,0,0,0,1
13.0445596,77.5823992,3,Kodigehalli,166.2518207,0,1,0,0,0,0,1,0,0,0,0,0,0,0,0,0,0,0,0,0,0,0,0,0,0,0,0,1
12.8908365,77.5647482,1,K.S. Layout,159.3513734,0,0,0,0,0,1,0,0,1,0,0,0,0,0,0,0,0,0,0,0,0,0,0,0,0,0,0,2
12.9973855,77.6103509,1,Pulikeshinagar(F.Town),360.0,0,0,0,0,1,0,1,0,0,0,0,0,0,0,0,0,0,0,0,0,0,0,0,0,0,0,0,1
12.9453543,77.5279203,3,Byatarayanapura,32.21089145,0,0,0,0,0,1,0,0,0,0,0,1,0,0,0,0,0,0,0,0,0,0,0,0,0,0,0,2
12.93929,77.5800725,1,Wilson Garden,5.721788533333334,0,0,0,0,1,0,1,0,0,0,0,0,0,0,0,0,0,0,0,0,0,0,0,0,0,0,0,1
13.0314985,77.535662,3,Yeshwanthpura,140.76970223333333,0,0,0,0,0,1,0,0,0,1,0,0,0,0,0,0,0,0,0,0,0,0,0,0,0,0,0,2
13.0188112,77.5534119,3,Yeshwanthpura,149.1586069,0,0,0,0,0,1,0,0,0,0,1,0,0,0,0,0,0,0,0,0,0,0,0,0,0,0,0,2
12.9877947,77.5497325,3,Vijayanagara,360.0,0,0,0,0,1,0,1,0,0,0,0,0,0,0,0,0,0,0,0,0,0,0,0,0,0,0,0,1
12.9973423,77.6103706,1,Pulikeshinagar(F.Town),120.98850825,0,0,0,0,0,1,0,0,1,0,0,0,0,0,0,0,0,0,0,0,0,0,0,0,0,0,0,1
13.0037388,77.5297353,1,Rajajinagar,156.90565546666667,0,0,0,0,0,1,0,0,0,0,0,0,0,1,0,0,0,0,0,0,0,0,0,0,0,0,0,1
12.9884485,77.4728568,1,Kamakshipalya,9.313865683333335,0,0,0,0,0,1,0,0,1,0,0,0,0,0,0,0,0,0,0,0,0,0,0,0,0,0,0,1
12.9724352,77.6187234,3,Halasur,172.19768428333333,0,0,0,0,0,1,0,0,0,0,0,0,0,0,1,0,0,0,0,0,0,0,0,0,0,0,0,1
12.9583632,77.6060684,3,Ashok Nagar,133.745803,0,0,0,0,0,1,0,0,0,0,0,0,0,0,0,1,0,0,0,0,0,0,0,0,0,0,0,1
12.9294111,77.5860606,1,Jayanagara,18.826966283333334,0,0,0,0,0,1,0,0,1,0,0,0,0,0,0,0,0,0,0,0,0,0,0,0,0,0,0,1
12.946838,77.5325366,3,Byatarayanapura,178.98218071666668,0,0,0,0,0,1,0,0,0,0,0,1,0,0,0,0,0,0,0,0,0,0,0,0,0,0,0,1
12.9207234,77.5860068,1,Jayanagara,360.0,0,0,0,0,1,0,1,0,0,0,0,0,0,0,0,0,0,0,0,0,0,0,0,0,0,0,0,1
12.9978214,77.6093606,1,Pulikeshinagar(F.Town),360.0,0,0,0,0,1,0,1,0,0,0,0,0,0,0,0,0,0,0,0,0,0,0,0,0,0,0,0,1
13.0427217,77.6095035,3,Hebbala,179.84247855,0,0,0,0,0,1,0,0,1,0,0,0,0,0,0,0,0,0,0,0,0,0,0,0,0,0,0,1
12.9207467,77.58949,1,Jayanagara,1.4407603166666665,0,0,0,0,1,0,1,0,0,0,0,0,0,0,0,0,0,0,0,0,0,0,0,0,0,0,0,1
12.9714285,77.5685072,1,Chamarajpet,145.26378648333332,0,0,0,0,0,1,0,0,1,0,0,0,0,0,0,0,0,0,0,0,0,0,0,0,0,0,0,1
12.9280399,77.681306,3,Bellandur,140.66961545,0,0,0,0,0,1,0,0,1,0,0,0,0,0,0,0,0,0,0,0,0,0,0,0,0,0,0,2
13.0344936,77.5410423,3,Jalahalli,158.0727675166667,0,0,0,0,0,1,0,0,0,0,0,0,1,0,0,0,0,0,0,0,0,0,0,0,0,0,0,1
12.9855522,77.5748609,1,Sheshadripuram,140.81614063333333,0,0,0,0,0,1,0,0,0,1,0,0,0,0,0,0,0,0,0,0,0,0,0,0,0,0,0,1
13.0578007,77.4689823,1,No Police Station,163.31860146666668,0,0,0,0,0,1,0,0,0,0,1,0,0,0,0,0,0,0,0,0,0,0,0,0,0,0,0,1
13.099816,77.5888555,1,Yelahanka,23.6800304,0,0,0,0,0,1,0,0,1,0,0,0,0,0,0,0,0,0,0,0,0,0,0,0,0,0,0,2
12.9913384,77.5856459,3,High ground,12.157235616666666,0,0,0,0,0,1,0,0,0,0,0,0,0,0,1,0,0,0,0,0,0,0,0,0,0,0,0,1
13.057315,77.4699294,1,No Police Station,164.80187781666666,0,0,0,0,0,1,0,0,0,0,1,0,0,0,0,0,0,0,0,0,0,0,0,0,0,0,0,1
12.9621583,77.62924,1,Halasur,162.0998554,0,0,0,0,0,1,0,0,1,0,0,0,0,0,0,0,0,0,0,0,0,0,0,0,0,0,0,1
12.9564431,77.7316906,3,Whitefield,9.947234283333334,0,0,0,0,0,1,0,0,0,1,0,0,0,0,0,0,0,0,0,0,0,0,0,0,0,0,0,2
12.9391583,77.5800661,1,Basavanagudi,360.0,0,0,0,0,1,0,1,0,0,0,0,0,0,0,0,0,0,0,0,0,0,0,0,0,0,0,0,1
12.98122,77.5864156,1,High ground,164.65355076666668,0,0,0,0,0,1,0,0,0,0,0,0,0,0,1,0,0,0,0,0,0,0,0,0,0,0,0,1
12.9563467,77.7316479,3,Whitefield,147.82137053333332,0,0,0,0,0,1,0,0,0,1,0,0,0,0,0,0,0,0,0,0,0,0,0,0,0,0,0,2
13.0850467,77.5944367,3,Yelahanka,172.07398656666666,0,0,0,0,0,1,0,0,0,0,0,0,0,0,1,0,0,0,0,0,0,0,0,0,0,0,0,1
12.9815953,77.5867178,1,High ground,149.48692735,0,0,0,0,0,1,0,0,1,0,0,0,0,0,0,0,0,0,0,0,0,0,0,0,0,0,0,1
12.9804272,77.5859522,1,High ground,142.48817486666667,0,0,0,0,0,1,0,0,1,0,0,0,0,0,0,0,0,0,0,0,0,0,0,0,0,0,0,1
13.0283883,77.585955,3,Kodigehalli,172.51877670000002,0,0,0,0,0,1,0,0,0,0,1,0,0,0,0,0,0,0,0,0,0,0,0,0,0,0,0,1
12.9561936,77.709892,3,HAL Old Airport,171.06527483333332,0,0,0,0,0,1,0,0,1,0,0,0,0,0,0,0,0,0,0,0,0,0,0,0,0,0,0,1
12.8976817,77.6347539,3,HSR Layout,21.60461613333333,0,0,0,0,0,1,0,0,0,0,0,0,1,0,0,0,0,0,0,0,0,0,0,0,0,0,0,1
12.9901883,77.6552517,3,Banaswadi,169.91542548333334,0,0,0,0,0,1,0,0,0,0,0,0,1,0,0,0,0,0,0,0,0,0,0,0,0,0,0,1
13.0294213,77.5393424,3,Yeshwanthpura,18.087688816666667,0,0,0,0,0,1,0,0,0,0,0,0,0,0,1,0,0,0,0,0,0,0,0,0,0,0,0,1
12.9901942,77.6551858,3,Banaswadi,168.0819873,0,0,0,0,0,1,0,0,0,0,0,0,1,0,0,0,0,0,0,0,0,0,0,0,0,0,0,1
13.0688959,77.5929598,3,Kodigehalli,151.0611933,0,0,0,0,0,1,0,0,0,0,0,0,0,0,0,1,0,0,0,0,0,0,0,0,0,0,0,2
12.9849429,77.5559219,1,Magadi Road,178.94672185,0,0,0,0,0,1,0,0,1,0,0,0,0,0,0,0,0,0,0,0,0,0,0,0,0,0,0,2
12.9578098,77.5191904,1,Byatarayanapura,120.79693215,0,0,0,0,0,1,0,0,0,0,0,0,0,0,0,0,1,0,0,0,0,0,0,0,0,0,0,1
12.991495,77.6580167,3,Banaswadi,167.26785976666667,0,0,0,0,0,1,0,0,1,0,0,0,0,0,0,0,0,0,0,0,0,0,0,0,0,0,0,1
12.9998334,77.5842687,3,Sadashivanagar,172.3946839666667,0,0,0,0,0,1,0,0,1,0,0,0,0,0,0,0,0,0,0,0,0,0,0,0,0,0,0,1
13.0053956,77.6852433,1,K.R. Pura,125.53948206666668,0,1,0,0,0,0,1,0,0,0,0,0,0,0,0,0,0,0,0,0,0,0,0,0,0,0,0,1
13.004658,77.7100041,1,K.R. Pura,43.03527413333334,0,0,0,0,0,1,0,0,0,0,0,0,1,0,0,0,0,0,0,0,0,0,0,0,0,0,0,1
12.9756394,77.5874884,1,Halasuru Gate,79.89617193333333,0,0,0,0,0,1,0,0,1,0,0,0,0,0,0,0,0,0,0,0,0,0,0,0,0,0,0,1
12.9987792,77.5843292,3,Sadashivanagar,153.11530105,0,0,0,0,0,1,0,0,1,0,0,0,0,0,0,0,0,0,0,0,0,0,0,0,0,0,0,2
13.0082347,77.693366,1,K.R. Pura,160.35915711666667,0,0,0,0,0,1,0,0,1,0,0,0,0,0,0,0,0,0,0,0,0,0,0,0,0,0,0,1
13.0193114,77.5841863,3,R.T. Nagar,129.62966803333333,0,0,0,0,0,1,0,0,0,0,0,0,1,0,0,0,0,0,0,0,0,0,0,0,0,0,0,2
12.9912526,77.6581522,3,Banaswadi,149.89277138333333,0,0,0,0,0,1,0,0,1,0,0,0,0,0,0,0,0,0,0,0,0,0,0,0,0,0,0,1
12.9665145,77.6076604,3,Ashok Nagar,162.41630006666668,0,0,0,0,0,1,0,0,0,0,0,1,0,0,0,0,0,0,0,0,0,0,0,0,0,0,0,1
12.9664875,77.6078448,3,Ashok Nagar,130.8901409,0,0,0,0,0,1,0,0,0,0,0,1,0,0,0,0,0,0,0,0,0,0,0,0,0,0,0,1
13.014763,77.5726577,1,Sadashivanagar,161.7190654,0,0,0,0,0,1,0,0,0,0,0,0,0,1,0,0,0,0,0,0,0,0,0,0,0,0,0,1
12.9576608,77.5525713,3,Chamarajpet,176.19726051666666,0,0,0,0,0,1,0,0,1,0,0,0,0,0,0,0,0,0,0,0,0,0,0,0,0,0,0,1
12.9133258,77.5999518,3,Mico Layout,134.19790685,0,0,0,0,0,1,0,0,0,1,0,0,0,0,0,0,0,0,0,0,0,0,0,0,0,0,0,1
13.0284893,77.5861729,3,Kodigehalli,139.88617583333334,0,0,0,0,0,1,0,0,0,0,0,0,0,0,1,0,0,0,0,0,0,0,0,0,0,0,0,1
12.96612624,77.53547582,3,Vijayanagara,26.33293743333333,0,0,0,0,0,1,0,0,0,0,0,0,1,0,0,0,0,0,0,0,0,0,0,0,0,0,0,1
12.9154593,77.5694294,1,K.S. Layout,152.39859593333333,0,0,0,0,0,1,0,0,0,1,0,0,0,0,0,0,0,0,0,0,0,0,0,0,0,0,0,1
12.9891626,77.5863133,3,High ground,160.44671775,0,0,0,0,0,1,0,0,0,0,0,0,0,0,0,1,0,0,0,0,0,0,0,0,0,0,0,1
12.9684536,77.7015652,3,HAL Old Airport,21.892671399999998,0,0,0,0,0,1,0,0,0,1,0,0,0,0,0,0,0,0,0,0,0,0,0,0,0,0,0,1
13.0413693,77.546471,3,Jalahalli,129.98220445,0,0,0,0,0,1,0,0,0,1,0,0,0,0,0,0,0,0,0,0,0,0,0,0,0,0,0,1
13.0436033,77.6078317,3,Hebbala,105.20782616666666,1,0,0,0,0,0,1,0,0,0,0,0,0,0,0,0,0,0,0,0,0,0,0,0,0,0,0,1
13.0097629,77.6969622,1,K.R. Pura,170.54548841666667,0,0,0,0,0,1,0,0,0,0,0,0,1,0,0,0,0,0,0,0,0,0,0,0,0,0,0,2
12.9162014,77.6326542,3,HSR Layout,15.380214683333332,0,0,0,0,0,1,0,0,1,0,0,0,0,0,0,0,0,0,0,0,0,0,0,0,0,0,0,1
12.97569436,77.55611998,3,Magadi Road,123.75591254999999,0,0,0,0,0,1,0,0,1,0,0,0,0,0,0,0,0,0,0,0,0,0,0,0,0,0,0,2
13.0193283,77.7087117,1,K.R. Pura,24.384054283333334,0,0,0,0,0,1,0,0,1,0,0,0,0,0,0,0,0,0,0,0,0,0,0,0,0,0,0,1
12.9370382,77.6266992,3,Adugodi,19.590632416666665,0,0,0,0,0,1,0,0,0,0,0,0,1,0,0,0,0,0,0,0,0,0,0,0,0,0,0,1
13.0427173,77.514777,3,Chikkabanavara,176.04784024999998,0,0,0,0,0,1,0,0,0,0,1,0,0,0,0,0,0,0,0,0,0,0,0,0,0,0,0,1
13.0092616,77.5486747,3,Rajajinagar,6.641069916666667,0,0,0,0,1,0,1,0,0,0,0,0,0,0,0,0,0,0,0,0,0,0,0,0,0,0,0,1
13.0089012,77.5489998,3,Malleshwaram,72.68515286666667,0,0,0,0,1,0,1,0,0,0,0,0,0,0,0,0,0,0,0,0,0,0,0,0,0,0,0,1
12.9619521,77.5123293,1,Jnanabharathi,42.8945817,1,0,0,0,0,0,1,0,0,0,0,0,0,0,0,0,0,0,0,0,0,0,0,0,0,0,0,1
13.022868,77.6396443,3,Banaswadi,191.90470683333334,0,0,0,0,1,0,1,0,0,0,0,0,0,0,0,0,0,0,0,0,0,0,0,0,0,0,0,1
13.011274,77.6626364,3,Banaswadi,6.371217483333334,0,0,0,0,1,0,1,0,0,0,0,0,0,0,0,0,0,0,0,0,0,0,0,0,0,0,0,1
12.9872808,77.5187908,3,Kamakshipalya,9.963474483333332,0,0,0,0,1,0,1,0,0,0,0,0,0,0,0,0,0,0,0,0,0,0,0,0,0,0,0,1
13.00129,77.6188442,3,Pulikeshinagar(F.Town),18.271439616666665,0,0,0,0,1,0,1,0,0,0,0,0,0,0,0,0,0,0,0,0,0,0,0,0,0,0,0,1
13.0611979,77.5763089,1,Kodigehalli,81.05660200000001,0,0,0,0,1,0,1,0,0,0,0,0,0,0,0,0,0,0,0,0,0,0,0,0,0,0,0,1
13.0045716,77.5607559,1,Malleshwaram,360.0,0,0,0,0,1,0,1,0,0,0,0,0,0,0,0,0,0,0,0,0,0,0,0,0,0,0,0,1
12.9926313,77.5544413,1,Rajajinagar,360.0,0,0,0,0,1,0,1,0,0,0,0,0,0,0,0,0,0,0,0,0,0,0,0,0,0,0,0,1
12.94217449,77.69686252,3,HAL Old Airport,123.88953325000001,0,0,0,0,0,1,0,0,0,0,0,0,1,0,0,0,0,0,0,0,0,0,0,0,0,0,0,1
13.0448635,77.5820307,3,Kodigehalli,126.01880898333334,0,1,0,0,0,0,1,0,0,0,0,0,0,0,0,0,0,0,0,0,0,0,0,0,0,0,0,1
13.0199917,77.7093317,1,K.R. Pura,6.703687566666667,0,0,0,0,0,1,0,0,0,0,0,1,0,0,0,0,0,0,0,0,0,0,0,0,0,0,0,1
13.0426282,77.6108847,3,Hebbala,100.7026763,0,0,0,0,0,1,0,0,1,0,0,0,0,0,0,0,0,0,0,0,0,0,0,0,0,0,0,1
12.9900517,77.5048161,3,Kamakshipalya,46.057772066666665,0,0,0,0,0,1,0,0,1,0,0,0,0,0,0,0,0,0,0,0,0,0,0,0,0,0,0,2
12.9202917,77.6207772,3,Madiwala,82.93424305,0,0,0,0,0,1,0,0,0,0,0,0,0,1,0,0,0,0,0,0,0,0,0,0,0,0,0,1
12.919537,77.542205,1,Banashankari,84.77698231666666,0,0,0,0,0,1,0,0,1,0,0,0,0,0,0,0,0,0,0,0,0,0,0,0,0,0,0,1
13.011996,77.5838266,3,Sadashivanagar,153.84576438333335,0,0,0,0,0,1,0,0,0,0,0,0,0,0,0,1,0,0,0,0,0,0,0,0,0,0,0,1
12.9630608,77.7023872,3,HAL Old Airport,25.358829383333333,0,0,0,0,0,1,0,0,0,0,0,1,0,0,0,0,0,0,0,0,0,0,0,0,0,0,0,1
12.9962958,77.6687511,3,Mahadevapura,124.40155733333333,0,0,0,0,0,1,0,0,0,1,0,0,0,0,0,0,0,0,0,0,0,0,0,0,0,0,0,1
13.0423731,77.5172977,3,Chikkabanavara,101.12525706666666,0,0,0,0,0,1,0,0,0,0,0,0,0,0,1,0,0,0,0,0,0,0,0,0,0,0,0,2
13.0080654,77.5837964,3,Sadashivanagar,125.12982458333333,0,0,0,0,0,1,0,0,0,0,0,1,0,0,0,0,0,0,0,0,0,0,0,0,0,0,0,1
13.0267683,77.54354,3,Yeshwanthpura,5.308476433333333,0,0,0,0,0,1,0,0,0,0,0,1,0,0,0,0,0,0,0,0,0,0,0,0,0,0,0,1
13.0101364,77.5830106,3,Sadashivanagar,115.15186836666666,0,0,0,0,1,0,1,0,0,0,0,0,0,0,0,0,0,0,0,0,0,0,0,0,0,0,0,1
12.9629289,77.5953757,3,Halasuru Gate,25.9249495,0,0,0,0,0,1,0,0,1,0,0,0,0,0,0,0,0,0,0,0,0,0,0,0,0,0,0,1
12.9843431,77.6416456,3,Jeevanbheemanagar,154.8771036,0,0,0,0,0,1,0,0,1,0,0,0,0,0,0,0,0,0,0,0,0,0,0,0,0,0,0,1
12.9288692,77.545287,3,Banashankari,73.03041763333334,0,0,0,0,0,1,0,0,1,0,0,0,0,0,0,0,0,0,0,0,0,0,0,0,0,0,0,1
12.93736099,77.69296644,3,HAL Old Airport,125.08024541666667,0,0,0,0,0,1,0,0,0,1,0,0,0,0,0,0,0,0,0,0,0,0,0,0,0,0,0,1
12.9586313,77.554831,3,Magadi Road,147.60397013333335,0,0,0,0,0,1,0,0,0,0,0,0,0,0,0,0,1,0,0,0,0,0,0,0,0,0,0,1
12.940721,77.5737328,1,Basavanagudi,173.99265736666666,0,0,0,0,1,0,1,0,0,0,0,0,0,0,0,0,0,0,0,0,0,0,0,0,0,0,0,1
13.037604,77.6268601,3,Hennuru,173.88198186666665,0,0,0,0,0,1,0,0,0,0,0,0,0,0,0,0,1,0,0,0,0,0,0,0,0,0,0,1
13.0345001,77.5886104,3,Kodigehalli,168.77984666666669,0,0,0,0,0,1,0,0,0,0,0,0,0,0,0,0,1,0,0,0,0,0,0,0,0,0,0,1
12.9764026,77.7103286,1,Mahadevapura,81.94442416666668,1,0,0,0,0,0,1,0,0,0,0,0,0,0,0,0,0,0,0,0,0,0,0,0,0,0,0,1
12.9993363,77.5841717,3,Sadashivanagar,16.297705333333333,0,0,0,0,0,1,0,0,0,0,0,0,0,0,1,0,0,0,0,0,0,0,0,0,0,0,0,2
13.0571133,77.4734183,1,No Police Station,133.3651949,0,0,0,0,0,1,0,0,0,1,0,0,0,0,0,0,0,0,0,0,0,0,0,0,0,0,0,1
13.0144541,77.58367,3,Sadashivanagar,158.6630544,0,0,0,0,0,1,0,0,0,0,0,0,1,0,0,0,0,0,0,0,0,0,0,0,0,0,0,1
12.9662054,77.586928,3,Halasuru Gate,6.283415033333333,0,0,0,0,0,1,0,0,1,0,0,0,0,0,0,0,0,0,0,0,0,0,0,0,0,0,0,1
12.9363838,77.5177104,3,Byatarayanapura,59.30142481666667,0,0,0,0,0,1,0,0,0,1,0,0,0,0,0,0,0,0,0,0,0,0,0,0,0,0,0,2
12.9884183,77.47331,1,Kamakshipalya,168.6779001,0,0,0,0,0,1,0,0,0,0,0,1,0,0,0,0,0,0,0,0,0,0,0,0,0,0,0,1
13.077705,77.4298806,1,No Police Station,137.5977495333333,0,0,0,0,0,1,0,0,0,0,0,0,0,0,0,0,1,0,0,0,0,0,0,0,0,0,0,1
12.92512,77.6360317,1,Adugodi,152.17538596666665,0,0,0,0,0,1,0,0,0,0,0,0,0,1,0,0,0,0,0,0,0,0,0,0,0,0,0,1
12.9878213,77.5137227,3,Kamakshipalya,138.24846213333333,0,0,0,0,0,1,0,0,0,0,0,1,0,0,0,0,0,0,0,0,0,0,0,0,0,0,0,1
12.9842319,77.6415368,3,Jeevanbheemanagar,134.9044285,0,0,0,0,0,1,0,0,0,0,0,0,0,1,0,0,0,0,0,0,0,0,0,0,0,0,0,1
12.9814819,77.5879417,1,Cubbon Park,150.36221243333333,0,0,0,0,0,1,0,0,1,0,0,0,0,0,0,0,0,0,0,0,0,0,0,0,0,0,0,1
12.9885188,77.4730123,1,Kamakshipalya,140.18734316666666,0,0,0,0,0,1,0,0,0,0,0,1,0,0,0,0,0,0,0,0,0,0,0,0,0,0,0,1
13.0246658,77.5851625,3,R.T. Nagar,128.62527168333332,0,0,0,0,0,1,0,0,0,0,0,1,0,0,0,0,0,0,0,0,0,0,0,0,0,0,0,1
13.0247117,77.5851983,3,R.T. Nagar,125.2698999,0,0,0,0,0,1,0,0,0,0,0,1,0,0,0,0,0,0,0,0,0,0,0,0,0,0,0,1
12.9726557,77.6987243,3,HAL Old Airport,33.80299288333333,0,0,0,0,0,1,0,0,0,0,0,0,0,0,0,1,0,0,0,0,0,0,0,0,0,0,0,1
12.9218972,77.6681657,3,Bellandur,64.20612750000001,0,0,0,0,0,1,0,0,1,0,0,0,0,0,0,0,0,0,0,0,0,0,0,0,0,0,0,1
12.9161625,77.6386961,3,HSR Layout,129.71790616666667,0,0,0,0,0,1,0,0,1,0,0,0,0,0,0,0,0,0,0,0,0,0,0,0,0,0,0,2
12.9660189,77.5123008,1,Jnanabharathi,164.54810101666666,0,0,0,0,0,1,0,0,0,0,0,1,0,0,0,0,0,0,0,0,0,0,0,0,0,0,0,1
13.0066883,77.7572817,1,Mahadevapura,11.605493183333333,0,0,0,0,0,1,0,0,0,0,0,0,0,1,0,0,0,0,0,0,0,0,0,0,0,0,0,1
12.9850331,77.5881808,3,High ground,150.866973,0,0,0,0,0,1,0,1,0,0,0,0,0,0,0,0,0,0,0,0,0,0,0,0,0,0,0,1
13.0144606,77.583683,3,Sadashivanagar,6.5536546666666675,0,0,0,0,0,1,0,0,0,0,0,0,0,0,1,0,0,0,0,0,0,0,0,0,0,0,0,2
13.0004509,77.5840672,3,Sadashivanagar,170.60480096666666,0,0,0,0,0,1,0,0,0,1,0,0,0,0,0,0,0,0,0,0,0,0,0,0,0,0,0,1
13.1211366,77.6100947,3,Yelahanka,21.91443695,0,0,0,0,0,1,0,0,0,0,0,0,1,0,0,0,0,0,0,0,0,0,0,0,0,0,0,2
13.0445034,77.582974,3,Kodigehalli,131.05350073333335,0,1,0,0,0,0,1,0,0,0,0,0,0,0,0,0,0,0,0,0,0,0,0,0,0,0,0,1
12.9541999,77.5902899,1,Wilson Garden,180.0,0,0,0,0,0,1,0,0,0,0,0,0,0,1,0,0,0,0,0,0,0,0,0,0,0,0,0,1
12.9897966,77.5721842,1,Sheshadripuram,171.3892812166667,0,0,0,0,0,1,0,0,1,0,0,0,0,0,0,0,0,0,0,0,0,0,0,0,0,0,0,1
13.016337,77.5553144,3,Yeshwanthpura,135.83748555,0,0,0,0,0,1,0,0,0,0,0,0,1,0,0,0,0,0,0,0,0,0,0,0,0,0,0,2
13.0986176,77.5904178,1,Yelahanka,123.19158671666668,0,0,0,0,0,1,0,0,0,1,0,0,0,0,0,0,0,0,0,0,0,0,0,0,0,0,0,1
12.9563433,77.5476767,3,Byatarayanapura,130.95818771666666,0,0,0,0,0,1,0,0,1,0,0,0,0,0,0,0,0,0,0,0,0,0,0,0,0,0,0,1
12.9931198,77.5848134,3,High ground,155.80593241666665,0,0,0,0,0,1,0,0,0,0,0,0,0,0,1,0,0,0,0,0,0,0,0,0,0,0,0,1
13.0264007,77.54401948,3,Yeshwanthpura,157.29446106666668,0,0,0,0,0,1,0,0,0,0,1,0,0,0,0,0,0,0,0,0,0,0,0,0,0,0,0,1
12.9724548,77.6990034,3,HAL Old Airport,167.657929,0,0,0,0,0,1,0,0,0,0,0,1,0,0,0,0,0,0,0,0,0,0,0,0,0,0,0,1
13.0142433,77.6618833,3,Banaswadi,35.82966003333333,0,0,0,0,0,1,0,0,0,0,0,0,1,0,0,0,0,0,0,0,0,0,0,0,0,0,0,3
12.9966828,77.5848333,3,High ground,23.154083816666667,0,0,0,0,0,1,0,0,0,0,0,0,0,1,0,0,0,0,0,0,0,0,0,0,0,0,0,1
12.9572691,77.5518103,3,Byatarayanapura,124.81742506666666,0,0,0,0,0,1,0,0,0,0,0,0,0,0,1,0,0,0,0,0,0,0,0,0,0,0,0,1
12.9556387,77.7186386,3,Whitefield,146.9248994666667,0,0,0,0,0,1,0,0,0,1,0,0,0,0,0,0,0,0,0,0,0,0,0,0,0,0,0,1
13.0475167,77.5780073,3,Kodigehalli,146.56837771666667,0,0,0,0,0,1,0,0,0,1,0,0,0,0,0,0,0,0,0,0,0,0,0,0,0,0,0,1
12.9725013,77.6196495,3,Halasur,13.457770483333332,0,0,0,0,0,1,0,0,0,0,0,0,1,0,0,0,0,0,0,0,0,0,0,0,0,0,0,1
12.8958522,77.6259807,1,Madiwala,167.54016816666666,0,0,0,0,0,1,0,0,1,0,0,0,0,0,0,0,0,0,0,0,0,0,0,0,0,0,0,1
12.9879573,77.5742432,1,Sheshadripuram,51.76279426666667,0,0,0,0,0,1,0,0,1,0,0,0,0,0,0,0,0,0,0,0,0,0,0,0,0,0,0,1
13.0011265,77.616034,1,Pulikeshinagar(F.Town),156.59175111666667,0,0,0,0,0,1,0,0,1,0,0,0,0,0,0,0,0,0,0,0,0,0,0,0,0,0,0,1
12.9641668,77.5800257,3,Halasuru Gate,136.55575464999998,0,0,0,0,0,1,0,0,0,0,0,1,0,0,0,0,0,0,0,0,0,0,0,0,0,0,0,1
12.9855084,77.5249762,3,Kamakshipalya,140.73000003333334,0,0,0,0,0,1,0,0,0,1,0,0,0,0,0,0,0,0,0,0,0,0,0,0,0,0,0,1
12.9276054,77.6210679,3,Adugodi,18.787546516666666,0,0,0,0,0,1,0,0,1,0,0,0,0,0,0,0,0,0,0,0,0,0,0,0,0,0,0,1
12.9640277,77.583566,3,Halasuru Gate,126.95462300000001,0,0,0,0,0,1,0,0,0,0,0,0,1,0,0,0,0,0,0,0,0,0,0,0,0,0,0,1
12.9800149,77.602535,3,Shivajinagar,44.654022250000004,0,0,0,0,0,1,0,0,0,0,0,0,0,0,1,0,0,0,0,0,0,0,0,0,0,0,0,2
13.0092612,77.583788,3,Sadashivanagar,140.4757595,0,0,0,0,0,1,0,0,0,0,0,1,0,0,0,0,0,0,0,0,0,0,0,0,0,0,0,1
12.94095523,77.696044,3,HAL Old Airport,76.91394981666667,0,0,0,0,0,1,0,0,0,0,0,0,1,0,0,0,0,0,0,0,0,0,0,0,0,0,0,2
12.9364416,77.6072177,1,Adugodi,166.56493893333334,0,0,1,0,0,0,1,0,0,0,0,0,0,0,0,0,0,0,0,0,0,0,0,0,0,0,0,1
13.0684462,77.592898,3,Kodigehalli,100.20830831666667,1,0,0,0,0,0,1,0,0,0,0,0,0,0,0,0,0,0,0,0,0,0,0,0,0,0,0,1
13.0458571,77.590955,3,Kodigehalli,149.21566235,0,0,0,0,0,1,0,0,0,0,0,1,0,0,0,0,0,0,0,0,0,0,0,0,0,0,0,2
12.9622461,77.5939491,1,Halasuru Gate,16.368508033333335,0,0,0,0,0,1,0,0,0,0,0,1,0,0,0,0,0,0,0,0,0,0,0,0,0,0,0,1
12.966984,77.5949181,3,Halasuru Gate,17.55729665,0,0,0,0,0,1,0,0,0,0,0,0,0,0,0,0,1,0,0,0,0,0,0,0,0,0,0,1
13.0435562,77.6066611,3,Hebbala,132.85881681666666,1,0,0,0,0,0,1,0,0,0,0,0,0,0,0,0,0,0,0,0,0,0,0,0,0,0,0,1
13.0417562,77.547087,3,Jalahalli,164.52222728333334,0,0,0,0,0,1,0,0,0,0,0,1,0,0,0,0,0,0,0,0,0,0,0,0,0,0,0,2
12.9449742,77.5967922,1,Wilson Garden,169.1589387,0,0,0,0,0,1,0,0,0,0,0,0,0,0,1,0,0,0,0,0,0,0,0,0,0,0,0,1
13.0454067,77.5565583,3,Jalahalli,23.54380595,0,0,0,0,0,1,0,0,1,0,0,0,0,0,0,0,0,0,0,0,0,0,0,0,0,0,0,1
13.0455337,77.5818221,3,Kodigehalli,162.03089219999998,0,1,0,0,0,0,1,0,0,0,0,0,0,0,0,0,0,0,0,0,0,0,0,0,0,0,0,1
12.92194178,77.62088254,3,Madiwala,65.48031155,0,0,0,0,0,1,0,0,1,0,0,0,0,0,0,0,0,0,0,0,0,0,0,0,0,0,0,1
12.9973642,77.6702002,3,Banaswadi,171.64536876666668,0,0,0,0,0,1,0,0,0,1,0,0,0,0,0,0,0,0,0,0,0,0,0,0,0,0,0,1
12.9391209,77.7471098,1,Whitefield,158.05418693333334,0,0,0,0,0,1,0,0,0,0,0,1,0,0,0,0,0,0,0,0,0,0,0,0,0,0,0,1
12.9668264,77.5051595,1,Jnanabharathi,139.87911323333336,0,0,0,0,0,1,0,0,0,0,0,0,1,0,0,0,0,0,0,0,0,0,0,0,0,0,0,1
12.9316275,77.5802615,1,Jayanagara,66.91385481666667,0,0,0,0,0,1,0,0,1,0,0,0,0,0,0,0,0,0,0,0,0,0,0,0,0,0,0,1
13.1220156,77.6106667,3,Yelahanka,121.12029911666667,0,0,0,0,0,1,0,0,0,0,0,0,1,0,0,0,0,0,0,0,0,0,0,0,0,0,0,1
13.0528824,77.5934022,3,Kodigehalli,177.96614581666665,0,0,0,0,0,1,0,0,0,0,0,0,0,0,0,0,1,0,0,0,0,0,0,0,0,0,0,1
12.9615183,77.5606438,3,Chamarajpet,144.99259011666666,0,0,0,0,0,1,0,0,0,0,0,0,0,0,1,0,0,0,0,0,0,0,0,0,0,0,0,2
12.9338941,77.5386159,3,Banashankari,138.2744367,0,0,0,0,0,1,0,0,0,0,0,0,0,0,0,0,1,0,0,0,0,0,0,0,0,0,0,1
12.9901121,77.5048214,3,Kamakshipalya,122.40143833333333,0,0,0,0,0,1,0,0,1,0,0,0,0,0,0,0,0,0,0,0,0,0,0,0,0,0,0,1
12.9298983,77.5442921,3,Banashankari,180.0,0,0,0,0,0,1,0,0,1,0,0,0,0,0,0,0,0,0,0,0,0,0,0,0,0,0,0,1
13.0598917,77.4632075,1,No Police Station,117.21320011666667,1,0,0,0,0,0,1,0,0,0,0,0,0,0,0,0,0,0,0,0,0,0,0,0,0,0,0,3
13.10515,77.6011616,3,Yelahanka,98.05804835,1,0,0,0,0,0,1,0,0,0,0,0,0,0,0,0,0,0,0,0,0,0,0,0,0,0,0,3
12.9990834,77.5710764,1,Malleshwaram,129.9874838,0,0,1,0,0,0,1,0,0,0,0,0,0,0,0,0,0,0,0,0,0,0,0,0,0,0,0,1
13.059899,77.4631997,1,No Police Station,111.20689626666667,1,0,0,0,0,0,1,0,0,0,0,0,0,0,0,0,0,0,0,0,0,0,0,0,0,0,0,3
13.0598926,77.4631895,1,No Police Station,95.85007445,1,0,0,0,0,0,1,0,0,0,0,0,0,0,0,0,0,0,0,0,0,0,0,0,0,0,0,1
13.059887,77.4627836,1,No Police Station,93.76061736666666,1,0,0,0,0,0,1,0,0,0,0,0,0,0,0,0,0,0,0,0,0,0,0,0,0,0,0,3
13.0599135,77.4627381,1,No Police Station,70.10834615,1,0,0,0,0,0,1,0,0,0,0,0,0,0,0,0,0,0,0,0,0,0,0,0,0,0,0,1
13.059892,77.4631592,1,No Police Station,96.96369495,1,0,0,0,0,0,1,0,0,0,0,0,0,0,0,0,0,0,0,0,0,0,0,0,0,0,0,1
12.9735277,77.6106699,3,Ashok Nagar,150.05714774999998,0,0,0,0,0,1,0,0,0,1,0,0,0,0,0,0,0,0,0,0,0,0,0,0,0,0,0,1
12.9779218,77.5754535,1,Upparpet,8.5940942,0,0,0,0,1,0,1,0,0,0,0,0,0,0,0,0,0,0,0,0,0,0,0,0,0,0,0,1
12.9263752,77.5831396,1,Jayanagara,10.704441066666668,0,0,0,0,1,0,1,0,0,0,0,0,0,0,0,0,0,0,0,0,0,0,0,0,0,0,0,1
12.9432779,77.6977361,3,HAL Old Airport,30.901282016666666,0,0,0,0,0,1,0,0,0,0,0,1,0,0,0,0,0,0,0,0,0,0,0,0,0,0,0,1
12.9841504,77.6417045,3,Jeevanbheemanagar,36.214431233333336,0,0,0,0,0,1,0,0,0,0,0,0,1,0,0,0,0,0,0,0,0,0,0,0,0,0,0,1
13.0380779,77.5896717,3,Hebbala,162.74107305,0,0,0,0,0,1,0,0,0,0,0,0,0,1,0,0,0,0,0,0,0,0,0,0,0,0,0,1
12.9883918,77.5106077,3,Kamakshipalya,155.23664023333333,0,0,0,0,0,1,0,0,0,0,1,0,0,0,0,0,0,0,0,0,0,0,0,0,0,0,0,1
13.0294384,77.5386352,3,Yeshwanthpura,49.94344546666667,0,0,0,0,0,1,0,0,0,1,0,0,0,0,0,0,0,0,0,0,0,0,0,0,0,0,0,1
12.9882051,77.6176248,1,Pulikeshinagar(F.Town),59.84010705,0,0,0,0,1,0,1,0,0,0,0,0,0,0,0,0,0,0,0,0,0,0,0,0,0,0,0,1
12.9137215,77.6250785,3,HSR Layout,99.30421715000001,0,0,0,0,0,1,0,0,1,0,0,0,0,0,0,0,0,0,0,0,0,0,0,0,0,0,0,1
12.9122921,77.5673192,3,K.S. Layout,129.2109843,0,1,0,0,0,0,1,0,0,0,0,0,0,0,0,0,0,0,0,0,0,0,0,0,0,0,0,1
13.0105704,77.6979102,1,K.R. Pura,122.34841243333334,0,0,0,0,0,1,0,0,0,0,0,0,0,1,0,0,0,0,0,0,0,0,0,0,0,0,0,1
13.0256219,77.54371,3,Yeshwanthpura,129.25900696666665,0,0,0,0,0,1,0,0,0,1,0,0,0,0,0,0,0,0,0,0,0,0,0,0,0,0,0,1
13.0264,77.544019,3,Yeshwanthpura,47.03375918333334,0,0,0,0,0,1,0,0,0,1,0,0,0,0,0,0,0,0,0,0,0,0,0,0,0,0,0,1
12.9835657,77.5294055,3,Kamakshipalya,145.15019575,0,0,0,0,0,1,0,0,1,0,0,0,0,0,0,0,0,0,0,0,0,0,0,0,0,0,0,1
12.9170038,77.5843604,1,Jayanagara,129.54430614999998,0,0,0,0,0,1,0,0,0,1,0,0,0,0,0,0,0,0,0,0,0,0,0,0,0,0,0,1
12.9170139,77.6735186,1,Bellandur,147.93831026666666,0,0,0,0,0,1,0,0,0,0,0,0,1,0,0,0,0,0,0,0,0,0,0,0,0,0,0,3
13.1956883,77.652603,1,Chikkajala,158.0238948,0,0,0,0,0,1,0,0,0,1,0,0,0,0,0,0,0,0,0,0,0,0,0,0,0,0,0,1
12.9724399,77.6990573,3,HAL Old Airport,124.93392999999999,0,0,0,0,0,1,1,0,0,0,0,0,0,0,0,0,0,0,0,0,0,0,0,0,0,0,0,1
13.184156,77.5666322,3,Kodigehalli,62.20595665,0,0,0,0,0,1,0,0,1,0,0,0,0,0,0,0,0,0,0,0,0,0,0,0,0,0,0,1
12.9589527,77.5744505,1,V.V.Puram (C.Pet),30.303397416666666,0,0,0,0,0,1,0,0,1,0,0,0,0,0,0,0,0,0,0,0,0,0,0,0,0,0,0,1
13.0259938,77.544893,3,Yeshwanthpura,45.28342463333333,0,0,0,0,0,1,0,0,0,0,0,0,0,1,0,0,0,0,0,0,0,0,0,0,0,0,0,1
12.9984408,77.5843353,3,Sadashivanagar,124.90432028333333,0,0,0,0,0,1,0,0,0,0,0,0,0,0,1,0,0,0,0,0,0,0,0,0,0,0,0,1
13.0152847,77.5725265,1,Sadashivanagar,155.63849683333333,0,0,0,0,0,1,0,0,1,0,0,0,0,0,0,0,0,0,0,0,0,0,0,0,0,0,0,1
12.9361195,77.6066642,1,Mico Layout,131.0998008,0,0,0,0,0,1,0,0,0,0,0,0,0,1,0,0,0,0,0,0,0,0,0,0,0,0,0,2
13.0588741,77.4668402,1,No Police Station,152.94879838333333,0,0,0,0,0,1,0,0,0,0,0,0,0,0,0,0,1,0,0,0,0,0,0,0,0,0,0,1
12.9065972,77.5734253,3,J.P. Nagar,120.6270447,0,0,0,0,0,1,0,0,1,0,0,0,0,0,0,0,0,0,0,0,0,0,0,0,0,0,0,2
12.9404818,77.7472237,1,Whitefield,147.02541876666666,0,0,0,0,0,1,0,0,1,0,0,0,0,0,0,0,0,0,0,0,0,0,0,0,0,0,0,1
13.0321341,77.5347102,3,Yeshwanthpura,147.39689111666667,0,0,0,0,0,1,0,0,0,0,1,0,0,0,0,0,0,0,0,0,0,0,0,0,0,0,0,2
13.0197186,77.618829,1,K.G. Halli,360.0,0,0,0,0,1,0,1,0,0,0,0,0,0,0,0,0,0,0,0,0,0,0,0,0,0,0,0,1
12.93919495,77.69506138,3,HAL Old Airport,18.49158505,0,0,0,0,0,1,0,0,0,0,0,0,0,0,1,0,0,0,0,0,0,0,0,0,0,0,0,2
12.9821964,77.6459164,1,Jeevanbheemanagar,123.11069673333333,0,0,0,0,1,0,1,0,0,0,0,0,0,0,0,0,0,0,0,0,0,0,0,0,0,0,0,1
13.0197506,77.65293,3,Banaswadi,27.822454966666665,0,0,0,0,1,0,1,0,0,0,0,0,0,0,0,0,0,0,0,0,0,0,0,0,0,0,0,1
13.0011321,77.627174,1,Pulikeshinagar(F.Town),6.927063599999999,0,0,0,0,1,0,1,0,0,0,0,0,0,0,0,0,0,0,0,0,0,0,0,0,0,0,0,1
13.0567941,77.5469099,1,Jalahalli,29.09114751666667,0,0,0,0,0,1,0,0,1,0,0,0,0,0,0,0,0,0,0,0,0,0,0,0,0,0,0,1
13.004089,77.6194467,3,Pulikeshinagar(F.Town),55.80160463333333,0,0,0,0,1,0,1,0,0,0,0,0,0,0,0,0,0,0,0,0,0,0,0,0,0,0,0,1
12.9160679,77.6329851,3,HSR Layout,147.82595933333332,0,0,0,0,0,1,0,0,1,0,0,0,0,0,0,0,0,0,0,0,0,0,0,0,0,0,0,1
13.014328,77.5540398,3,Malleshwaram,27.245910016666667,0,0,0,0,0,1,0,0,0,1,0,0,0,0,0,0,0,0,0,0,0,0,0,0,0,0,0,2
12.9600223,77.6477107,3,Jeevanbheemanagar,118.12879753333333,0,0,0,0,0,1,0,0,1,0,0,0,0,0,0,0,0,0,0,0,0,0,0,0,0,0,0,1
12.9784906,77.6455742,1,Jeevanbheemanagar,2.87950475,0,0,0,0,1,0,1,0,0,0,0,0,0,0,0,0,0,0,0,0,0,0,0,0,0,0,0,1
12.9950833,77.5508717,3,Rajajinagar,3.67564525,0,0,0,0,1,0,1,0,0,0,0,0,0,0,0,0,0,0,0,0,0,0,0,0,0,0,0,1
12.9873868,77.4925369,3,Kamakshipalya,32.77034728333334,0,0,0,0,0,1,0,0,1,0,0,0,0,0,0,0,0,0,0,0,0,0,0,0,0,0,0,2
12.9900932,77.5037765,3,Kamakshipalya,43.28897356666666,0,0,0,0,0,1,0,0,1,0,0,0,0,0,0,0,0,0,0,0,0,0,0,0,0,0,0,1
12.9671343,77.6078962,3,Ashok Nagar,185.27675816666667,0,0,0,0,1,0,1,0,0,0,0,0,0,0,0,0,0,0,0,0,0,0,0,0,0,0,0,1
12.9465649,77.5974362,1,Wilson Garden,62.629011799999994,0,0,0,0,1,0,1,0,0,0,0,0,0,0,0,0,0,0,0,0,0,0,0,0,0,0,0,1
12.9784884,77.6440505,1,Jeevanbheemanagar,2.880537566666667,0,0,0,0,1,0,1,0,0,0,0,0,0,0,0,0,0,0,0,0,0,0,0,0,0,0,0,1
12.9998653,77.550901,3,Malleshwaram,2.361166116666667,0,0,0,0,1,0,1,0,0,0,0,0,0,0,0,0,0,0,0,0,0,0,0,0,0,0,0,1
12.9783018,77.6429548,3,Jeevanbheemanagar,6.616180833333333,0,0,0,0,1,0,1,0,0,0,0,0,0,0,0,0,0,0,0,0,0,0,0,0,0,0,0,1
12.96147,77.5842333,3,Halasuru Gate,360.0,0,0,0,0,1,0,1,0,0,0,0,0,0,0,0,0,0,0,0,0,0,0,0,0,0,0,0,1
12.9998926,77.5507653,3,Malleshwaram,360.0,0,0,0,0,1,0,1,0,0,0,0,0,0,0,0,0,0,0,0,0,0,0,0,0,0,0,0,1
13.0139567,77.5440267,1,Rajajinagar,3.55653045,0,0,0,0,1,0,1,0,0,0,0,0,0,0,0,0,0,0,0,0,0,0,0,0,0,0,0,1
13.008135,77.548005,3,Rajajinagar,2.5779772,0,0,0,0,1,0,1,0,0,0,0,0,0,0,0,0,0,0,0,0,0,0,0,0,0,0,0,1
12.9622836,77.5937712,1,Halasuru Gate,1.9894772,0,1,0,0,0,0,1,0,0,0,0,0,0,0,0,0,0,0,0,0,0,0,0,0,0,0,0,1
12.9894118,77.5063793,3,Kamakshipalya,131.85672186666667,0,0,0,0,0,1,0,0,1,0,0,0,0,0,0,0,0,0,0,0,0,0,0,0,0,0,0,1
13.0120457,77.5689132,1,Malleshwaram,179.84596461666666,0,0,0,0,0,1,0,0,1,0,0,0,0,0,0,0,0,0,0,0,0,0,0,0,0,0,0,1
13.0437367,77.5572033,3,Jalahalli,165.1511546,0,0,0,0,0,1,0,0,1,0,0,0,0,0,0,0,0,0,0,0,0,0,0,0,0,0,0,1
12.9622836,77.5937712,1,Halasuru Gate,125.9162801,0,1,0,0,0,0,1,0,0,0,0,0,0,0,0,0,0,0,0,0,0,0,0,0,0,0,0,1
13.0208962,77.7111378,1,K.R. Pura,108.5029804,0,0,0,0,0,1,0,0,0,0,0,0,1,0,0,0,0,0,0,0,0,0,0,0,0,0,0,1
12.9585228,77.5552284,3,Chamarajpet,151.23927469999998,0,0,0,0,0,1,0,0,0,0,0,0,1,0,0,0,0,0,0,0,0,0,0,0,0,0,0,2
13.0448501,77.5817382,3,Kodigehalli,157.58536275,0,1,0,0,0,0,1,0,0,0,0,0,0,0,0,0,0,0,0,0,0,0,0,0,0,0,0,1
12.9945937,77.5851751,3,High ground,27.2819623,0,0,0,0,0,1,0,0,0,0,0,0,0,0,1,0,0,0,0,0,0,0,0,0,0,0,0,1
12.9170634,77.6334718,3,Madiwala,179.97077075,0,0,0,0,0,1,0,0,1,0,0,0,0,0,0,0,0,0,0,0,0,0,0,0,0,0,0,1
13.0393225,77.5183451,3,Peenya,178.50414924999998,0,0,0,0,0,1,0,0,1,0,0,0,0,0,0,0,0,0,0,0,0,0,0,0,0,0,0,1
12.8928009,77.4796977,1,Kengeri,28.093455249999998,1,0,0,0,0,0,1,0,0,0,0,0,0,0,0,0,0,0,0,0,0,0,0,0,0,0,0,3
13.1153322,77.6068718,3,Yelahanka,170.43671773333332,0,0,0,0,0,1,0,0,0,0,0,0,1,0,0,0,0,0,0,0,0,0,0,0,0,0,0,1
12.997221,77.7584725,1,Mahadevapura,180.0,0,0,0,0,0,1,0,0,0,1,0,0,0,0,0,0,0,0,0,0,0,0,0,0,0,0,0,1
12.9758957,77.5868589,1,Halasuru Gate,156.00209423333334,0,0,0,0,0,1,0,0,1,0,0,0,0,0,0,0,0,0,0,0,0,0,0,0,0,0,0,1
12.9563631,77.5773428,1,City Market,23.377118366666664,0,0,0,0,0,1,0,0,1,0,0,0,0,0,0,0,0,0,0,0,0,0,0,0,0,0,0,1
12.9793531,77.5854569,1,Cubbon Park,57.63663505,0,0,0,0,0,1,0,0,0,1,0,0,0,0,0,0,0,0,0,0,0,0,0,0,0,0,0,1
12.9022996,77.4696539,3,Kengeri,156.92986858333333,0,0,0,0,0,1,0,0,0,0,0,0,0,0,0,0,1,0,0,0,0,0,0,0,0,0,0,1
12.9768015,77.5865121,1,Cubbon Park,139.40413106666668,0,0,0,0,0,1,0,0,0,0,0,1,0,0,0,0,0,0,0,0,0,0,0,0,0,0,0,1
13.0179142,77.5594838,3,Yeshwanthpura,62.21196405,1,0,0,0,0,0,1,0,0,0,0,0,0,0,0,0,0,0,0,0,0,0,0,0,0,0,0,1
12.9678065,77.6529808,1,Jeevanbheemanagar,360.0,0,0,0,0,1,0,1,0,0,0,0,0,0,0,0,0,0,0,0,0,0,0,0,0,0,0,0,1
12.9292202,77.6152975,3,Madiwala,46.13815655,0,0,0,0,0,1,0,0,0,0,0,0,0,1,0,0,0,0,0,0,0,0,0,0,0,0,0,1
12.9669358,77.6077179,3,Ashok Nagar,360.0,0,0,0,0,1,0,1,0,0,0,0,0,0,0,0,0,0,0,0,0,0,0,0,0,0,0,0,1
12.9869407,77.5888485,3,High ground,115.88590868333334,0,0,0,0,0,1,0,0,0,0,0,0,0,0,0,1,0,0,0,0,0,0,0,0,0,0,0,1
13.0205131,77.552269,3,Yeshwanthpura,105.8915411,0,0,0,0,0,1,0,0,0,1,0,0,0,0,0,0,0,0,0,0,0,0,0,0,0,0,0,1
13.0015752,77.6121596,1,Pulikeshinagar(F.Town),40.36682893333333,0,0,0,0,1,0,1,0,0,0,0,0,0,0,0,0,0,0,0,0,0,0,0,0,0,0,0,1
12.9762223,77.5875813,1,Cubbon Park,138.11497135,0,0,0,0,0,1,0,0,0,0,0,1,0,0,0,0,0,0,0,0,0,0,0,0,0,0,0,1
12.9761578,77.5875826,1,Cubbon Park,148.8057952,0,0,0,0,0,1,0,0,0,0,0,1,0,0,0,0,0,0,0,0,0,0,0,0,0,0,0,1
12.9169952,77.5732994,1,Banashankari,165.0658801,0,0,0,0,0,1,0,0,0,0,0,1,0,0,0,0,0,0,0,0,0,0,0,0,0,0,0,1
12.9795656,77.5853052,1,High ground,160.83432223333332,0,0,0,0,0,1,0,0,0,1,0,0,0,0,0,0,0,0,0,0,0,0,0,0,0,0,0,1
13.0295471,77.5383856,3,Yeshwanthpura,157.60740398333334,0,0,0,0,0,1,0,0,0,1,0,0,0,0,0,0,0,0,0,0,0,0,0,0,0,0,0,2
12.9761797,77.5875999,1,Cubbon Park,135.99441131666669,0,0,0,0,0,1,0,0,0,0,0,1,0,0,0,0,0,0,0,0,0,0,0,0,0,0,0,1
13.0996385,77.588561,1,Yelahanka,123.37561045000001,0,0,0,0,0,1,0,0,0,1,0,0,0,0,0,0,0,0,0,0,0,0,0,0,0,0,0,2
13.2573738,77.7127973,1,Devanahalli Airport,125.03263771666667,0,0,0,0,0,1,0,0,0,1,0,0,0,0,0,0,0,0,0,0,0,0,0,0,0,0,0,1
12.9760844,77.5872657,1,Halasuru Gate,131.33898556666665,0,0,0,0,0,1,0,0,0,0,0,1,0,0,0,0,0,0,0,0,0,0,0,0,0,0,0,1
12.9807883,77.5723617,1,Sheshadripuram,121.51514693333334,0,0,0,0,0,1,0,0,0,0,0,0,0,1,0,0,0,0,0,0,0,0,0,0,0,0,0,1
12.9978826,77.7171721,1,K.R. Pura,175.09497826666666,0,0,0,0,0,1,0,0,0,0,0,0,0,1,0,0,0,0,0,0,0,0,0,0,0,0,0,1
13.0599492,77.4636953,1,No Police Station,158.36707198333335,0,0,0,0,0,1,0,0,0,1,0,0,0,0,0,0,0,0,0,0,0,0,0,0,0,0,0,1
13.0010026,77.6122223,1,Pulikeshinagar(F.Town),29.77319076666667,0,0,0,0,1,0,1,0,0,0,0,0,0,0,0,0,0,0,0,0,0,0,0,0,0,0,0,1
12.9860425,77.5895725,3,High ground,10.81146455,0,0,0,0,0,1,0,0,0,0,1,0,0,0,0,0,0,0,0,0,0,0,0,0,0,0,0,1
12.9380883,77.5986283,3,Wilson Garden,79.09793438333332,0,0,0,0,0,1,0,0,1,0,0,0,0,0,0,0,0,0,0,0,0,0,0,0,0,0,0,1
12.9240195,77.5534081,3,Banashankari,15.052173633333332,0,0,0,0,0,1,0,0,0,0,0,1,0,0,0,0,0,0,0,0,0,0,0,0,0,0,0,1
12.99734494,77.67058314,3,Banaswadi,158.77434176666665,0,0,0,0,0,1,0,0,0,0,0,0,0,0,0,0,1,0,0,0,0,0,0,0,0,0,0,1
12.9162721,77.6329233,3,HSR Layout,180.0,0,0,0,0,0,1,0,0,1,0,0,0,0,0,0,0,0,0,0,0,0,0,0,0,0,0,0,1
13.0075443,77.6900617,1,K.R. Pura,169.55241491666666,0,0,0,0,0,1,0,0,1,0,0,0,0,0,0,0,0,0,0,0,0,0,0,0,0,0,0,1
12.9437916,77.6980733,3,HAL Old Airport,149.64020856666667,0,0,0,0,0,1,0,0,0,0,0,0,0,1,0,0,0,0,0,0,0,0,0,0,0,0,0,1
12.9640051,77.5832514,3,Halasuru Gate,136.67542166666667,0,0,0,0,0,1,0,0,0,0,0,0,0,1,0,0,0,0,0,0,0,0,0,0,0,0,0,1
12.915995,77.623325,3,HSR Layout,161.03459089999998,0,0,0,0,0,1,0,0,0,0,0,0,0,1,0,0,0,0,0,0,0,0,0,0,0,0,0,1
13.0470085,77.5012586,1,Peenya,146.8242983,0,0,0,0,0,1,0,0,0,1,0,0,0,0,0,0,0,0,0,0,0,0,0,0,0,0,0,1
13.0041938,77.6837865,1,K.R. Pura,164.18691346666668,0,0,0,0,0,1,0,0,1,0,0,0,0,0,0,0,0,0,0,0,0,0,0,0,0,0,0,1
13.0141707,77.5698224,1,Sadashivanagar,152.87685308333332,0,0,0,0,0,1,0,0,0,0,0,0,1,0,0,0,0,0,0,0,0,0,0,0,0,0,0,1
12.97276155,77.69877413,3,HAL Old Airport,27.418236333333333,0,0,0,0,0,1,0,0,0,0,0,0,1,0,0,0,0,0,0,0,0,0,0,0,0,0,0,1
13.0324699,77.5340097,3,Yeshwanthpura,121.06051801666668,0,0,0,0,0,1,0,0,0,0,0,1,0,0,0,0,0,0,0,0,0,0,0,0,0,0,0,1
13.1732467,77.6337783,3,Chikkajala,99.57622721666667,1,0,0,0,0,0,1,0,0,0,0,0,0,0,0,0,0,0,0,0,0,0,0,0,0,0,0,1
12.9270796,77.6791784,3,Bellandur,30.649880516666666,0,0,0,0,0,1,0,0,0,1,0,0,0,0,0,0,0,0,0,0,0,0,0,0,0,0,0,1
12.9574414,77.503195,1,Jnanabharathi,50.121874866666666,0,0,0,0,0,1,0,0,0,0,0,0,0,1,0,0,0,0,0,0,0,0,0,0,0,0,0,1
12.9757515,77.5621464,3,Magadi Road,60.88455116666667,0,0,0,0,0,1,0,0,0,0,0,0,1,0,0,0,0,0,0,0,0,0,0,0,0,0,0,2
13.0269771,77.6204275,1,K.G. Halli,32.11716358333334,0,0,0,0,0,1,0,0,1,0,0,0,0,0,0,0,0,0,0,0,0,0,0,0,0,0,0,1
12.9841489,77.6490274,3,Jeevanbheemanagar,18.52816173333333,0,0,0,0,0,1,0,0,1,0,0,0,0,0,0,0,0,0,0,0,0,0,0,0,0,0,0,2
12.9801396,77.6139775,1,Shivajinagar,40.622727166666664,0,0,0,0,0,1,0,0,0,0,0,0,1,0,0,0,0,0,0,0,0,0,0,0,0,0,0,1
13.0244817,77.5854183,3,R.T. Nagar,130.75467368333335,0,0,0,0,0,1,0,0,0,0,0,1,0,0,0,0,0,0,0,0,0,0,0,0,0,0,0,1
12.9460287,77.7468175,1,Whitefield,174.90067166666668,0,0,0,0,0,1,0,0,0,1,0,0,0,0,0,0,0,0,0,0,0,0,0,0,0,0,0,2
12.9666687,77.6090795,3,Ashok Nagar,151.63806285,0,0,0,0,0,1,0,0,1,0,0,0,0,0,0,0,0,0,0,0,0,0,0,0,0,0,0,1
12.9780253,77.609706,3,Shivajinagar,124.97091045,0,0,0,0,0,1,0,0,0,0,0,0,1,0,0,0,0,0,0,0,0,0,0,0,0,0,0,1
12.8969056,77.635054,3,HSR Layout,122.41884743333334,0,0,0,0,0,1,0,0,0,0,0,0,0,0,0,1,0,0,0,0,0,0,0,0,0,0,0,1
12.9235174,77.618812,3,Madiwala,159.60165020000002,0,0,0,0,0,1,0,0,1,0,0,0,0,0,0,0,0,0,0,0,0,0,0,0,0,0,0,1
13.0323967,77.5339844,3,Yeshwanthpura,121.68780738333334,0,0,0,0,0,1,0,0,0,1,0,0,0,0,0,0,0,0,0,0,0,0,0,0,0,0,0,1
12.9565483,77.5486683,3,Byatarayanapura,146.06177791666667,0,0,0,0,0,1,0,0,1,0,0,0,0,0,0,0,0,0,0,0,0,0,0,0,0,0,0,1
12.92182185,77.62106024,3,Madiwala,107.0100683,0,0,0,0,0,1,0,0,0,0,0,0,0,1,0,0,0,0,0,0,0,0,0,0,0,0,0,1
12.9719637,77.5943012,3,Cubbon Park,127.65083938333333,0,0,0,0,0,1,0,0,0,0,0,0,0,0,1,0,0,0,0,0,0,0,0,0,0,0,0,1
13.043197,77.5905836,3,Kodigehalli,145.07431713333332,0,0,0,0,0,1,0,0,0,0,0,1,0,0,0,0,0,0,0,0,0,0,0,0,0,0,0,1
12.9183936,77.5858257,1,Jayanagara,121.43194053333333,0,0,0,0,0,1,0,0,1,0,0,0,0,0,0,0,0,0,0,0,0,0,0,0,0,0,0,1
12.956958,77.5502136,3,Byatarayanapura,173.93473469999998,0,0,0,0,0,1,0,0,1,0,0,0,0,0,0,0,0,0,0,0,0,0,0,0,0,0,0,1
13.0449773,77.5816126,3,Kodigehalli,161.9459927833333,0,1,0,0,0,0,1,0,0,0,0,0,0,0,0,0,0,0,0,0,0,0,0,0,0,0,0,1
13.0145576,77.569369,1,Sadashivanagar,173.05765371666666,0,0,0,0,0,1,0,0,0,0,0,0,0,1,0,0,0,0,0,0,0,0,0,0,0,0,0,1
12.9565483,77.5486683,3,Byatarayanapura,146.06104701666666,0,0,0,0,0,1,0,0,1,0,0,0,0,0,0,0,0,0,0,0,0,0,0,0,0,0,0,1
12.8387727,77.6779223,1,Electronic City,120.81948998333334,0,0,0,0,0,1,0,0,0,0,0,0,0,1,0,0,0,0,0,0,0,0,0,0,0,0,0,1
12.9292336,77.564136,1,Banashankari,45.149276816666664,0,0,0,0,0,1,0,0,1,0,0,0,0,0,0,0,0,0,0,0,0,0,0,0,0,0,0,2
13.0288242,77.5401601,3,Yeshwanthpura,135.19591516666665,0,0,0,0,0,1,0,0,1,0,0,0,0,0,0,0,0,0,0,0,0,0,0,0,0,0,0,1
12.9861653,77.6472131,3,Jeevanbheemanagar,134.37569558333334,0,0,0,0,0,1,0,0,0,0,0,1,0,0,0,0,0,0,0,0,0,0,0,0,0,0,0,2
12.986573,77.6487801,3,Banaswadi,136.32043383333334,0,0,0,0,0,1,0,0,0,0,0,1,0,0,0,0,0,0,0,0,0,0,0,0,0,0,0,2
13.0390583,77.5627367,1,Sadashivanagar,107.3134921,0,0,0,0,1,0,1,0,0,0,0,0,0,0,0,0,0,0,0,0,0,0,0,0,0,0,0,1
13.0267071,77.6369933,3,Hennuru,123.93069005000001,0,0,0,0,0,1,0,0,0,0,0,0,1,0,0,0,0,0,0,0,0,0,0,0,0,0,0,1
12.9517469,77.5902794,1,Wilson Garden,6.343955466666667,0,0,0,0,0,1,0,0,0,1,0,0,0,0,0,0,0,0,0,0,0,0,0,0,0,0,0,1
12.9531369,77.5417503,3,Byatarayanapura,97.06916886666666,0,0,0,0,0,1,0,0,0,0,0,0,0,1,0,0,0,0,0,0,0,0,0,0,0,0,0,1
13.011398,77.5690047,1,Malleshwaram,120.35448548333333,0,0,0,0,0,1,0,0,0,1,0,0,0,0,0,0,0,0,0,0,0,0,0,0,0,0,0,1
13.019417,77.6546268,3,Banaswadi,176.03785449999998,0,0,0,0,0,1,0,0,0,1,0,0,0,0,0,0,0,0,0,0,0,0,0,0,0,0,0,1
12.981876,77.595366,3,Cubbon Park,147.06037406666667,0,0,0,0,0,1,0,0,0,0,0,0,1,0,0,0,0,0,0,0,0,0,0,0,0,0,0,1
12.9414237,77.5975231,1,Wilson Garden,16.730086149999998,0,0,0,0,0,1,0,0,0,0,0,0,1,0,0,0,0,0,0,0,0,0,0,0,0,0,0,1
13.0002572,77.6109204,1,Pulikeshinagar(F.Town),109.45861035,0,0,0,0,0,1,0,0,1,0,0,0,0,0,0,0,0,0,0,0,0,0,0,0,0,0,0,1
12.86080015,77.52048769,1,Thalagattapura,174.64240886666667,0,0,0,0,0,1,0,0,0,0,0,0,0,0,0,0,1,0,0,0,0,0,0,0,0,0,0,1
13.000017,77.5516663,3,Malleshwaram,360.0,0,0,0,0,1,0,1,0,0,0,0,0,0,0,0,0,0,0,0,0,0,0,0,0,0,0,0,1
12.9365315,77.5172194,3,Byatarayanapura,146.41690851666667,0,0,0,0,0,1,0,0,0,0,0,0,0,0,0,0,1,0,0,0,0,0,0,0,0,0,0,1
13.0469223,77.5016061,1,Peenya,178.36458436666666,0,0,0,0,0,1,0,0,0,1,0,0,0,0,0,0,0,0,0,0,0,0,0,0,0,0,0,2
12.87405197,77.49924774,1,Thalagattapura,164.166479,0,0,0,0,0,1,0,0,0,0,0,0,0,0,0,0,1,0,0,0,0,0,0,0,0,0,0,1
13.0138946,77.5839484,3,Sadashivanagar,123.33558246666666,0,0,0,0,0,1,0,0,0,1,0,0,0,0,0,0,0,0,0,0,0,0,0,0,0,0,0,1
12.9518207,77.5904196,1,Wilson Garden,177.58115743333335,0,0,0,0,0,1,0,0,0,1,0,0,0,0,0,0,0,0,0,0,0,0,0,0,0,0,0,1
13.01853031,77.557799,3,Yeshwanthpura,2.0504059,0,0,0,0,0,1,0,0,1,0,0,0,0,0,0,0,0,0,0,0,0,0,0,0,0,0,0,1
12.9459064,77.5955084,1,Wilson Garden,19.155355633333333,0,0,0,0,0,1,0,0,0,0,0,1,0,0,0,0,0,0,0,0,0,0,0,0,0,0,0,1
12.92431164,77.62875366,1,Adugodi,121.43403555,0,0,0,0,0,1,0,0,0,1,0,0,0,0,0,0,0,0,0,0,0,0,0,0,0,0,0,1
12.9431255,77.5972099,1,Wilson Garden,161.41960405,0,0,0,0,0,1,0,0,0,0,0,0,0,1,0,0,0,0,0,0,0,0,0,0,0,0,0,1
13.07104,77.5924854,3,Kodigehalli,124.38717011666667,0,0,0,0,0,1,0,0,0,1,0,0,0,0,0,0,0,0,0,0,0,0,0,0,0,0,0,1
13.027811,77.5422247,3,Yeshwanthpura,120.95697100000001,0,0,0,0,0,1,0,0,0,0,0,0,0,1,0,0,0,0,0,0,0,0,0,0,0,0,0,1
13.0119058,77.5691935,1,Malleshwaram,177.53041678333332,0,0,0,0,0,1,0,0,0,1,0,0,0,0,0,0,0,0,0,0,0,0,0,0,0,0,0,2
13.0999145,77.5990439,3,Yelahanka,170.32005706666666,0,0,0,0,0,1,0,0,0,0,0,1,0,0,0,0,0,0,0,0,0,0,0,0,0,0,0,2
13.0118911,77.5692145,1,Malleshwaram,179.41172583333335,0,0,0,0,0,1,0,0,0,1,0,0,0,0,0,0,0,0,0,0,0,0,0,0,0,0,0,1
13.0155967,77.5632506,3,Sadashivanagar,127.37143853333333,0,0,0,0,0,1,0,0,1,0,0,0,0,0,0,0,0,0,0,0,0,0,0,0,0,0,0,1
13.0345256,77.5887308,3,Hebbala,155.67467791666667,0,0,0,0,0,1,0,0,0,1,0,0,0,0,0,0,0,0,0,0,0,0,0,0,0,0,0,1
13.0487923,77.4974299,1,Chikkabanavara,130.86137388333333,0,0,0,0,0,1,0,0,0,1,0,0,0,0,0,0,0,0,0,0,0,0,0,0,0,0,0,1
12.9752696,77.6201123,3,Halasur,151.32442711666667,0,0,0,0,0,1,0,0,0,0,0,0,0,1,0,0,0,0,0,0,0,0,0,0,0,0,0,1
12.9240089,77.6184611,3,Madiwala,22.957331716666665,0,0,0,0,0,1,0,0,0,0,0,0,0,1,0,0,0,0,0,0,0,0,0,0,0,0,0,1
12.9856594,77.6443541,3,Banaswadi,133.08756565000002,0,0,0,0,0,1,0,0,0,0,0,0,1,0,0,0,0,0,0,0,0,0,0,0,0,0,0,1
13.0345101,77.5886771,3,Hebbala,160.21418164999997,0,0,0,0,0,1,0,0,0,1,0,0,0,0,0,0,0,0,0,0,0,0,0,0,0,0,0,1
12.9640323,77.5830801,3,Halasuru Gate,135.05661708333335,0,0,0,0,0,1,0,0,1,0,0,0,0,0,0,0,0,0,0,0,0,0,0,0,0,0,0,1
13.0344889,77.5885486,3,Kodigehalli,149.0157617,0,0,0,0,0,1,0,0,0,1,0,0,0,0,0,0,0,0,0,0,0,0,0,0,0,0,0,1
13.0155791,77.5632598,3,Sadashivanagar,126.35064335,0,0,0,0,0,1,0,0,1,0,0,0,0,0,0,0,0,0,0,0,0,0,0,0,0,0,0,1
13.0102318,77.6974368,1,K.R. Pura,123.76114394999999,0,0,0,0,0,1,0,0,0,0,0,0,0,1,0,0,0,0,0,0,0,0,0,0,0,0,0,2
12.9805889,77.5730379,1,Sheshadripuram,141.07117728333333,0,0,0,0,0,1,0,0,0,0,0,0,0,0,0,1,0,0,0,0,0,0,0,0,0,0,0,1
13.003447,77.7570511,1,Mahadevapura,12.062376916666667,0,0,0,0,0,1,0,0,0,1,0,0,0,0,0,0,0,0,0,0,0,0,0,0,0,0,0,1
13.0143227,77.7004163,1,K.R. Pura,110.94811854999999,0,0,0,0,0,1,0,0,0,0,0,1,0,0,0,0,0,0,0,0,0,0,0,0,0,0,0,1
12.9996339,77.5843205,3,Sadashivanagar,19.97699008333333,0,0,0,0,0,1,0,0,0,0,1,0,0,0,0,0,0,0,0,0,0,0,0,0,0,0,0,2
13.0217837,77.5326429,1,Rajajinagar,33.289917816666666,0,0,0,0,0,1,0,0,0,0,0,0,0,0,0,0,1,0,0,0,0,0,0,0,0,0,0,1
13.016874,77.5609665,3,Yeshwanthpura,86.64108061666667,0,0,0,0,0,1,0,0,1,0,0,0,0,0,0,0,0,0,0,0,0,0,0,0,0,0,0,1
12.9943026,77.757433,1,Mahadevapura,4.059924333333333,0,0,0,0,0,1,0,0,0,1,0,0,0,0,0,0,0,0,0,0,0,0,0,0,0,0,0,1
12.91661104,77.62995423,3,HSR Layout,157.893402,0,0,0,0,0,1,0,0,0,0,0,1,0,0,0,0,0,0,0,0,0,0,0,0,0,0,0,2
12.9729058,77.602576,3,Cubbon Park,154.5850784,0,0,0,0,0,1,0,0,0,0,0,0,0,0,0,1,0,0,0,0,0,0,0,0,0,0,0,2
13.0265852,77.6366914,3,Hennuru,148.76622525,0,0,0,0,0,1,0,0,1,0,0,0,0,0,0,0,0,0,0,0,0,0,0,0,0,0,0,1
13.0037413,77.7569761,1,Mahadevapura,157.12912495,0,0,0,0,0,1,0,0,0,0,0,0,0,0,1,0,0,0,0,0,0,0,0,0,0,0,0,1
12.9699546,77.4967523,1,Jnanabharathi,8.768508033333335,0,0,0,0,0,1,0,0,1,0,0,0,0,0,0,0,0,0,0,0,0,0,0,0,0,0,0,1
12.86899116,77.50451447,1,Thalagattapura,180.0,0,0,0,0,0,1,0,0,0,0,0,0,0,0,0,0,1,0,0,0,0,0,0,0,0,0,0,1
12.9712033,77.594185,3,Halasuru Gate,163.33324263333333,0,0,0,0,0,1,0,0,0,0,0,0,0,0,1,0,0,0,0,0,0,0,0,0,0,0,0,1
13.0289757,77.5586268,1,Yeshwanthpura,360.0,0,0,0,0,1,0,1,0,0,0,0,0,0,0,0,0,0,0,0,0,0,0,0,0,0,0,0,1
12.91670965,77.62994607,3,Madiwala,164.5453587,0,0,0,0,0,1,0,0,0,0,0,1,0,0,0,0,0,0,0,0,0,0,0,0,0,0,0,2
12.9592717,77.6556783,3,Jeevanbheemanagar,122.7237518,0,0,0,0,0,1,0,0,1,0,0,0,0,0,0,0,0,0,0,0,0,0,0,0,0,0,0,2
12.9570521,77.5742822,1,V.V.Puram (C.Pet),90.95861588333334,0,0,0,0,0,1,0,0,1,0,0,0,0,0,0,0,0,0,0,0,0,0,0,0,0,0,0,1
12.9606801,77.5571296,3,Chamarajpet,166.65382813333332,0,0,0,0,0,1,0,0,1,0,0,0,0,0,0,0,0,0,0,0,0,0,0,0,0,0,0,1
13.018784,77.6568486,3,Banaswadi,162.70015786666667,0,0,0,0,0,1,0,0,0,0,0,1,0,0,0,0,0,0,0,0,0,0,0,0,0,0,0,1
13.0066993,77.5929994,1,R.T. Nagar,136.75173863333333,0,0,0,0,0,1,0,0,0,0,0,1,0,0,0,0,0,0,0,0,0,0,0,0,0,0,0,1
13.043905,77.5573633,3,Jalahalli,168.39730585,0,0,0,0,0,1,0,0,0,0,0,1,0,0,0,0,0,0,0,0,0,0,0,0,0,0,0,1
13.0354439,77.5413416,3,Jalahalli,126.53441493333334,0,0,0,0,0,1,0,0,0,0,0,0,0,0,1,0,0,0,0,0,0,0,0,0,0,0,0,2
13.0184753,77.6569857,3,Banaswadi,158.50468391666666,0,0,0,0,0,1,0,0,0,0,0,1,0,0,0,0,0,0,0,0,0,0,0,0,0,0,0,2
13.00725,77.58399,3,Sadashivanagar,128.40215123333334,0,0,0,0,0,1,0,0,0,1,0,0,0,0,0,0,0,0,0,0,0,0,0,0,0,0,0,1
12.9921469,77.5853902,3,High ground,24.24073986666667,0,0,0,0,0,1,0,0,0,0,0,1,0,0,0,0,0,0,0,0,0,0,0,0,0,0,0,1
13.0397501,77.5435557,3,Jalahalli,41.59923455,0,0,0,0,0,1,0,0,0,0,0,0,1,0,0,0,0,0,0,0,0,0,0,0,0,0,0,1
12.887253,77.7386073,1,No Police Station,5.204406416666667,0,0,0,0,0,1,0,0,0,1,0,0,0,0,0,0,0,0,0,0,0,0,0,0,0,0,0,1
12.8872823,77.7385986,1,No Police Station,6.828026016666667,0,0,0,0,0,1,0,0,0,1,0,0,0,0,0,0,0,0,0,0,0,0,0,0,0,0,0,1
13.0356336,77.5413662,3,Jalahalli,139.31892363333333,0,0,0,0,0,1,0,0,0,0,0,0,0,0,1,0,0,0,0,0,0,0,0,0,0,0,0,2
12.9389616,77.7474019,1,Whitefield,165.80114591666668,0,1,0,0,0,0,1,0,0,0,0,0,0,0,0,0,0,0,0,0,0,0,0,0,0,0,0,1
12.9525274,77.541373,3,Byatarayanapura,168.9454888666667,0,0,0,0,0,1,0,0,0,1,0,0,0,0,0,0,0,0,0,0,0,0,0,0,0,0,0,1
13.0503354,77.493171,1,Chikkabanavara,164.4042222,0,0,0,0,0,1,0,0,0,1,0,0,0,0,0,0,0,0,0,0,0,0,0,0,0,0,0,2
12.958377,77.5550049,3,Chamarajpet,18.0877439,0,0,0,0,0,1,0,0,0,1,0,0,0,0,0,0,0,0,0,0,0,0,0,0,0,0,0,2
13.0597614,77.6330659,3,Hennuru,125.62325460000001,0,1,0,0,0,0,1,0,0,0,0,0,0,0,0,0,0,0,0,0,0,0,0,0,0,0,0,1
12.86229155,77.51715234,1,Thalagattapura,102.12957013333333,1,0,0,0,0,0,1,0,0,0,0,0,0,0,0,0,0,0,0,0,0,0,0,0,0,0,0,1
12.93861,77.52219,3,Byatarayanapura,172.65043828333333,0,0,0,0,0,1,0,0,0,0,1,0,0,0,0,0,0,0,0,0,0,0,0,0,0,0,0,1
13.0580152,77.5934219,3,Kodigehalli,67.53928598333333,1,0,0,0,0,0,1,0,0,0,0,0,0,0,0,0,0,0,0,0,0,0,0,0,0,0,0,3
12.9781425,77.5648766,3,Magadi Road,15.24906015,0,0,0,0,0,1,0,0,1,0,0,0,0,0,0,0,0,0,0,0,0,0,0,0,0,0,0,1
12.9394579,77.5231551,3,Byatarayanapura,131.05683936666665,0,1,0,0,0,0,1,0,0,0,0,0,0,0,0,0,0,0,0,0,0,0,0,0,0,0,0,1
12.9676337,77.6000244,3,Ashok Nagar,179.47770208333336,0,0,0,0,0,1,0,0,1,0,0,0,0,0,0,0,0,0,0,0,0,0,0,0,0,0,0,1
12.9457522,77.5956883,1,Wilson Garden,131.94412271666667,0,0,0,0,0,1,0,0,1,0,0,0,0,0,0,0,0,0,0,0,0,0,0,0,0,0,0,1
13.0411932,77.5897473,3,Kodigehalli,172.27196158333334,0,0,0,0,0,1,0,1,0,0,0,0,0,0,0,0,0,0,0,0,0,0,0,0,0,0,0,2
13.0418287,77.5963139,3,Hebbala,110.3653946,1,0,0,0,0,0,1,0,0,0,0,0,0,0,0,0,0,0,0,0,0,0,0,0,0,0,0,3
13.0450553,77.5075318,3,Peenya,148.40071948333335,0,0,0,0,0,1,0,0,1,0,0,0,0,0,0,0,0,0,0,0,0,0,0,0,0,0,0,1
12.9259772,77.54924,3,Banashankari,165.7017514,0,0,0,0,0,1,0,0,0,0,0,0,0,1,0,0,0,0,0,0,0,0,0,0,0,0,0,1
12.9383578,77.7469918,1,Whitefield,173.55148891666667,0,1,0,0,0,0,1,0,0,0,0,0,0,0,0,0,0,0,0,0,0,0,0,0,0,0,0,1
13.1061381,77.600163,3,Yelahanka,111.00052843333333,1,0,0,0,0,0,1,0,0,0,0,0,0,0,0,0,0,0,0,0,0,0,0,0,0,0,0,3
13.0427386,77.5506686,3,Jalahalli,75.40505538333333,0,0,0,0,0,1,0,0,0,1,0,0,0,0,0,0,0,0,0,0,0,0,0,0,0,0,0,1
13.0102333,77.6975197,1,K.R. Pura,68.49113005,0,0,0,0,0,1,0,0,0,0,0,1,0,0,0,0,0,0,0,0,0,0,0,0,0,0,0,1
13.0523756,77.4870906,1,No Police Station,59.09794538333333,0,0,0,0,0,1,0,0,0,0,0,1,0,0,0,0,0,0,0,0,0,0,0,0,0,0,0,2
12.965048,77.7022521,3,HAL Old Airport,35.417170766666665,0,0,0,0,0,1,0,0,1,0,0,0,0,0,0,0,0,0,0,0,0,0,0,0,0,0,0,2
12.9591144,77.6574092,3,Jeevanbheemanagar,74.84090605,0,0,0,0,0,1,0,0,1,0,0,0,0,0,0,0,0,0,0,0,0,0,0,0,0,0,0,1
13.0631884,77.4579755,1,No Police Station,142.69460429999998,0,0,0,0,0,1,0,0,0,1,0,0,0,0,0,0,0,0,0,0,0,0,0,0,0,0,0,2
12.9153846,77.6384335,3,HSR Layout,145.02591746666667,0,0,0,0,0,1,0,0,0,0,0,1,0,0,0,0,0,0,0,0,0,0,0,0,0,0,0,1
13.0030338,77.6799222,3,K.R. Pura,133.21538990000002,0,0,0,0,0,1,0,0,0,0,0,1,0,0,0,0,0,0,0,0,0,0,0,0,0,0,0,2
13.0030338,77.6799222,3,K.R. Pura,133.2150806,0,0,0,0,0,1,0,0,0,0,0,1,0,0,0,0,0,0,0,0,0,0,0,0,0,0,0,2
12.9536622,77.5423104,3,Byatarayanapura,143.04821126666667,0,0,0,0,0,1,0,0,1,0,0,0,0,0,0,0,0,0,0,0,0,0,0,0,0,0,0,1
12.9496281,77.5971417,1,Wilson Garden,164.53300286666666,0,0,0,0,0,1,0,0,1,0,0,0,0,0,0,0,0,0,0,0,0,0,0,0,0,0,0,1
13.0086926,77.5270187,1,Rajajinagar,142.69669703333332,0,0,0,0,0,1,0,0,0,0,0,0,0,0,0,0,1,0,0,0,0,0,0,0,0,0,0,2
12.9592974,77.6546997,3,Jeevanbheemanagar,14.23674055,0,0,0,0,0,1,0,0,1,0,0,0,0,0,0,0,0,0,0,0,0,0,0,0,0,0,0,1
12.9517162,77.5401593,3,Byatarayanapura,3.7813554000000003,0,0,0,0,0,1,0,0,1,0,0,0,0,0,0,0,0,0,0,0,0,0,0,0,0,0,0,1
12.9743175,77.6411225,3,Jeevanbheemanagar,3.04880215,0,0,0,0,1,0,1,0,0,0,0,0,0,0,0,0,0,0,0,0,0,0,0,0,0,0,0,1
12.9495648,77.5368611,3,Byatarayanapura,174.52214558333333,0,0,0,0,0,1,0,0,1,0,0,0,0,0,0,0,0,0,0,0,0,0,0,0,0,0,0,1
12.9558613,77.7127156,3,HAL Old Airport,177.327961,0,0,0,0,0,1,0,0,1,0,0,0,0,0,0,0,0,0,0,0,0,0,0,0,0,0,0,1
12.974155,77.5511733,3,Magadi Road,174.27757979999998,0,0,0,0,0,1,0,0,0,0,1,0,0,0,0,0,0,0,0,0,0,0,0,0,0,0,0,1
12.9286815,77.6817101,3,HAL Old Airport,153.81891723333334,0,1,0,0,0,0,1,0,0,0,0,0,0,0,0,0,0,0,0,0,0,0,0,0,0,0,0,1
12.9934067,77.59555,1,High ground,180.0,0,0,0,0,0,1,0,0,1,0,0,0,0,0,0,0,0,0,0,0,0,0,0,0,0,0,0,2
13.0983325,77.5904647,1,Yelahanka,145.78570748333334,0,0,0,0,0,1,0,0,1,0,0,0,0,0,0,0,0,0,0,0,0,0,0,0,0,0,0,1
12.9795039,77.5397421,3,Magadi Road,152.01737568333334,0,0,0,0,0,1,0,0,0,0,0,0,0,1,0,0,0,0,0,0,0,0,0,0,0,0,0,1
12.9320917,77.6872483,3,HAL Old Airport,166.16594006666668,0,0,0,0,0,1,0,0,1,0,0,0,0,0,0,0,0,0,0,0,0,0,0,0,0,0,0,1
12.9974507,77.6698174,3,Banaswadi,37.87514003333333,0,0,0,0,0,1,0,0,0,0,0,0,0,0,0,0,1,0,0,0,0,0,0,0,0,0,0,1
12.9425534,77.7481214,1,Whitefield,133.29780633333334,0,0,0,0,0,1,0,0,1,0,0,0,0,0,0,0,0,0,0,0,0,0,0,0,0,0,0,1
13.0134021,77.6265131,3,Banaswadi,123.46623316666667,0,0,0,0,0,1,0,0,1,0,0,0,0,0,0,0,0,0,0,0,0,0,0,0,0,0,0,2
13.0420783,77.5158902,3,Chikkabanavara,122.91635826666668,0,0,0,0,0,1,0,0,0,1,0,0,0,0,0,0,0,0,0,0,0,0,0,0,0,0,0,2
13.0092094,77.5838479,3,Sadashivanagar,136.31685245,0,0,0,0,0,1,0,0,0,0,0,0,1,0,0,0,0,0,0,0,0,0,0,0,0,0,0,1
12.90927,77.62768,3,HSR Layout,139.59518401666668,0,0,0,0,0,1,0,0,0,1,0,0,0,0,0,0,0,0,0,0,0,0,0,0,0,0,0,1
13.045651,77.5641352,3,Jalahalli,130.15725245000002,0,0,0,0,0,1,0,0,0,0,0,1,0,0,0,0,0,0,0,0,0,0,0,0,0,0,0,1
12.9679885,77.5882273,3,Halasuru Gate,40.551200216666665,0,0,0,0,0,1,0,0,1,0,0,0,0,0,0,0,0,0,0,0,0,0,0,0,0,0,0,1
12.9151685,77.5998241,3,Mico Layout,37.75064423333333,0,0,0,0,0,1,0,0,0,0,0,0,0,0,1,0,0,0,0,0,0,0,0,0,0,0,0,2
12.9902665,77.5853871,3,High ground,79.2974488,0,0,0,0,0,1,0,0,0,0,0,0,1,0,0,0,0,0,0,0,0,0,0,0,0,0,0,1
13.0438226,77.5576364,3,Jalahalli,166.24123948333332,0,0,0,0,0,1,0,0,0,0,0,1,0,0,0,0,0,0,0,0,0,0,0,0,0,0,0,1
12.9374504,77.602993,3,Adugodi,163.73754113333334,0,0,0,0,0,1,0,0,0,0,0,0,0,1,0,0,0,0,0,0,0,0,0,0,0,0,0,1
13.020097,77.6188953,1,K.G. Halli,125.8551143,0,0,0,0,0,1,0,0,1,0,0,0,0,0,0,0,0,0,0,0,0,0,0,0,0,0,0,1
12.9623636,77.5645703,3,Chamarajpet,167.12014555,0,0,0,0,0,1,0,0,0,0,0,1,0,0,0,0,0,0,0,0,0,0,0,0,0,0,0,1
12.9666084,77.5739023,3,Chamarajpet,35.1868439,0,0,0,0,0,1,0,0,0,1,0,0,0,0,0,0,0,0,0,0,0,0,0,0,0,0,0,1
12.9661497,77.5874534,3,Halasuru Gate,132.64954231666667,0,0,0,0,0,1,0,0,0,0,0,0,1,0,0,0,0,0,0,0,0,0,0,0,0,0,0,1
12.9698153,77.5873976,3,Halasuru Gate,70.84477651666666,0,0,0,0,0,1,0,0,0,0,0,0,0,0,1,0,0,0,0,0,0,0,0,0,0,0,0,1
12.9464543,77.496419,1,Jnanabharathi,161.82403293333334,0,0,0,0,0,1,0,0,1,0,0,0,0,0,0,0,0,0,0,0,0,0,0,0,0,0,0,1
12.9557282,77.7186721,3,Whitefield,145.85485981666667,0,0,0,0,0,1,0,0,1,0,0,0,0,0,0,0,0,0,0,0,0,0,0,0,0,0,0,1
13.0537555,77.5931842,3,Kodigehalli,123.34954395,0,0,0,0,0,1,0,0,0,0,0,0,0,0,0,0,1,0,0,0,0,0,0,0,0,0,0,2
13.0098089,77.5542196,3,Malleshwaram,121.80766483333333,0,0,0,0,0,1,0,0,0,0,1,0,0,0,0,0,0,0,0,0,0,0,0,0,0,0,0,1
13.0535122,77.5933869,3,Kodigehalli,172.55766826666667,0,0,0,0,0,1,0,0,0,0,0,0,0,0,0,0,1,0,0,0,0,0,0,0,0,0,0,2
13.1017012,77.5989839,3,Yelahanka,179.48158386666668,0,0,0,0,0,1,0,0,0,0,0,0,1,0,0,0,0,0,0,0,0,0,0,0,0,0,0,2
12.9734167,77.530222,1,Vijayanagara,166.58633221666665,0,0,0,0,0,1,0,0,1,0,0,0,0,0,0,0,0,0,0,0,0,0,0,0,0,0,0,1
12.91263873,77.48523704,3,Kengeri,38.20066928333333,0,0,0,0,0,1,0,0,0,0,0,0,0,0,0,0,1,0,0,0,0,0,0,0,0,0,0,1
12.9228895,77.6705524,3,Bellandur,147.24265821666668,0,0,0,0,0,1,0,0,0,0,0,0,0,0,0,0,1,0,0,0,0,0,0,0,0,0,0,1
12.9568266,77.702037,3,HAL Old Airport,46.857148433333336,0,0,0,0,0,1,0,0,0,0,0,0,1,0,0,0,0,0,0,0,0,0,0,0,0,0,0,1
12.9276924,77.680652,3,Bellandur,130.00758761666665,0,0,0,0,0,1,0,0,0,0,0,0,0,1,0,0,0,0,0,0,0,0,0,0,0,0,0,1
12.9575781,77.5861908,1,Wilson Garden,64.38512095,0,0,0,0,0,1,0,0,0,1,0,0,0,0,0,0,0,0,0,0,0,0,0,0,0,0,0,1
13.0280704,77.6324867,3,Hennuru,125.6861798,0,0,0,0,0,1,0,0,0,0,0,0,0,0,1,0,0,0,0,0,0,0,0,0,0,0,0,2
13.0264,77.544019,3,Yeshwanthpura,360.0,0,0,0,0,1,0,1,0,0,0,0,0,0,0,0,0,0,0,0,0,0,0,0,0,0,0,0,1
12.9952935,77.6668596,3,Mahadevapura,49.514836583333334,0,0,0,0,0,1,0,0,0,0,0,0,0,0,0,0,1,0,0,0,0,0,0,0,0,0,0,1
12.9882485,77.511503,3,Kamakshipalya,122.85705476666666,0,0,0,0,0,1,0,0,1,0,0,0,0,0,0,0,0,0,0,0,0,0,0,0,0,0,0,1
13.0930614,77.5959276,3,Yelahanka,120.27799323333333,0,0,0,0,0,1,0,0,0,1,0,0,0,0,0,0,0,0,0,0,0,0,0,0,0,0,0,1
12.9602493,77.5567474,3,Chamarajpet,151.78923991666667,0,0,0,0,0,1,0,0,0,0,0,0,0,0,0,0,1,0,0,0,0,0,0,0,0,0,0,1
13.0959631,77.5939992,1,Yelahanka,180.0,0,0,0,0,0,1,0,0,0,0,1,0,0,0,0,0,0,0,0,0,0,0,0,0,0,0,0,1
13.02041435,77.58404933,3,Sadashivanagar,15.27002655,0,0,0,0,0,1,0,0,0,0,0,0,0,0,1,0,0,0,0,0,0,0,0,0,0,0,0,2
13.0000669,77.5840462,3,Sadashivanagar,131.70929418333333,0,0,0,0,0,1,0,0,0,0,0,1,0,0,0,0,0,0,0,0,0,0,0,0,0,0,0,2
12.9735078,77.6144939,3,Halasur,58.26014678333333,0,0,0,0,0,1,0,0,0,0,0,0,0,0,1,0,0,0,0,0,0,0,0,0,0,0,0,1
12.9734934,77.6143989,3,Halasur,34.93423536666667,0,0,0,0,0,1,0,0,0,0,0,0,0,0,1,0,0,0,0,0,0,0,0,0,0,0,0,1
12.9173731,77.6226726,3,Madiwala,180.0,0,0,0,0,0,1,0,0,0,0,0,0,0,0,0,0,1,0,0,0,0,0,0,0,0,0,0,2
12.9609952,77.5126225,1,Jnanabharathi,154.31980768333332,0,0,0,0,0,1,0,0,1,0,0,0,0,0,0,0,0,0,0,0,0,0,0,0,0,0,0,1
12.975057,77.5524102,3,Magadi Road,149.05109548333334,0,0,0,0,0,1,0,0,0,0,0,0,1,0,0,0,0,0,0,0,0,0,0,0,0,0,0,2
13.0443009,77.5563891,3,Jalahalli,120.10553605,0,0,0,0,0,1,0,0,0,0,0,1,0,0,0,0,0,0,0,0,0,0,0,0,0,0,0,1
12.9773195,77.5740417,1,Upparpet,141.72855063333333,0,0,0,0,0,1,0,0,0,0,0,0,0,1,0,0,0,0,0,0,0,0,0,0,0,0,0,1
13.0180242,77.5586509,3,Yeshwanthpura,59.305708083333336,0,0,0,0,0,1,0,0,1,0,0,0,0,0,0,0,0,0,0,0,0,0,0,0,0,0,0,1
12.8268178,77.6822591,1,Electronic City,175.72634621666666,0,0,0,0,0,1,0,0,0,1,0,0,0,0,0,0,0,0,0,0,0,0,0,0,0,0,0,1
13.04344,77.5601033,3,Jalahalli,169.56535606666665,0,0,0,0,0,1,0,0,1,0,0,0,0,0,0,0,0,0,0,0,0,0,0,0,0,0,0,1
13.0437467,77.559835,3,Jalahalli,178.22192101666667,0,0,0,0,0,1,0,0,0,0,0,1,0,0,0,0,0,0,0,0,0,0,0,0,0,0,0,1
12.9338744,77.6899073,3,HAL Old Airport,110.08692461666666,0,0,0,0,0,1,0,0,0,0,0,1,0,0,0,0,0,0,0,0,0,0,0,0,0,0,0,1
12.9604335,77.5592518,3,Chamarajpet,130.59308025,0,0,0,0,0,1,0,0,0,0,0,0,0,1,0,0,0,0,0,0,0,0,0,0,0,0,0,1
12.9726633,77.5947383,3,Cubbon Park,115.65848086666666,0,0,0,0,0,1,0,0,0,1,0,0,0,0,0,0,0,0,0,0,0,0,0,0,0,0,0,1
12.91698635,77.67344311,1,Bellandur,11.757047016666666,0,0,0,0,0,1,0,0,0,0,0,0,1,0,0,0,0,0,0,0,0,0,0,0,0,0,0,1
12.9645696,77.57401,3,City Market,41.90043643333333,0,0,0,0,0,1,0,0,0,1,0,0,0,0,0,0,0,0,0,0,0,0,0,0,0,0,0,1
13.0445804,77.5829928,3,Kodigehalli,160.5128696333333,0,1,0,0,0,0,1,0,0,0,0,0,0,0,0,0,0,0,0,0,0,0,0,0,0,0,0,1
12.96447,77.5742107,3,V.V.Puram (C.Pet),157.2543598833333,0,0,0,0,0,1,0,0,0,1,0,0,0,0,0,0,0,0,0,0,0,0,0,0,0,0,0,1
12.9341239,77.6299902,1,Adugodi,61.62912321666667,0,0,0,0,0,1,0,0,0,0,0,0,0,0,1,0,0,0,0,0,0,0,0,0,0,0,0,1
12.9775343,77.6072415,3,Cubbon Park,139.20783260000002,0,0,0,0,0,1,0,0,0,1,0,0,0,0,0,0,0,0,0,0,0,0,0,0,0,0,0,1
12.9818652,77.7519779,1,Whitefield,148.8441646,0,0,0,0,0,1,0,0,0,1,0,0,0,0,0,0,0,0,0,0,0,0,0,0,0,0,0,1
12.9836542,77.5294677,3,Kamakshipalya,146.42963515000002,0,0,0,0,0,1,0,0,1,0,0,0,0,0,0,0,0,0,0,0,0,0,0,0,0,0,0,1
13.014139,77.5837383,3,Sadashivanagar,165.32164101666666,0,0,0,0,0,1,0,0,0,0,0,0,1,0,0,0,0,0,0,0,0,0,0,0,0,0,0,2
13.06862592,77.59306326,3,Kodigehalli,171.11983576666668,0,0,0,0,0,1,0,0,0,0,0,0,1,0,0,0,0,0,0,0,0,0,0,0,0,0,0,2
13.0439727,77.5477115,3,Jalahalli,165.46537476666666,0,0,0,0,0,1,0,0,0,0,0,1,0,0,0,0,0,0,0,0,0,0,0,0,0,0,0,2
13.0287725,77.540212,3,Yeshwanthpura,36.63884388333334,0,0,0,0,0,1,0,0,0,0,0,0,0,0,1,0,0,0,0,0,0,0,0,0,0,0,0,2
12.9978827,77.5514879,3,Rajajinagar,142.25377071666665,0,0,0,0,0,1,0,0,1,0,0,0,0,0,0,0,0,0,0,0,0,0,0,0,0,0,0,1
13.0024775,77.6631382,3,Banaswadi,2.8974415833333333,0,0,0,0,1,0,1,0,0,0,0,0,0,0,0,0,0,0,0,0,0,0,0,0,0,0,0,1
12.9881252,77.7324221,1,Mahadevapura,18.56325435,0,0,0,0,1,0,1,0,0,0,0,0,0,0,0,0,0,0,0,0,0,0,0,0,0,0,0,1
13.0089551,77.6622898,3,Banaswadi,2.8650589666666666,0,0,0,0,1,0,1,0,0,0,0,0,0,0,0,0,0,0,0,0,0,0,0,0,0,0,0,1
12.9870683,77.6638117,1,Banaswadi,3.634360983333333,0,0,0,0,1,0,1,0,0,0,0,0,0,0,0,0,0,0,0,0,0,0,0,0,0,0,0,1
13.0427175,77.6122126,3,Hebbala,91.21919121666666,0,0,0,0,1,0,1,0,0,0,0,0,0,0,0,0,0,0,0,0,0,0,0,0,0,0,0,1
13.0283454,77.5792081,1,Kodigehalli,360.0,0,0,0,0,1,0,1,0,0,0,0,0,0,0,0,0,0,0,0,0,0,0,0,0,0,0,0,1
13.04319605,77.60986939,3,Hebbala,360.0,0,0,0,0,1,0,1,0,0,0,0,0,0,0,0,0,0,0,0,0,0,0,0,0,0,0,0,1
13.23270327,77.71303552,1,Devanahalli Airport,117.18483785,1,0,0,0,0,0,1,0,0,0,0,0,0,0,0,0,0,0,0,0,0,0,0,0,0,0,0,1
13.03322531,77.72154725,1,K.R. Pura,82.75535331666667,1,0,0,0,0,0,1,0,0,0,0,0,0,0,0,0,0,0,0,0,1,0,0,0,0,0,0,3
13.0289627,77.5786285,1,Kodigehalli,360.0,0,0,0,0,1,0,1,0,0,0,0,0,0,0,0,0,0,0,0,0,0,0,0,0,0,0,0,1
13.0414722,77.5469943,3,Jalahalli,124.27197115,0,0,0,0,0,1,0,0,0,0,0,1,0,0,0,0,0,0,0,0,0,0,0,0,0,0,0,1
13.0218972,77.5518195,3,Yeshwanthpura,266.31099951666664,0,0,0,0,1,0,1,0,0,0,0,0,0,0,0,0,0,0,0,0,0,0,0,0,0,0,0,1
12.9978644,77.5514768,3,Rajajinagar,139.4780200666667,0,0,0,0,0,1,0,0,1,0,0,0,0,0,0,0,0,0,0,0,0,0,0,0,0,0,0,1
13.0287539,77.5789947,1,Kodigehalli,5.2616205166666665,0,0,0,0,1,0,1,0,0,0,0,0,0,0,0,0,0,0,0,0,0,0,0,0,0,0,0,1
12.9902133,77.766255,1,Mahadevapura,18.83196996666667,0,0,0,0,1,0,1,0,0,0,0,0,0,0,0,0,0,0,0,0,0,0,0,0,0,0,0,1
13.0588906,77.5590847,1,Jalahalli,3.7366918833333336,0,0,0,0,1,0,1,0,0,0,0,0,0,0,0,0,0,0,0,0,0,0,0,0,0,0,0,1
13.0663967,77.5703,1,Kodigehalli,13.332187533333332,0,0,0,0,1,0,1,0,0,0,0,0,0,0,0,0,0,0,0,0,0,0,0,0,0,0,0,1
13.0352824,77.5370657,1,Jalahalli,1.8466231,0,0,0,0,1,0,1,0,0,0,0,0,0,0,0,0,0,0,0,0,0,0,0,0,0,0,0,1
13.0423867,77.5143903,3,Peenya,27.599997716666667,0,0,0,0,0,1,0,0,0,0,0,1,0,0,0,0,0,0,0,0,0,0,0,0,0,0,0,1
13.0938474,77.5970214,3,Yelahanka,141.38880068333336,0,0,0,0,0,1,0,0,0,0,0,0,0,0,1,0,0,0,0,0,0,0,0,0,0,0,0,1
13.0117307,77.5519405,3,Malleshwaram,33.88522995,0,0,0,0,1,0,1,0,0,0,0,0,0,0,0,0,0,0,0,0,0,0,0,0,0,0,0,1
13.0389135,77.5201138,3,Peenya,14.710999483333334,0,0,0,0,0,1,0,0,0,0,0,0,0,0,1,0,0,0,0,0,0,0,0,0,0,0,0,2
13.0412729,77.5288551,1,Jalahalli,2.2090545,0,0,0,0,1,0,1,0,0,0,0,0,0,0,0,0,0,0,0,0,0,0,0,0,0,0,0,1
13.0412713,77.5294692,1,Jalahalli,2.2002186666666663,0,0,0,0,1,0,1,0,0,0,0,0,0,0,0,0,0,0,0,0,0,0,0,0,0,0,0,1
13.0020662,77.6630465,3,Banaswadi,174.4725509666667,0,1,0,0,0,0,1,0,0,0,0,0,0,0,0,0,0,0,0,0,0,0,0,0,0,0,0,3
12.9507593,77.5373271,3,Byatarayanapura,40.58120198333334,0,0,0,0,0,1,0,0,0,0,0,0,0,1,0,0,0,0,0,0,0,0,0,0,0,0,0,1
12.929437,77.6833151,3,HAL Old Airport,168.26019131666666,0,0,0,0,0,1,0,0,0,0,0,0,0,1,0,0,0,0,0,0,0,0,0,0,0,0,0,1
13.0231428,77.5221329,1,Peenya,32.49691728333333,0,0,0,0,1,0,1,0,0,0,0,0,0,0,0,0,0,0,0,0,0,0,0,0,0,0,0,1
13.1164051,77.577981,1,Yelahanka,156.39559823333332,0,0,0,0,0,1,0,0,0,0,0,0,1,0,0,0,0,0,0,0,0,0,0,0,0,0,0,2
12.9979397,77.5839711,3,Sadashivanagar,163.3585856,0,0,0,0,0,1,0,0,0,0,0,0,0,1,0,0,0,0,0,0,0,0,0,0,0,0,0,1
12.9666051,77.5872379,3,Halasuru Gate,120.98818656666667,0,0,0,0,0,1,0,0,0,0,0,0,0,1,0,0,0,0,0,0,0,0,0,0,0,0,0,1
12.9677329,77.7016837,3,HAL Old Airport,144.30818626666667,0,0,0,0,0,1,0,0,0,1,0,0,0,0,0,0,0,0,0,0,0,0,0,0,0,0,0,1
13.0195457,77.7086725,1,K.R. Pura,154.66344066666667,0,0,0,0,0,1,0,0,0,0,0,0,0,0,0,0,1,0,0,0,0,0,0,0,0,0,0,1
13.1352303,77.6170911,3,Yelahanka,20.8340875,0,0,0,0,0,1,0,0,0,1,0,0,0,0,0,0,0,0,0,0,0,0,0,0,0,0,0,1
13.05033,77.4913333,1,No Police Station,175.65513613333331,0,0,0,0,0,1,0,0,0,0,0,1,0,0,0,0,0,0,0,0,0,0,0,0,0,0,0,1
13.1410304,77.6175473,3,Chikkajala,96.70297571666667,0,0,0,0,0,1,0,0,0,1,0,0,0,0,0,0,0,0,0,0,0,0,0,0,0,0,0,2
12.9112375,77.6266187,3,HSR Layout,130.17369805,0,0,0,0,0,1,0,0,0,0,0,0,0,1,0,0,0,0,0,0,0,0,0,0,0,0,0,1
12.9116008,77.6264655,3,HSR Layout,139.99195933333334,0,0,0,0,0,1,0,0,0,0,0,0,0,1,0,0,0,0,0,0,0,0,0,0,0,0,0,1
12.9113724,77.626413,3,HSR Layout,137.85183653333334,0,0,0,0,0,1,0,0,0,0,0,0,0,1,0,0,0,0,0,0,0,0,0,0,0,0,0,1
13.0505275,77.5429039,1,Jalahalli,7.4806798500000005,0,0,0,0,1,0,1,0,0,0,0,0,0,0,0,0,0,0,0,0,0,0,0,0,0,0,0,1
13.049291,77.5445025,1,Jalahalli,13.563198766666666,0,0,0,0,1,0,1,0,0,0,0,0,0,0,0,0,0,0,0,0,0,0,0,0,0,0,0,1
13.0198398,77.5322518,1,Rajajinagar,360.0,0,0,0,0,1,0,1,0,0,0,0,0,0,0,0,0,0,0,0,0,0,0,0,0,0,0,0,1
12.9664808,77.5871217,3,Halasuru Gate,48.24166831666666,0,0,0,0,0,1,0,0,1,0,0,0,0,0,0,0,0,0,0,0,0,0,0,0,0,0,0,1
13.0505275,77.5429039,1,Jalahalli,1.08053705,0,0,0,0,1,0,1,0,0,0,0,0,0,0,0,0,0,0,0,0,0,0,0,0,0,0,0,1
13.0505856,77.542888,1,Jalahalli,5.65005935,0,0,0,0,1,0,1,0,0,0,0,0,0,0,0,0,0,0,0,0,0,0,0,0,0,0,0,1
12.9734924,77.5800572,1,Upparpet,25.400898083333335,0,0,0,0,0,1,0,0,1,0,0,0,0,0,0,0,0,0,0,0,0,0,0,0,0,0,0,2
13.0196287,77.5323874,1,Rajajinagar,90.36818116666667,0,0,0,0,1,0,1,0,0,0,0,0,0,0,0,0,0,0,0,0,0,0,0,0,0,0,0,1
13.0547137,77.5360817,1,Jalahalli,2.2148222166666667,0,0,0,0,1,0,1,0,0,0,0,0,0,0,0,0,0,0,0,0,0,0,0,0,0,0,0,1
13.0102206,77.5805164,1,Sadashivanagar,2.9933802,0,0,0,0,1,0,1,0,0,0,0,0,0,0,0,0,0,0,0,0,0,0,0,0,0,0,0,1
12.9600517,77.5158133,1,Byatarayanapura,86.31497898333333,0,0,0,0,0,1,0,0,0,1,0,0,0,0,0,0,0,0,0,0,0,0,0,0,0,0,0,1
12.8970624,77.5999432,3,Mico Layout,122.30917251666666,0,0,0,0,0,1,0,0,1,0,0,0,0,0,0,0,0,0,0,0,0,0,0,0,0,0,0,1
13.0325272,77.5744129,1,Kodigehalli,360.0,0,0,0,0,1,0,1,0,0,0,0,0,0,0,0,0,0,0,0,0,0,0,0,0,0,0,0,1
13.0324833,77.5743917,1,Kodigehalli,360.0,0,0,0,0,1,0,1,0,0,0,0,0,0,0,0,0,0,0,0,0,0,0,0,0,0,0,0,1
13.0272314,77.5779974,1,Kodigehalli,360.0,0,0,0,0,1,0,1,0,0,0,0,0,0,0,0,0,0,0,0,0,0,0,0,0,0,0,0,1
13.0277221,77.574755,1,Sadashivanagar,3.84088875,0,0,0,0,1,0,1,0,0,0,0,0,0,0,0,0,0,0,0,0,0,0,0,0,0,0,0,1
13.01293275,77.69960033,1,K.R. Pura,21.402474516666665,0,0,0,0,0,1,0,0,0,1,0,0,0,0,0,0,0,0,0,0,0,0,0,0,0,0,0,1
12.9995738,77.5839076,3,Sadashivanagar,95.43600070000001,0,0,0,0,0,1,0,0,1,0,0,0,0,0,0,0,0,0,0,0,0,0,0,0,0,0,0,2
12.985619,77.5252572,3,Kamakshipalya,134.74435643333334,0,0,0,0,0,1,0,0,0,0,0,1,0,0,0,0,0,0,0,0,0,0,0,0,0,0,0,1
12.9798655,77.5925818,3,Cubbon Park,172.854602,0,0,0,0,0,1,0,0,1,0,0,0,0,0,0,0,0,0,0,0,0,0,0,0,0,0,0,1
13.0276869,77.5747595,1,Sadashivanagar,1.8546648166666666,0,0,0,0,1,0,1,0,0,0,0,0,0,0,0,0,0,0,0,0,0,0,0,0,0,0,0,1
13.0281595,77.5809735,1,Kodigehalli,360.0,0,0,0,0,1,0,1,0,0,0,0,0,0,0,0,0,0,0,0,0,0,0,0,0,0,0,0,1
13.0036787,77.5834546,3,Sadashivanagar,155.99637861666668,0,0,0,0,0,1,0,0,0,0,0,0,0,0,0,0,1,0,0,0,0,0,0,0,0,0,0,1
12.957204,77.5522497,3,Chamarajpet,137.64150461666668,0,0,0,0,0,1,0,1,0,0,0,0,0,0,0,0,0,0,0,0,0,0,0,0,0,0,0,1
13.0160943,77.5627199,3,Sadashivanagar,160.2333548,0,0,0,0,0,1,0,0,0,0,0,0,0,0,0,1,0,0,0,0,0,0,0,0,0,0,0,1
12.9650958,77.5840776,3,Halasuru Gate,157.05064361666666,0,0,0,0,0,1,0,0,0,1,0,0,0,0,0,0,0,0,0,0,0,0,0,0,0,0,0,1
12.9176787,77.5766477,1,Jayanagara,133.85913341666665,0,0,0,0,0,1,0,0,1,0,0,0,0,0,0,0,0,0,0,0,0,0,0,0,0,0,0,1
13.1159263,77.6074683,3,Yelahanka,1.8602064833333332,0,0,0,0,0,1,0,0,0,0,0,0,0,1,0,0,0,0,0,0,0,0,0,0,0,0,0,2
12.95385622,77.54328959,3,Byatarayanapura,133.9910949,0,0,0,0,0,1,0,0,0,0,0,1,0,0,0,0,0,0,0,0,0,0,0,0,0,0,0,1
13.0570638,77.4713644,1,No Police Station,134.38441688333333,0,0,0,0,0,1,0,0,0,0,0,1,0,0,0,0,0,0,0,0,0,0,0,0,0,0,0,1
12.9216517,77.6605383,3,Bellandur,126.87731491666666,0,0,0,0,0,1,0,0,0,1,0,0,0,0,0,0,0,0,0,0,0,0,0,0,0,0,0,1
12.8583284,77.5894205,3,Hulimavu,179.12665909999998,1,0,0,0,0,0,1,0,0,0,0,0,0,0,0,0,0,0,0,0,0,0,0,0,0,0,0,1
12.9639479,77.5839256,3,Halasuru Gate,163.11484375,0,0,0,0,0,1,0,0,1,0,0,0,0,0,0,0,0,0,0,0,0,0,0,0,0,0,0,1
12.9146741,77.5683331,3,K.S. Layout,175.66196033333333,0,0,0,0,0,1,0,0,0,0,0,0,0,1,0,0,0,0,0,0,0,0,0,0,0,0,0,1
12.9570122,77.6986845,3,HAL Old Airport,14.215710583333333,0,0,0,0,0,1,0,0,1,0,0,0,0,0,0,0,0,0,0,0,0,0,0,0,0,0,0,2
12.9383414,77.7455907,1,Whitefield,30.141555516666664,0,0,0,0,0,1,0,0,0,0,0,0,1,0,0,0,0,0,0,0,0,0,0,0,0,0,0,1
12.965224,77.5124798,1,Jnanabharathi,39.16560811666667,0,0,0,0,0,1,0,0,0,0,0,0,0,0,0,0,1,0,0,0,0,0,0,0,0,0,0,1
12.9861104,77.5892071,3,High ground,35.277599050000006,0,0,0,0,0,1,0,0,0,0,0,0,1,0,0,0,0,0,0,0,0,0,0,0,0,0,0,1
13.1406527,77.5695124,1,No Police Station,159.68157638333332,0,0,0,0,0,1,0,0,1,0,0,0,0,0,0,0,0,0,0,0,0,0,0,0,0,0,0,1
13.1408967,77.5694508,1,No Police Station,157.82754136666665,0,0,0,0,0,1,0,0,1,0,0,0,0,0,0,0,0,0,0,0,0,0,0,0,0,0,0,1
13.1160235,77.6073817,3,Yelahanka,144.0918697333333,0,0,0,0,0,1,0,0,0,0,0,0,0,1,0,0,0,0,0,0,0,0,0,0,0,0,0,1
12.96239447,77.76940255,1,Whitefield,165.71810545000002,0,0,1,0,0,0,1,0,0,0,0,0,0,0,0,0,0,0,0,0,0,0,0,0,0,0,0,1
13.0260439,77.5442079,3,Yeshwanthpura,112.07015633333334,0,0,0,0,0,1,0,0,1,0,0,0,0,0,0,0,0,0,0,0,0,0,0,0,0,0,0,1
12.9443371,77.5678074,1,Basavanagudi,11.012694100000001,0,0,0,0,1,0,1,0,0,0,0,0,0,0,0,0,0,0,0,0,0,0,0,0,0,0,0,1
13.161945,77.6274033,3,Chikkajala,61.258163683333336,1,0,0,0,0,0,1,0,0,0,0,0,0,0,0,0,0,0,0,0,0,0,0,0,0,0,0,1
12.9820506,77.5321894,3,Kamakshipalya,142.6605527,0,0,0,0,0,1,0,0,1,0,0,0,0,0,0,0,0,0,0,0,0,0,0,0,0,0,0,1
12.9369558,77.5797813,1,Basavanagudi,141.63526753333332,0,0,0,0,0,1,0,0,1,0,0,0,0,0,0,0,0,0,0,0,0,0,0,0,0,0,0,1
12.93699,77.5798083,1,Basavanagudi,136.46582,0,0,0,0,0,1,0,0,1,0,0,0,0,0,0,0,0,0,0,0,0,0,0,0,0,0,0,1
12.9951275,77.7578422,1,Mahadevapura,21.601343216666667,0,0,0,0,0,1,0,0,0,0,0,1,0,0,0,0,0,0,0,0,0,0,0,0,0,0,0,1
12.8360783,77.679235,1,Electronic City,155.13445791666666,0,0,0,0,0,1,0,0,1,0,0,0,0,0,0,0,0,0,0,0,0,0,0,0,0,0,0,1
13.0418026,77.5474441,3,Jalahalli,123.6661835,0,0,0,0,0,1,0,0,1,0,0,0,0,0,0,0,0,0,0,0,0,0,0,0,0,0,0,1
13.0045216,77.7164596,1,K.R. Pura,154.66109703333333,0,0,0,0,0,1,0,0,0,0,0,0,0,0,1,0,0,0,0,0,0,0,0,0,0,0,0,1
12.9543734,77.5441065,3,Byatarayanapura,2.5509378833333334,0,0,0,0,0,1,0,0,0,1,0,0,0,0,0,0,0,0,0,0,0,0,0,0,0,0,0,1
13.05316235,77.59373274,3,Kodigehalli,151.3633766833333,0,0,0,0,0,1,0,0,0,0,0,0,1,0,0,0,0,0,0,0,0,0,0,0,0,0,0,2
13.0447324,77.5828697,3,Kodigehalli,175.20564331666668,0,1,0,0,0,0,1,0,0,0,0,0,0,0,0,0,0,0,0,0,0,0,0,0,0,0,0,1
12.9871709,77.5200482,3,Kamakshipalya,147.654603,0,0,0,0,0,1,0,0,0,1,0,0,0,0,0,0,0,0,0,0,0,0,0,0,0,0,0,1
12.9365181,77.5179052,3,Byatarayanapura,135.07511813333335,0,0,0,0,0,1,0,0,0,0,0,0,0,1,0,0,0,0,0,0,0,0,0,0,0,0,0,1
13.0621394,77.5932486,3,Kodigehalli,138.36629783333333,0,0,0,0,0,1,0,0,0,0,0,0,0,0,0,1,0,0,0,0,0,0,0,0,0,0,0,2
13.0440965,77.5554773,3,Jalahalli,164.76844843333336,0,0,0,0,0,1,0,0,0,1,0,0,0,0,0,0,0,0,0,0,0,0,0,0,0,0,0,1
13.0287453,77.5401306,3,Yeshwanthpura,25.809777583333336,0,0,0,0,0,1,0,0,0,1,0,0,0,0,0,0,0,0,0,0,0,0,0,0,0,0,0,2
13.0413355,77.5389873,1,Jalahalli,154.33442935,0,0,0,0,0,1,0,0,0,0,0,0,1,0,0,0,0,0,0,0,0,0,0,0,0,0,0,1
12.9617137,77.6353462,1,Halasur,141.52885811666664,0,0,0,0,0,1,0,0,0,1,0,0,0,0,0,0,0,0,0,0,0,0,0,0,0,0,0,1
13.0483937,77.4989565,1,Chikkabanavara,143.66383616666664,0,0,0,0,0,1,0,0,1,0,0,0,0,0,0,0,0,0,0,0,0,0,0,0,0,0,0,1
12.9869092,77.6484221,3,Banaswadi,128.75527346666667,0,0,0,0,0,1,0,0,0,0,0,0,1,0,0,0,0,0,0,0,0,0,0,0,0,0,0,1
12.9904696,77.661559,1,Banaswadi,28.983407083333336,0,0,0,0,1,0,1,0,0,0,0,0,0,0,0,0,0,0,0,0,0,0,0,0,0,0,0,1
12.8787483,77.6439017,3,Hulimavu,79.42854783333334,1,0,0,0,0,0,1,0,0,0,0,0,0,0,0,0,0,0,0,0,0,0,0,0,0,0,0,1
12.9170075,77.5854234,1,Jayanagara,40.9466631,0,0,0,0,0,1,0,0,0,0,0,1,0,0,0,0,0,0,0,0,0,0,0,0,0,0,0,1
12.9251681,77.6267651,1,Adugodi,141.5918242,0,0,0,0,0,1,0,0,0,1,0,0,0,0,0,0,0,0,0,0,0,0,0,0,0,0,0,2
12.9365169,77.5179384,3,Byatarayanapura,156.02939041666664,0,0,0,0,0,1,0,0,0,1,0,0,0,0,0,0,0,0,0,0,0,0,0,0,0,0,0,1
13.0255459,77.5809944,1,Sadashivanagar,127.28807688333333,0,0,0,0,0,1,0,0,0,0,0,0,0,0,1,0,0,0,0,0,0,0,0,0,0,0,0,1
12.9984087,77.5844014,3,Sadashivanagar,131.1375467,0,0,0,0,0,1,0,0,1,0,0,0,0,0,0,0,0,0,0,0,0,0,0,0,0,0,0,1
13.0255587,77.5809615,1,Sadashivanagar,125.33041413333333,0,0,0,0,0,1,0,0,0,0,0,0,0,0,1,0,0,0,0,0,0,0,0,0,0,0,0,1
12.9801535,77.6126505,3,Shivajinagar,56.14068003333333,0,0,0,0,1,0,1,0,0,0,0,0,0,0,0,0,0,0,0,0,0,0,0,0,0,0,0,1
12.9642872,77.5855534,3,Halasuru Gate,177.74242685,0,0,0,0,0,1,0,0,0,0,0,0,0,0,1,0,0,0,0,0,0,0,0,0,0,0,0,2
13.02274,77.7144067,1,K.R. Pura,24.558310283333334,0,0,0,0,0,1,0,0,0,0,0,0,0,0,0,0,1,0,0,0,0,0,0,0,0,0,0,2
12.9253594,77.6198186,3,Madiwala,122.46730586666666,0,0,0,0,0,1,0,0,1,0,0,0,0,0,0,0,0,0,0,0,0,0,0,0,0,0,0,1
12.9644827,77.5855641,3,Halasuru Gate,76.01981826666666,0,0,0,0,0,1,0,0,0,0,0,0,0,0,1,0,0,0,0,0,0,0,0,0,0,0,0,1
12.9270085,77.5929782,1,Jayanagara,180.0,1,0,0,0,0,0,1,0,0,0,0,0,0,0,0,0,0,0,0,0,0,0,0,0,0,0,0,1
13.057985,77.4687006,1,Chikkabanavara,161.90063636666667,0,0,0,0,0,1,0,0,0,0,0,1,0,0,0,0,0,0,0,0,0,0,0,0,0,0,0,1
12.9768317,77.5992352,3,Cubbon Park,150.08867266666667,0,0,0,0,0,1,0,0,0,0,0,0,1,0,0,0,0,0,0,0,0,0,0,0,0,0,0,2
12.9680124,77.5924224,3,Halasuru Gate,180.0,0,0,0,0,0,1,0,0,0,0,0,1,0,0,0,0,0,0,0,0,0,0,0,0,0,0,0,1
13.0983514,77.5966546,3,Yelahanka,132.84111923333333,0,0,0,0,0,1,0,0,1,0,0,0,0,0,0,0,0,0,0,0,0,0,0,0,0,0,0,1
13.0642359,77.4548054,1,Chikkabanavara,27.298359316666666,0,0,0,0,0,1,0,0,0,1,0,0,0,0,0,0,0,0,0,0,0,0,0,0,0,0,0,2
13.0990637,77.5850456,1,Yelahanka,166.51508978333334,0,0,1,0,0,0,1,0,0,0,0,0,0,0,0,0,0,0,0,0,0,0,0,0,0,0,0,1
13.0953378,77.579604,1,Yelahanka,19.6133014,0,0,0,0,0,1,0,0,1,0,0,0,0,0,0,0,0,0,0,0,0,0,0,0,0,0,0,1
13.0161342,77.5623277,3,Yeshwanthpura,22.866417416666664,0,0,0,0,0,1,0,0,1,0,0,0,0,0,0,0,0,0,0,0,0,0,0,0,0,0,0,1
12.9681141,77.5873478,3,Halasuru Gate,4.514547266666667,0,0,0,0,0,1,0,0,0,0,1,0,0,0,0,0,0,0,0,0,0,0,0,0,0,0,0,1
12.9837761,77.5884101,3,Cubbon Park,65.88227233333333,0,0,0,0,0,1,0,0,0,1,0,0,0,0,0,0,0,0,0,0,0,0,0,0,0,0,0,1
13.0442013,77.509795,3,Peenya,163.56371378333333,0,0,0,0,0,1,0,0,1,0,0,0,0,0,0,0,0,0,0,0,0,0,0,0,0,0,0,1
12.9153923,77.569002,3,K.S. Layout,129.21355405,0,0,0,0,0,1,0,0,1,0,0,0,0,0,0,0,0,0,0,0,0,0,0,0,0,0,0,1
12.9154089,77.5690295,1,K.S. Layout,123.21328145000001,0,0,0,0,0,1,0,0,1,0,0,0,0,0,0,0,0,0,0,0,0,0,0,0,0,0,0,1
13.057764,77.5879587,1,Kodigehalli,4.926016133333333,0,0,0,0,1,0,1,0,0,0,0,0,0,0,0,0,0,0,0,0,0,0,0,0,0,0,0,1
12.9890452,77.5075876,3,Kamakshipalya,65.73336365,0,0,0,0,0,1,0,0,1,0,0,0,0,0,0,0,0,0,0,0,0,0,0,0,0,0,0,1
13.0992955,77.597136,3,Yelahanka,151.27772693333333,0,0,0,0,0,1,0,0,1,0,0,0,0,0,0,0,0,0,0,0,0,0,0,0,0,0,0,1
13.041915,77.6136583,3,K.G. Halli,136.41212136666667,0,0,0,0,0,1,0,0,0,0,0,1,0,0,0,0,0,0,0,0,0,0,0,0,0,0,0,1
12.9312087,77.6232367,3,Adugodi,21.22906456666667,0,0,0,0,1,0,1,0,0,0,0,0,0,0,0,0,0,0,0,0,0,0,0,0,0,0,0,1
13.0816844,77.5482041,1,Yelahanka,61.2069801,0,0,0,0,0,1,0,0,1,0,0,0,0,0,0,0,0,0,0,0,0,0,0,0,0,0,0,1
12.9120476,77.5996724,3,J.P. Nagar,184.53472881666667,0,0,0,0,1,0,1,0,0,0,0,0,0,0,0,0,0,0,0,0,0,0,0,0,0,0,0,1
12.941638,77.5982188,1,Wilson Garden,16.979280016666667,0,0,0,0,1,0,1,0,0,0,0,0,0,0,0,0,0,0,0,0,0,0,0,0,0,0,0,1
12.9244997,77.5513424,3,Banashankari,72.61775473333334,0,0,0,0,1,0,1,0,0,0,0,0,0,0,0,0,0,0,0,0,0,0,0,0,0,0,0,1
12.9309026,77.580145,1,Jayanagara,96.0607281,0,0,0,0,1,0,1,0,0,0,0,0,0,0,0,0,0,0,0,0,0,0,0,0,0,0,0,1
12.9163366,77.5858368,1,J.P. Nagar,360.0,0,0,0,0,1,0,1,0,0,0,0,0,0,0,0,0,0,0,0,0,0,0,0,0,0,0,0,1
13.0987617,77.598905,3,Yelahanka,169.81861326666666,0,0,0,0,0,1,0,0,0,1,0,0,0,0,0,0,0,0,0,0,0,0,0,0,0,0,0,2
12.9846318,77.5882394,3,High ground,140.35354873333333,0,0,0,0,0,1,0,0,0,1,0,0,0,0,0,0,0,0,0,0,0,0,0,0,0,0,0,1
13.064047,77.6506642,1,Hennuru,127.29510553333333,0,0,0,0,0,1,0,0,0,1,0,0,0,0,0,0,0,0,0,0,0,0,0,0,0,0,0,1
13.0220034,77.6028341,1,R.T. Nagar,179.29378981666665,0,0,0,0,0,1,0,0,1,0,0,0,0,0,0,0,0,0,0,0,0,0,0,0,0,0,0,1
12.941473,77.5974971,1,Wilson Garden,32.297003716666666,0,0,0,0,0,1,0,0,0,0,1,0,0,0,0,0,0,0,0,0,0,0,0,0,0,0,0,1
12.9467539,77.5982464,1,Wilson Garden,7.872305483333333,0,0,0,0,1,0,1,0,0,0,0,0,0,0,0,0,0,0,0,0,0,0,0,0,0,0,0,1
12.9354269,77.6087904,3,Mico Layout,360.0,0,0,0,0,1,0,1,0,0,0,0,0,0,0,0,0,0,0,0,0,0,0,0,0,0,0,0,1
12.9119883,77.6242867,3,Madiwala,5.911613933333333,0,0,0,0,1,0,1,0,0,0,0,0,0,0,0,0,0,0,0,0,0,0,0,0,0,0,0,1
12.9372981,77.6175611,1,Adugodi,5.438897766666667,0,0,0,0,1,0,1,0,0,0,0,0,0,0,0,0,0,0,0,0,0,0,0,0,0,0,0,1
12.9846079,77.6223905,1,Halasur,360.0,0,0,0,0,1,0,1,0,0,0,0,0,0,0,0,0,0,0,0,0,0,0,0,0,0,0,0,1
12.9102602,77.5903258,1,J.P. Nagar,360.0,0,0,0,0,1,0,1,0,0,0,0,0,0,0,0,0,0,0,0,0,0,0,0,0,0,0,0,1
12.87414,77.646303,3,Electronic City,3.8499012833333333,0,0,0,0,1,0,1,0,0,0,0,0,0,0,0,0,0,0,0,0,0,0,0,0,0,0,0,1
12.8741282,77.6462947,3,Electronic City,3.15620885,0,0,0,0,1,0,1,0,0,0,0,0,0,0,0,0,0,0,0,0,0,0,0,0,0,0,0,1
12.9121101,77.5997927,3,J.P. Nagar,2.5331485999999996,0,0,0,0,1,0,1,0,0,0,0,0,0,0,0,0,0,0,0,0,0,0,0,0,0,0,0,1
12.9103666,77.5921255,1,J.P. Nagar,4.817012433333333,0,0,0,0,1,0,1,0,0,0,0,0,0,0,0,0,0,0,0,0,0,0,0,0,0,0,0,1
12.9164137,77.5868034,1,J.P. Nagar,10.972929599999999,0,0,0,0,1,0,1,0,0,0,0,0,0,0,0,0,0,0,0,0,0,0,0,0,0,0,0,1
12.9436591,77.5759531,1,Basavanagudi,360.0,0,0,0,0,1,0,1,0,0,0,0,0,0,0,0,0,0,0,0,0,0,0,0,0,0,0,0,1
13.0106945,77.5837221,3,Sadashivanagar,48.2565839,0,0,0,0,0,1,0,0,0,0,1,0,0,0,0,0,0,0,0,0,0,0,0,0,0,0,0,1
12.964882,77.5924515,3,Halasuru Gate,133.36236911666666,0,0,0,0,0,1,0,0,0,0,1,0,0,0,0,0,0,0,0,0,0,0,0,0,0,0,0,2
12.9070673,77.5919415,3,J.P. Nagar,3.5296479499999998,0,0,0,0,1,0,1,0,0,0,0,0,0,0,0,0,0,0,0,0,0,0,0,0,0,0,0,1
13.0521451,77.5516972,1,Jalahalli,126.74682433333334,0,0,0,0,0,1,0,0,0,0,0,0,1,0,0,0,0,0,0,0,0,0,0,0,0,0,0,1
12.9530009,77.5416403,3,Byatarayanapura,180.0,0,0,0,0,0,1,0,0,0,0,0,0,1,0,0,0,0,0,0,0,0,0,0,0,0,0,0,1
13.1388684,77.6176156,3,Chikkajala,178.38514948333335,0,0,0,0,0,1,0,0,0,1,0,0,0,0,0,0,0,0,0,0,0,0,0,0,0,0,0,1
12.9796296,77.5730138,1,Upparpet,166.78037003333333,0,0,0,0,0,1,0,0,0,0,0,0,0,1,0,0,0,0,0,0,0,0,0,0,0,0,0,1
12.9217602,77.6616562,3,Bellandur,132.49707815,0,0,0,0,0,1,0,0,1,0,0,0,0,0,0,0,0,0,0,0,0,0,0,0,0,0,0,1
12.8386875,77.6778382,1,Electronic City,45.58134771666666,0,0,0,0,0,1,0,0,0,0,0,1,0,0,0,0,0,0,0,0,0,0,0,0,0,0,0,1
12.930675,77.5823783,1,Jayanagara,300.69633755,0,0,0,0,1,0,1,0,0,0,0,0,0,0,0,0,0,0,0,0,0,0,0,0,0,0,0,1
12.9832559,77.7521729,1,Whitefield,159.52467975,0,0,0,0,0,1,0,0,0,1,0,0,0,0,0,0,0,0,0,0,0,0,0,0,0,0,0,1
12.9792611,77.5728382,1,Upparpet,130.87718685,0,0,0,0,0,1,0,0,0,0,0,0,0,1,0,0,0,0,0,0,0,0,0,0,0,0,0,2
13.0977395,77.598857,3,Yelahanka,170.49242291666667,0,0,0,0,0,1,0,0,0,1,0,0,0,0,0,0,0,0,0,0,0,0,0,0,0,0,0,1
12.9831083,77.7521217,1,Whitefield,157.00089131666667,0,0,0,0,0,1,0,0,0,1,0,0,0,0,0,0,0,0,0,0,0,0,0,0,0,0,0,1
12.9985488,77.6722604,1,Banaswadi,176.44136471666667,0,0,0,0,0,1,0,0,0,0,0,0,0,0,0,0,1,0,0,0,0,0,0,0,0,0,0,1
12.9833988,77.752178,1,Whitefield,161.53723061666668,0,0,0,0,0,1,0,0,0,1,0,0,0,0,0,0,0,0,0,0,0,0,0,0,0,0,0,1
12.9491715,77.5738514,1,V.V.Puram (C.Pet),80.79589445,1,0,0,0,0,0,1,0,0,0,0,0,0,0,0,0,0,0,0,0,0,0,0,0,0,0,0,3
12.9999679,77.5514594,3,Malleshwaram,155.89571066666667,0,0,0,0,1,0,1,0,0,0,0,0,0,0,0,0,0,0,0,0,0,0,0,0,0,0,0,1
13.0121435,77.5838004,3,Sadashivanagar,180.0,0,0,0,0,0,1,0,0,0,0,0,0,1,0,0,0,0,0,0,0,0,0,0,0,0,0,0,2
13.0977567,77.5653667,1,Yelahanka,180.0,0,0,0,0,0,1,0,0,1,0,0,0,0,0,0,0,0,0,0,0,0,0,0,0,0,0,0,1
12.9299412,77.6008256,3,Mico Layout,126.95406005,0,0,0,0,0,1,0,0,0,0,0,0,0,0,1,0,0,0,0,0,0,0,0,0,0,0,0,2
12.9858383,77.5266197,3,Kamakshipalya,162.35013410000002,0,0,0,0,0,1,0,0,0,0,0,1,0,0,0,0,0,0,0,0,0,0,0,0,0,0,0,1
12.9298884,77.6003726,3,Jayanagara,152.73710878333335,0,0,0,0,0,1,0,0,0,0,0,0,0,0,1,0,0,0,0,0,0,0,0,0,0,0,0,2
13.0550354,77.5350403,1,Jalahalli,129.73180456666668,0,0,0,0,0,1,0,0,1,0,0,0,0,0,0,0,0,0,0,0,0,0,0,0,0,0,0,1
12.9480688,77.5349619,3,Byatarayanapura,26.13505413333333,0,0,0,0,0,1,0,0,0,0,0,0,1,0,0,0,0,0,0,0,0,0,0,0,0,0,0,1
12.9421468,77.5711553,1,Basavanagudi,360.0,0,0,0,0,1,0,1,0,0,0,0,0,0,0,0,0,0,0,0,0,0,0,0,0,0,0,0,1
13.0148804,77.572462,1,Sadashivanagar,111.93679301666666,1,0,0,0,0,0,1,0,0,0,0,0,0,0,0,0,0,0,0,0,0,0,0,0,0,0,0,1
13.0200674,77.6523259,3,Banaswadi,148.9491598666667,0,0,0,0,0,1,0,0,0,0,0,0,1,0,0,0,0,0,0,0,0,0,0,0,0,0,0,1
13.0387689,77.5897605,3,Hebbala,167.65477324999998,0,0,0,0,0,1,0,0,0,0,0,0,1,0,0,0,0,0,0,0,0,0,0,0,0,0,0,1
12.9723001,77.6196211,3,Halasur,35.63385138333333,0,0,0,0,0,1,0,0,0,0,1,0,0,0,0,0,0,0,0,0,0,0,0,0,0,0,0,1
12.9804811,77.6073994,3,Shivajinagar,152.14224496666665,0,0,0,0,0,1,0,0,0,0,0,1,0,0,0,0,0,0,0,0,0,0,0,0,0,0,0,1
13.0299924,77.5369243,3,Yeshwanthpura,14.8788692,0,0,0,0,0,1,0,0,0,1,0,0,0,0,0,0,0,0,0,0,0,0,0,0,0,0,0,1
12.9253285,77.5498467,3,Banashankari,134.70333405,0,0,0,0,0,1,0,0,0,0,0,1,0,0,0,0,0,0,0,0,0,0,0,0,0,0,0,1
13.0142196,77.5653114,3,Yeshwanthpura,128.14574973333333,0,0,0,0,0,1,0,0,0,0,0,0,0,0,1,0,0,0,0,0,0,0,0,0,0,0,0,1
13.0388688,77.5894836,3,Kodigehalli,165.61519518333336,0,0,0,0,0,1,0,0,0,0,0,0,1,0,0,0,0,0,0,0,0,0,0,0,0,0,0,1
12.9831191,77.6034186,1,Shivajinagar,156.92555253333333,0,0,0,0,0,1,0,0,1,0,0,0,0,0,0,0,0,0,0,0,0,0,0,0,0,0,0,1
13.004029,77.5712718,1,Malleshwaram,10.893157416666666,0,0,0,0,0,1,0,0,1,0,0,0,0,0,0,0,0,0,0,0,0,0,0,0,0,0,0,1
12.9571937,77.573942,1,V.V.Puram (C.Pet),48.53696371666667,0,0,0,0,0,1,0,0,1,0,0,0,0,0,0,0,0,0,0,0,0,0,0,0,0,0,0,1
12.9666429,77.6085336,3,Ashok Nagar,58.50245235,0,0,0,0,0,1,0,0,0,0,0,1,0,0,0,0,0,0,0,0,0,0,0,0,0,0,0,2
12.9649958,77.5967913,3,Cubbon Park,151.9969857,0,0,0,0,0,1,0,0,1,0,0,0,0,0,0,0,0,0,0,0,0,0,0,0,0,0,0,2
12.9891178,77.5076543,3,Kamakshipalya,156.54986288333333,0,0,0,0,0,1,0,0,1,0,0,0,0,0,0,0,0,0,0,0,0,0,0,0,0,0,0,1
12.9601628,77.5135096,1,Jnanabharathi,124.96936523333333,0,0,0,0,0,1,0,0,0,1,0,0,0,0,0,0,0,0,0,0,0,0,0,0,0,0,0,1
12.9731014,77.6091244,3,Ashok Nagar,137.55095676666667,0,0,0,0,0,1,0,0,0,0,0,1,0,0,0,0,0,0,0,0,0,0,0,0,0,0,0,2
12.8995018,77.5581114,1,K.S. Layout,55.841312583333334,0,0,0,0,1,0,1,0,0,0,0,0,0,0,0,0,0,0,0,0,0,0,0,0,0,0,0,1
13.017694,77.6448398,1,Banaswadi,11.53856295,0,0,0,0,1,0,1,0,0,0,0,0,0,0,0,0,0,0,0,0,0,0,0,0,0,0,0,1
13.0141196,77.5730206,1,Sadashivanagar,44.1921915,0,0,0,0,1,0,1,0,0,0,0,0,0,0,0,0,0,0,0,0,0,0,0,0,0,0,0,3
13.0189786,77.5592937,3,Yeshwanthpura,360.0,0,0,0,0,1,0,1,0,0,0,0,0,0,0,0,0,0,0,0,0,0,0,0,0,0,0,0,1
13.0154232,77.642388,1,Banaswadi,2.5456718,0,0,0,0,1,0,1,0,0,0,0,0,0,0,0,0,0,0,0,0,0,0,0,0,0,0,0,1
12.9650153,77.5967888,3,Cubbon Park,148.20388741666665,0,0,0,0,0,1,0,0,1,0,0,0,0,0,0,0,0,0,0,0,0,0,0,0,0,0,0,2
12.8623361,77.5169747,1,Thalagattapura,83.81972428333333,1,0,0,0,0,0,1,0,0,0,0,0,0,0,0,0,0,0,0,0,0,0,0,0,0,0,0,1
12.9225293,77.5187051,1,Kengeri,44.9860439,0,0,0,0,1,0,1,0,0,0,0,0,0,0,0,0,0,0,0,0,0,0,0,0,0,0,0,1
13.0335198,77.5581582,1,Yeshwanthpura,64.03180449999999,0,0,0,0,1,0,1,0,0,0,0,0,0,0,0,0,0,0,0,0,0,0,0,0,0,0,0,1
13.0050772,77.569096,1,Malleshwaram,77.13955258333334,0,0,0,0,1,0,1,0,0,0,0,0,0,0,0,0,0,0,0,0,0,0,0,0,0,0,0,1
13.0281748,77.5360795,3,Yeshwanthpura,16.6484411,0,0,0,0,0,1,0,0,0,0,0,1,0,0,0,0,0,0,0,0,0,0,0,0,0,0,0,1
12.856311,77.6644834,1,Electronic City,153.16087095,0,0,0,0,0,1,0,0,0,1,0,0,0,0,0,0,0,0,0,0,0,0,0,0,0,0,0,2
12.961388,77.7014929,3,HAL Old Airport,153.69943333333333,0,0,0,0,0,1,0,0,0,1,0,0,0,0,0,0,0,0,0,0,0,0,0,0,0,0,0,1
12.976427,77.5866312,1,Halasuru Gate,169.55343665,0,0,0,0,0,1,0,0,0,0,0,0,0,0,1,0,0,0,0,0,0,0,0,0,0,0,0,1
12.9623047,77.5935595,1,Halasuru Gate,177.36116325,0,0,0,0,0,1,0,0,1,0,0,0,0,0,0,0,0,0,0,0,0,0,0,0,0,0,0,1
12.9728222,77.5690057,1,Chamarajpet,170.93912768333334,0,0,0,0,0,1,0,0,0,0,0,0,0,1,0,0,0,0,0,0,0,0,0,0,0,0,0,2
13.0077853,77.575963,1,Sadashivanagar,142.51031981666665,0,0,0,0,0,1,0,0,0,0,0,0,0,0,1,0,0,0,0,0,0,0,0,0,0,0,0,2
12.99308197,77.70532632,1,Mahadevapura,15.931807983333334,0,0,0,0,0,1,0,0,0,1,0,0,0,0,0,0,0,0,0,0,0,0,0,0,0,0,0,1
12.9838286,77.6398503,3,Jeevanbheemanagar,35.37574233333333,0,0,0,0,0,1,0,0,0,0,0,0,1,0,0,0,0,0,0,0,0,0,0,0,0,0,0,1
12.9756011,77.6167012,3,Halasur,21.099181166666664,0,0,0,0,0,1,0,0,0,0,0,0,1,0,0,0,0,0,0,0,0,0,0,0,0,0,0,1
12.9756407,77.6167078,3,Halasur,54.21143968333333,0,0,0,0,1,0,1,0,0,0,0,0,0,0,0,0,0,0,0,0,0,0,0,0,0,0,0,1
13.0491629,77.4965455,1,Chikkabanavara,153.3027716,0,0,0,0,0,1,0,0,0,0,0,1,0,0,0,0,0,0,0,0,0,0,0,0,0,0,0,1
12.9748815,77.5867564,1,Halasuru Gate,136.88785893333335,0,0,0,0,0,1,0,0,0,0,0,0,0,1,0,0,0,0,0,0,0,0,0,0,0,0,0,1
13.0074652,77.5662988,1,Malleshwaram,38.38311856666667,0,0,0,0,1,0,1,0,0,0,0,0,0,0,0,0,0,0,0,0,0,0,0,0,0,0,0,1
12.9608456,77.5133151,1,Jnanabharathi,48.38570516666667,0,0,0,0,0,1,0,0,1,0,0,0,0,0,0,0,0,0,0,0,0,0,0,0,0,0,0,2
12.9239154,77.5765203,1,Banashankari,360.0,0,0,0,0,1,0,1,0,0,0,0,0,0,0,0,0,0,0,0,0,0,0,0,0,0,0,0,1
12.958101,77.605949,3,Ashok Nagar,167.70299585,0,0,0,0,0,1,0,0,0,0,0,0,1,0,0,0,0,0,0,0,0,0,0,0,0,0,0,1
12.8746583,77.542115,1,Thalagattapura,129.37261915000002,0,0,0,0,0,1,0,0,0,1,0,0,0,0,0,0,0,0,0,0,0,0,0,0,0,0,0,1
12.9792233,77.6025466,3,Shivajinagar,93.39061898333333,0,0,0,0,0,1,0,0,0,0,0,0,0,0,1,0,0,0,0,0,0,0,0,0,0,0,0,1
12.9238289,77.5971089,3,Jayanagara,30.045177533333334,0,0,0,0,1,0,1,0,0,0,0,0,0,0,0,0,0,0,0,0,0,0,0,0,0,0,0,1
12.9853419,77.5530597,1,Rajajinagar,156.6815065,0,0,0,0,0,1,0,0,0,0,0,0,1,0,0,0,0,0,0,0,0,0,0,0,0,0,0,1
13.0554915,77.7660135,1,K.R. Pura,153.7583990166667,0,0,0,0,0,1,0,0,0,1,0,0,0,0,0,0,0,0,0,0,0,0,0,0,0,0,0,1
13.0547107,77.7637897,1,K.R. Pura,141.68231923333332,0,0,0,0,0,1,0,0,0,0,0,0,0,0,0,0,1,0,0,0,0,0,0,0,0,0,0,1
12.9640674,77.5855008,3,Halasuru Gate,86.21060556666666,0,0,0,0,0,1,0,0,1,0,0,0,0,0,0,0,0,0,0,0,0,0,0,0,0,0,0,1
12.953133,77.5391544,3,Byatarayanapura,123.15240651666666,0,0,0,0,0,1,0,0,0,0,0,1,0,0,0,0,0,0,0,0,0,0,0,0,0,0,0,1
12.9662734,77.6066971,3,Ashok Nagar,6.64335145,0,0,0,0,1,0,1,0,0,0,0,0,0,0,0,0,0,0,0,0,0,0,0,0,0,0,0,1
13.0124851,77.6163012,1,K.G. Halli,147.77979763333332,0,0,0,0,0,1,0,0,1,0,0,0,0,0,0,0,0,0,0,0,0,0,0,0,0,0,0,1
12.8798387,77.5459388,1,Thalagattapura,13.937764283333333,0,0,0,0,0,1,0,0,0,1,0,0,0,0,0,0,0,0,0,0,0,0,0,0,0,0,0,1
13.0028917,77.5306097,1,Rajajinagar,21.3044091,0,0,0,0,0,1,0,0,0,0,0,1,0,0,0,0,0,0,0,0,0,0,0,0,0,0,0,1
12.9912859,77.6580603,3,Banaswadi,165.95450415,0,0,0,0,0,1,0,0,1,0,0,0,0,0,0,0,0,0,0,0,0,0,0,0,0,0,0,1
12.9380928,77.5214674,3,Byatarayanapura,137.2108371,0,0,0,0,0,1,0,0,0,1,0,0,0,0,0,0,0,0,0,0,0,0,0,0,0,0,0,1
12.9759434,77.5981783,3,Cubbon Park,4.8932101999999995,0,0,0,0,0,1,0,0,0,0,0,0,0,0,0,0,1,0,0,0,0,0,0,0,0,0,0,1
13.0143257,77.5837964,3,Sadashivanagar,62.002885516666666,0,0,0,0,0,1,0,0,0,0,0,0,0,0,1,0,0,0,0,0,0,0,0,0,0,0,0,1
12.8462325,77.6724104,1,Electronic City,16.351039883333335,0,0,0,0,0,1,0,0,0,1,0,0,0,0,0,0,0,0,0,0,0,0,0,0,0,0,0,1
12.9579051,77.5672107,1,Chamarajpet,168.56360656666666,0,0,0,0,0,1,0,0,1,0,0,0,0,0,0,0,0,0,0,0,0,0,0,0,0,0,0,1
12.8437666,77.6880644,1,Electronic City,152.52336361666667,0,0,0,0,0,1,0,0,0,1,0,0,0,0,0,0,0,0,0,0,0,0,0,0,0,0,0,1
13.0351311,77.5269457,3,Peenya,100.47900773333335,0,0,0,0,0,1,0,0,0,1,0,0,0,0,0,0,0,0,0,0,0,0,0,0,0,0,0,2
12.979865,77.5925813,3,Cubbon Park,6.410764866666667,0,0,0,0,0,1,0,0,0,0,0,0,1,0,0,0,0,0,0,0,0,0,0,0,0,0,0,1
12.9424793,77.6228453,1,Adugodi,149.70177753333334,0,0,0,0,0,1,0,0,1,0,0,0,0,0,0,0,0,0,0,0,0,0,0,0,0,0,0,1
12.9550165,77.519709,1,Byatarayanapura,163.33926393333334,0,0,0,0,0,1,0,0,1,0,0,0,0,0,0,0,0,0,0,0,0,0,0,0,0,0,0,1
12.975654,77.5644982,3,Magadi Road,179.1248395833333,0,0,0,0,0,1,0,0,0,0,0,0,1,0,0,0,0,0,0,0,0,0,0,0,0,0,0,2
12.9665476,77.5048771,1,Jnanabharathi,42.76717533333333,0,0,0,0,0,1,0,0,0,1,0,0,0,0,0,0,0,0,0,0,0,0,0,0,0,0,0,3
12.9649488,77.5991014,3,Ashok Nagar,134.91909366666667,0,0,0,0,0,1,0,0,0,0,0,1,0,0,0,0,0,0,0,0,0,0,0,0,0,0,0,1
12.8412305,77.6491021,1,Electronic City,82.94842686666667,0,0,0,0,0,1,0,0,0,0,0,0,0,0,1,0,0,0,0,0,0,0,0,0,0,0,0,1
12.9501237,77.5374664,3,Byatarayanapura,126.8474164,0,0,0,0,0,1,0,0,0,0,0,1,0,0,0,0,0,0,0,0,0,0,0,0,0,0,0,1
13.0122402,77.6991376,1,K.R. Pura,120.75349684999999,0,0,0,0,0,1,0,0,0,1,0,0,0,0,0,0,0,0,0,0,0,0,0,0,0,0,0,2
12.9450423,77.5286271,3,Byatarayanapura,150.97661326666667,0,0,0,0,0,1,0,0,0,1,0,0,0,0,0,0,0,0,0,0,0,0,0,0,0,0,0,1
12.9758565,77.5645404,3,Magadi Road,124.69017306666666,0,0,0,0,0,1,0,0,1,0,0,0,0,0,0,0,0,0,0,0,0,0,0,0,0,0,0,2
13.01762,77.5596867,3,Yeshwanthpura,117.5478197,0,0,0,0,0,1,0,0,1,0,0,0,0,0,0,0,0,0,0,0,0,0,0,0,0,0,0,1
12.9876499,77.5134587,3,Kamakshipalya,82.63382763333334,0,0,0,0,0,1,0,0,0,1,0,0,0,0,0,0,0,0,0,0,0,0,0,0,0,0,0,2
13.0429853,77.5121761,3,Peenya,9.90734335,0,0,0,0,0,1,0,0,0,1,0,0,0,0,0,0,0,0,0,0,0,0,0,0,0,0,0,1
13.0416747,77.5212074,3,Peenya,26.873762566666667,1,0,0,0,0,0,1,0,0,0,0,0,0,0,0,0,0,0,0,0,0,0,0,0,0,0,0,3
12.97058459,77.64127574,3,Jeevanbheemanagar,60.60606776666667,0,0,0,0,0,1,0,0,1,0,0,0,0,0,0,0,0,0,0,0,0,0,0,0,0,0,0,1
13.0282483,77.5862283,3,R.T. Nagar,120.99464721666666,0,0,0,0,0,1,0,0,0,0,0,0,1,0,0,0,0,0,0,0,0,0,0,0,0,0,0,2
12.9637362,77.584069,3,Halasuru Gate,103.61959628333334,0,0,0,0,0,1,0,0,0,0,0,1,0,0,0,0,0,0,0,0,0,0,0,0,0,0,0,1
13.0056626,77.5799769,1,Sadashivanagar,53.07258183333333,0,0,0,0,1,0,1,0,0,0,0,0,0,0,0,0,0,0,0,0,0,0,0,0,0,0,0,1
13.003657,77.5839592,3,Sadashivanagar,116.56037328333333,0,0,0,0,0,1,0,0,0,0,1,0,0,0,0,0,0,0,0,0,0,0,0,0,0,0,0,1
13.0113111,77.5814991,3,Sadashivanagar,360.0,0,0,0,0,1,0,1,0,0,0,0,0,0,0,0,0,0,0,0,0,0,0,0,0,0,0,0,1
13.0092053,77.5803075,1,Sadashivanagar,4.4158756666666665,0,0,0,0,1,0,1,0,0,0,0,0,0,0,0,0,0,0,0,0,0,0,0,0,0,0,0,1
12.985697,77.4799933,1,Kamakshipalya,171.54127283333335,0,0,0,0,0,1,0,0,0,0,0,0,0,0,1,0,0,0,0,0,0,0,0,0,0,0,0,1
13.007464,77.5782501,1,Sadashivanagar,6.55249255,0,0,0,0,1,0,1,0,0,0,0,0,0,0,0,0,0,0,0,0,0,0,0,0,0,0,0,1
12.9273789,77.5470363,3,Banashankari,42.17753376666667,0,0,0,0,0,1,0,0,1,0,0,0,0,0,0,0,0,0,0,0,0,0,0,0,0,0,0,1
12.9582039,77.5542816,3,Chamarajpet,126.55569588333333,0,0,0,0,0,1,0,0,1,0,0,0,0,0,0,0,0,0,0,0,0,0,0,0,0,0,0,1
13.019781,77.6300849,3,Banaswadi,179.7900865,0,0,0,0,0,1,0,0,0,1,0,0,0,0,0,0,0,0,0,0,0,0,0,0,0,0,0,2
13.0147719,77.5801192,1,Sadashivanagar,8.210356233333334,0,0,0,0,1,0,1,0,0,0,0,0,0,0,0,0,0,0,0,0,0,0,0,0,0,0,0,1
12.930013,77.5667405,1,Banashankari,49.50281723333333,0,0,0,0,0,1,0,0,1,0,0,0,0,0,0,0,0,0,0,0,0,0,0,0,0,0,0,2
12.9785184,77.5426859,3,Magadi Road,154.18101143333334,0,0,0,0,0,1,0,0,1,0,0,0,0,0,0,0,0,0,0,0,0,0,0,0,0,0,0,1
12.9063764,77.5825934,3,J.P. Nagar,1.3321949333333334,0,0,0,0,1,0,1,0,0,0,0,0,0,0,0,0,0,0,0,0,0,0,0,0,0,0,0,1
13.0429949,77.5511954,3,Jalahalli,59.8490193,0,0,0,0,0,1,0,0,0,1,0,0,0,0,0,0,0,0,0,0,0,0,0,0,0,0,0,1
13.0211545,77.5521093,3,Yeshwanthpura,160.51240296666668,0,0,0,0,0,1,0,0,0,0,0,1,0,0,0,0,0,0,0,0,0,0,0,0,0,0,0,1
13.0264823,77.5800713,1,Sadashivanagar,3.8642700333333333,0,0,0,0,1,0,1,0,0,0,0,0,0,0,0,0,0,0,0,0,0,0,0,0,0,0,0,1
12.9650132,77.5123059,1,Jnanabharathi,158.55500361666665,0,0,0,0,0,1,0,0,0,0,0,0,0,0,0,0,1,0,0,0,0,0,0,0,0,0,0,2
12.9603222,77.5572047,3,Chamarajpet,49.959164333333334,0,0,0,0,0,1,0,0,0,1,0,0,0,0,0,0,0,0,0,0,0,0,0,0,0,0,0,2
13.0598347,77.545378,1,Jalahalli,145.55507348333333,0,0,0,0,0,1,0,0,0,0,0,0,0,1,0,0,0,0,0,0,0,0,0,0,0,0,0,1
13.095384,77.5942294,1,Yelahanka,180.0,0,0,0,0,0,1,0,0,0,1,0,0,0,0,0,0,0,0,0,0,0,0,0,0,0,0,0,1
12.9638081,77.5123571,1,Jnanabharathi,150.91846415,0,0,0,0,0,1,0,0,0,0,0,0,0,0,0,0,1,0,0,0,0,0,0,0,0,0,0,2
12.9978315,77.553247,3,Rajajinagar,154.75635841666664,0,0,0,0,0,1,0,0,0,0,1,0,0,0,0,0,0,0,0,0,0,0,0,0,0,0,0,1
12.99838,77.5713867,1,Malleshwaram,91.63820131666667,0,0,1,0,0,0,1,0,0,0,0,0,0,0,0,0,0,0,0,0,0,0,0,0,0,0,0,1
12.9214038,77.5613889,3,Banashankari,174.60323126666665,0,0,0,0,0,1,0,0,0,1,0,0,0,0,0,0,0,0,0,0,0,0,0,0,0,0,0,2
12.9373293,77.5206419,3,Byatarayanapura,170.26654285,0,0,0,0,0,1,0,0,0,1,0,0,0,0,0,0,0,0,0,0,0,0,0,0,0,0,0,2
12.9874487,77.4930824,3,Kamakshipalya,122.46690311666666,0,0,0,0,0,1,0,0,0,1,0,0,0,0,0,0,0,0,0,0,0,0,0,0,0,0,0,2
12.9847239,77.5882798,3,High ground,161.11015066666667,0,0,0,0,0,1,0,0,0,0,0,0,0,0,0,0,1,0,0,0,0,0,0,0,0,0,0,1
13.0547192,77.4734612,1,Chikkabanavara,148.09295096666668,0,0,0,0,0,1,0,0,0,1,0,0,0,0,0,0,0,0,0,0,0,0,0,0,0,0,0,1
13.010548,77.5837153,3,Sadashivanagar,10.468071333333334,0,0,0,0,0,1,0,0,1,0,0,0,0,0,0,0,0,0,0,0,0,0,0,0,0,0,0,1
13.0144332,77.5838211,3,Sadashivanagar,167.88183866666668,0,0,0,0,0,1,0,0,0,0,0,1,0,0,0,0,0,0,0,0,0,0,0,0,0,0,0,2
13.04316,77.5124993,3,Chikkabanavara,135.92957888333333,0,0,0,0,0,1,0,0,0,0,0,0,1,0,0,0,0,0,0,0,0,0,0,0,0,0,0,1
13.0435667,77.5582267,3,Jalahalli,143.31150256666666,0,0,0,0,0,1,0,0,0,0,0,1,0,0,0,0,0,0,0,0,0,0,0,0,0,0,0,2
12.9889419,77.508205,3,Kamakshipalya,138.6400831,0,0,0,0,0,1,0,0,0,0,0,0,1,0,0,0,0,0,0,0,0,0,0,0,0,0,0,1
13.1777117,77.6362467,3,Chikkajala,161.26050795,0,0,0,0,0,1,0,0,0,1,0,0,0,0,0,0,0,0,0,0,0,0,0,0,0,0,0,1
13.0499788,77.7559457,1,K.R. Pura,170.26667448333333,0,0,0,0,0,1,0,0,0,0,0,0,0,1,0,0,0,0,0,0,0,0,0,0,0,0,0,2
13.0438201,77.5610463,3,Jalahalli,149.57016375,0,0,0,0,0,1,0,0,0,0,0,0,1,0,0,0,0,0,0,0,0,0,0,0,0,0,0,1
13.0209143,77.7112687,1,K.R. Pura,16.323145383333333,0,0,0,0,0,1,0,0,0,0,1,0,0,0,0,0,0,0,0,0,0,0,0,0,0,0,0,1
12.9755238,77.620293,3,Halasur,26.570824366666667,0,0,0,0,0,1,0,0,0,0,0,0,0,0,1,0,0,0,0,0,0,0,0,0,0,0,0,1
12.9985042,77.5844064,3,Sadashivanagar,51.01353958333333,0,0,0,0,0,1,0,0,1,0,0,0,0,0,0,0,0,0,0,0,0,0,0,0,0,0,0,1
12.9384167,77.7468103,1,Whitefield,170.03839035000001,0,1,0,0,0,0,1,0,0,0,0,0,0,0,0,0,0,0,0,0,0,0,0,0,0,0,0,1
13.0939399,77.5968535,3,Yelahanka,156.55956513333334,0,0,0,0,0,1,0,0,0,0,0,1,0,0,0,0,0,0,0,0,0,0,0,0,0,0,0,1
13.0441064,77.5089747,3,Peenya,35.686632450000005,0,0,0,0,0,1,0,0,0,1,0,0,0,0,0,0,0,0,0,0,0,0,0,0,0,0,0,2
13.0498194,77.592851,3,Kodigehalli,79.94269748333333,1,0,0,0,0,0,1,0,0,0,0,0,0,0,0,0,0,0,0,0,0,0,0,0,0,0,0,1
13.0018539,77.6634748,3,Banaswadi,160.94851176666668,0,0,0,0,0,1,0,0,0,1,0,0,0,0,0,0,0,0,0,0,0,0,0,0,0,0,0,1
13.005217,77.6848678,1,K.R. Pura,144.08449441666667,0,0,0,0,0,1,0,0,0,0,1,0,0,0,0,0,0,0,0,0,0,0,0,0,0,0,0,1
13.008147,77.6905604,1,K.R. Pura,145.1025543,0,0,0,0,0,1,0,0,0,0,1,0,0,0,0,0,0,0,0,0,1,0,0,0,0,0,0,2
13.11620113,77.6130314,1,Yelahanka,138.63028588333333,0,0,1,0,0,0,1,0,0,0,0,0,0,0,0,0,0,0,0,0,0,0,1,0,0,0,0,1
12.86636201,77.43864114,1,Hulimavu,140.90041496666666,0,0,0,0,0,1,0,0,0,0,0,0,0,0,1,0,0,0,0,0,0,0,0,0,0,0,0,2
13.2288007,77.6897352,1,Devanahalli Airport,147.7060548166667,0,0,0,0,0,1,0,0,0,1,0,0,0,0,0,0,0,0,0,0,0,0,0,0,0,0,0,1
12.9285971,77.4694872,1,Kengeri,168.61561831666668,0,0,0,0,0,1,0,0,0,1,0,0,0,0,0,0,0,0,0,0,0,0,0,0,0,0,0,3
12.8193862,77.6890097,1,Electronic City,37.67183235,0,0,0,0,0,1,0,0,0,1,0,0,0,0,0,0,0,0,0,0,0,0,0,0,0,0,0,2
12.91875337,77.51825174,1,Kengeri,163.29372825000002,0,1,0,0,0,0,1,0,0,0,0,0,0,0,0,0,0,0,0,0,0,0,0,0,0,1,0,1
12.9467434,77.5333903,3,Byatarayanapura,115.63722121666666,1,0,0,0,0,0,1,0,0,0,0,0,0,0,0,0,0,0,0,0,0,0,0,0,0,0,1,1
12.9611105,77.5103384,1,Jnanabharathi,92.59100211666667,0,0,0,0,0,1,0,0,1,0,0,0,0,0,0,0,0,0,0,0,0,0,0,0,0,1,0,1
13.1643301,77.6309231,3,Chikkajala,133.6017457,0,0,0,0,0,1,0,0,0,0,0,0,0,0,0,0,1,0,0,0,0,0,0,0,0,0,0,1
13.0687009,77.4481459,1,No Police Station,169.38997041666667,0,0,0,0,0,1,0,0,1,0,0,0,0,0,0,0,0,0,0,0,0,0,0,0,0,0,0,1
13.2210345,77.6822537,1,Devanahalli Airport,58.11503883333333,0,0,0,0,0,1,0,0,0,0,0,0,0,0,0,0,1,0,0,0,0,0,0,0,0,0,0,1
12.8194593,77.6880415,1,Electronic City,163.16952646666667,0,0,0,0,0,1,0,0,0,1,0,0,0,0,0,0,0,0,0,0,0,0,0,0,0,0,0,1
13.0730618,77.4399601,1,No Police Station,124.20093905,0,0,0,0,0,1,0,0,0,1,0,0,0,0,0,0,0,0,0,0,0,0,0,0,0,0,0,1
13.0672877,77.4517008,1,No Police Station,136.1087038,0,0,0,0,0,1,0,0,0,1,0,0,0,0,0,0,0,0,0,0,0,0,0,0,0,0,0,1
13.0605293,77.4622043,1,No Police Station,137.3606137333333,0,0,0,0,0,1,0,0,0,1,0,0,0,0,0,0,0,0,0,0,0,0,0,0,0,0,0,1
13.0655886,77.4536892,1,No Police Station,129.95720285000002,0,0,0,0,0,1,0,0,0,0,0,1,0,0,0,0,0,0,0,0,0,0,0,0,0,0,0,1
13.0239336,77.5833386,3,Kodigehalli,235.45923915,0,0,0,0,1,0,1,0,0,0,0,0,0,0,0,0,0,0,0,0,0,0,0,0,0,0,1,1
12.8394,77.65426,1,Electronic City,86.67813828333333,0,0,0,0,0,1,0,0,0,0,0,1,0,0,0,0,0,0,0,0,0,0,0,0,0,0,0,1
13.1809322,77.6385476,3,Chikkajala,137.95790066666666,0,0,0,0,0,1,0,0,0,1,0,0,0,0,0,0,0,0,0,0,0,0,0,0,0,0,0,2
12.8186042,77.6898828,1,Electronic City,170.0300464,0,0,0,0,0,1,0,0,0,1,0,0,0,0,0,0,0,0,0,0,0,0,0,0,0,0,0,1
13.0735068,77.4391425,1,No Police Station,162.7009713333333,0,0,0,0,0,1,0,0,1,0,0,0,0,0,0,0,0,0,0,0,0,0,0,0,0,0,0,1
12.9854746,77.5249189,3,Kamakshipalya,125.96689023333333,0,0,0,0,0,1,0,0,1,0,0,0,0,0,0,0,0,0,0,0,0,0,0,0,0,1,0,1
13.1827536,77.5739465,3,Kodigehalli,26.786723133333332,0,0,0,0,0,1,0,0,1,0,0,0,0,0,0,0,0,0,0,0,0,0,0,0,0,0,0,1
12.98124337,77.75068471,1,No Police Station,120.0,0,0,0,1,0,0,1,0,0,0,0,0,0,0,0,0,0,0,0,0,0,0,0,0,0,0,0,1
12.9458758,77.4699081,1,Kengeri,136.2221533,0,0,0,0,0,1,0,0,0,1,0,0,0,0,0,0,0,0,0,0,0,0,0,0,0,0,0,1
12.9458172,77.4699214,1,Kengeri,132.59693385,0,0,0,0,0,1,0,0,0,1,0,0,0,0,0,0,0,0,0,0,0,0,0,0,0,0,0,2
13.22744,77.6885325,1,Devanahalli Airport,139.7146898,0,0,0,0,0,1,0,0,0,1,0,0,0,0,0,0,0,0,0,0,0,0,0,0,0,0,0,1
12.88122222,77.47910378,1,No Police Station,120.0,0,0,0,1,0,0,1,0,0,0,0,0,0,0,0,0,0,0,0,0,0,0,0,0,0,1,0,1
12.97571222,77.58699417,1,Halasuru Gate,101.94565551666666,1,0,0,0,0,0,1,0,0,0,0,0,0,0,0,0,0,0,1,0,0,0,0,0,0,0,0,1
12.8969352,77.6584737,1,Bellandur,62.59521156666666,0,0,0,0,1,0,1,0,0,0,0,0,0,0,0,0,0,0,0,0,0,0,0,0,1,0,0,1
13.0568483,77.47258,1,No Police Station,130.41035418333334,0,0,0,0,0,1,0,0,0,1,0,0,0,0,0,0,0,0,0,0,0,0,0,0,0,0,0,1
13.0515565,77.4882176,1,No Police Station,167.0841626333333,0,0,0,0,0,1,0,0,0,1,0,0,0,0,0,0,0,0,0,0,0,0,0,0,0,0,0,1
13.0515741,77.4880777,1,No Police Station,123.06249516666666,0,0,0,0,0,1,0,0,0,0,0,1,0,0,0,0,0,0,0,0,0,0,0,0,0,0,0,1
13.0207553,77.7104892,1,K.R. Pura,139.86462775,0,0,0,0,0,1,0,0,0,1,0,0,0,0,0,0,0,0,0,0,1,0,0,0,0,0,0,2
13.0280608,77.5858748,3,Kodigehalli,73.43753403333334,0,0,0,0,0,1,0,0,0,0,0,1,0,0,0,0,0,0,0,0,0,0,1,0,0,0,0,1
12.840935,77.6496567,1,Electronic City,133.06417406666665,0,0,0,0,0,1,0,0,1,0,0,0,0,0,0,0,0,0,0,0,0,0,0,0,0,0,0,1
13.0673845,77.4508827,1,No Police Station,128.60483274999999,0,0,0,0,0,1,0,0,0,1,0,0,0,0,0,0,0,0,0,0,0,0,0,0,0,0,0,1
13.1557145,77.6225084,3,Chikkajala,121.95824338333334,0,0,0,0,0,1,0,0,0,0,0,0,0,0,0,0,1,0,0,0,0,0,0,0,0,0,0,1
13.067335,77.45095,1,No Police Station,149.56251018333333,0,0,0,0,0,1,0,0,0,0,0,1,0,0,0,0,0,0,0,0,0,0,0,0,0,0,0,1
13.00635,77.6863717,1,K.R. Pura,149.64449668333333,0,0,0,0,0,1,0,0,0,1,0,0,0,0,0,0,0,0,0,0,1,0,0,0,0,0,0,1
12.8874767,77.7372183,1,Whitefield,38.40874121666666,0,0,1,0,0,0,1,0,0,0,0,0,0,0,0,0,0,0,0,0,0,0,0,0,0,0,0,1
13.114165,77.606415,3,Yelahanka,120.18644321666667,0,0,0,0,0,1,0,0,0,0,0,0,0,0,0,1,0,0,0,0,0,0,1,0,0,0,0,1
13.1396412,77.6178059,3,Chikkajala,127.4183333,0,0,0,0,0,1,0,0,0,0,1,0,0,0,0,0,0,0,0,0,0,0,0,0,0,0,0,2
13.0894108,77.5563129,1,Yelahanka,174.59055036666666,0,0,0,0,0,1,0,0,0,1,0,0,0,0,0,0,0,0,0,0,0,0,1,0,0,0,0,1
13.1877011,77.7119109,1,Chikkajala,43.29526675,1,0,0,0,0,0,1,0,0,0,0,0,0,0,0,0,0,0,0,0,0,0,0,0,0,0,0,1
13.0613967,77.4610883,1,No Police Station,134.96165193333334,0,0,0,0,0,1,0,0,0,1,0,0,0,0,0,0,0,0,0,0,0,0,0,0,0,0,0,1
13.06145,77.4608617,1,No Police Station,142.87951008333332,0,0,0,0,0,1,0,0,0,1,0,0,0,0,0,0,0,0,0,0,0,0,0,0,0,0,0,1
13.0387425,77.7397905,1,K.R. Pura,146.37811401666667,0,0,0,0,0,1,0,0,0,1,0,0,0,0,0,0,0,0,0,0,0,0,0,0,0,0,0,1
13.0615802,77.4608504,1,No Police Station,153.61824153333333,0,0,0,0,0,1,0,0,0,0,0,0,0,0,0,0,1,0,0,0,0,0,0,0,0,0,0,1
12.8445617,77.6732867,1,Electronic City,77.25445518333332,1,0,0,0,0,0,1,0,0,0,0,0,0,0,0,0,0,0,0,0,0,0,0,0,0,0,0,1
12.8375952,77.6788445,1,Electronic City,57.72944888333333,1,0,0,0,0,0,1,0,0,0,0,0,0,0,0,0,0,0,0,0,0,0,0,0,0,0,0,1
13.0533971,77.7620991,1,K.R. Pura,120.38817558333334,0,0,0,0,0,1,0,0,0,0,0,0,1,0,0,0,0,0,0,0,0,0,0,0,0,0,0,1
13.0357139,77.7365339,1,K.R. Pura,43.81528578333334,0,0,0,0,0,1,0,0,0,1,0,0,0,0,0,0,0,0,0,0,0,0,0,0,0,0,0,1
13.1983767,77.6974685,1,Devanahalli Airport,136.38737988333335,0,0,0,0,0,1,0,0,0,1,0,0,0,0,0,0,0,0,0,0,0,0,0,0,0,0,0,1
13.0669972,77.4517019,1,No Police Station,122.70233451666667,0,0,0,0,0,1,0,0,0,1,0,0,0,0,0,0,0,0,0,0,0,0,0,0,0,0,0,2
13.0750328,77.4358991,1,No Police Station,144.24379775,0,0,0,0,0,1,0,0,0,0,0,1,0,0,0,0,0,0,0,0,0,0,0,0,0,0,0,1
13.0751533,77.4363333,1,No Police Station,139.94800036666666,0,0,0,0,0,1,0,0,0,0,0,1,0,0,0,0,0,0,0,0,0,0,0,0,0,0,0,1
13.1784872,77.6370365,3,Chikkajala,123.08107883333334,0,0,0,0,0,1,0,0,0,0,0,0,0,1,0,0,0,0,0,0,0,0,0,0,0,0,0,2
13.0397033,77.7415583,1,K.R. Pura,154.95513648333332,0,0,0,0,0,1,0,0,0,0,0,1,0,0,0,0,0,0,0,0,0,0,0,0,0,0,0,1
13.0629026,77.4583968,1,No Police Station,144.37515716666667,0,0,0,0,0,1,0,0,0,0,0,1,0,0,0,0,0,0,0,0,0,0,0,0,0,0,0,1
13.0674398,77.4497151,1,No Police Station,171.38883228333333,0,0,0,0,0,1,0,0,0,0,0,1,0,0,0,0,0,0,0,0,0,0,0,0,0,0,0,1
13.0634941,77.4561606,1,No Police Station,171.82477211666668,0,0,0,0,0,1,0,0,0,1,0,0,0,0,0,0,0,0,0,0,0,0,0,0,0,0,0,1
12.9692815,77.7357346,1,Whitefield,51.47168045,0,0,0,0,0,1,0,0,0,0,0,0,1,0,0,0,0,0,0,1,0,0,0,0,0,0,0,1
13.0707619,77.4448725,1,No Police Station,144.21889811666668,0,0,0,0,0,1,0,0,0,0,0,1,0,0,0,0,0,0,0,0,0,0,0,0,0,0,0,1
13.2307959,77.6912179,1,Devanahalli Airport,126.22495098333334,0,0,0,0,0,1,0,0,0,0,0,0,1,0,0,0,0,0,0,0,0,0,0,0,0,0,0,2
13.1853883,77.6418683,3,Chikkajala,29.787725583333334,1,0,0,0,0,0,1,0,0,0,0,0,0,0,0,0,0,0,0,0,0,0,0,0,0,0,0,1
13.1854657,77.6420641,3,Chikkajala,81.36765753333334,1,0,0,0,0,0,1,0,0,0,0,0,0,0,0,0,0,0,0,0,0,0,0,0,0,0,0,1
13.1355168,77.617415,3,Yelahanka,160.58998541666668,0,0,0,0,0,1,0,0,0,0,0,0,0,1,0,0,0,0,0,0,0,0,0,0,0,0,0,2
13.2505022,77.71504,1,Devanahalli Airport,87.92846463333333,1,0,0,0,0,0,1,0,0,0,0,0,0,0,0,0,0,0,0,0,0,0,0,0,0,0,0,1
12.9140108,77.5673732,3,Banashankari,26.65322595,0,0,0,0,0,1,0,0,1,0,0,0,0,0,0,0,0,0,0,0,0,0,0,1,0,0,0,1
12.9999986,77.6634061,3,Banaswadi,34.82160695,0,0,0,0,0,1,0,0,1,0,0,0,0,0,0,0,0,1,0,0,0,0,0,0,0,0,0,1
13.005755,77.6904483,1,K.R. Pura,23.468869533333336,0,0,0,0,0,1,0,0,0,0,0,1,0,0,0,0,0,0,0,0,1,0,0,0,0,0,0,1
13.0442709,77.6432677,1,Hennuru,9.259744333333334,0,0,0,0,0,1,0,0,0,1,0,0,0,0,0,0,0,0,0,0,1,0,0,0,0,0,0,1
13.0431317,77.5512583,3,Jalahalli,73.26354786666667,0,0,0,0,0,1,0,0,0,1,0,0,0,0,0,0,0,0,0,0,0,0,1,0,0,0,0,1
12.923575,77.655095,3,Bellandur,139.1241171,0,0,0,0,0,1,0,0,0,0,0,1,0,0,0,0,0,1,0,0,0,0,0,0,0,0,0,1
12.91861725,77.58946,1,Jayanagara,171.90178671666666,1,0,0,0,0,0,1,0,0,0,0,0,0,0,0,0,0,0,0,0,0,0,0,1,0,0,0,1
12.91861725,77.58946,1,Jayanagara,180.0,1,0,0,0,0,0,1,0,0,0,0,0,0,0,0,0,0,0,0,0,0,0,0,1,0,0,0,1
13.0471959,77.502766,1,Chikkabanavara,173.5409038,0,0,0,0,0,1,0,0,0,0,0,0,1,0,0,0,0,0,0,0,0,0,1,0,0,0,0,2
12.9857015,77.5267423,3,Kamakshipalya,179.71105401666668,0,0,0,0,0,1,0,0,0,0,0,1,0,0,0,0,0,0,0,0,0,0,0,0,0,1,0,1
12.8188227,77.6885633,1,Electronic City,164.95987138333334,0,0,0,0,0,1,0,0,0,1,0,0,0,0,0,0,0,0,0,0,0,0,0,0,0,0,0,2
12.9717905,77.5075445,1,Jnanabharathi,17.014181316666665,0,0,0,0,0,1,0,0,1,0,0,0,0,0,0,0,0,0,0,0,0,0,0,0,0,1,0,1
13.0142186,77.5305288,1,Rajajinagar,360.0,0,0,0,0,1,0,1,0,0,0,0,0,0,0,0,0,0,0,0,0,0,0,0,0,0,1,0,1
12.9986635,77.5841885,3,Sadashivanagar,149.10377325,0,0,0,0,0,1,0,0,0,0,0,0,0,0,1,0,0,0,1,0,0,0,0,0,0,0,0,1
13.0190687,77.5840829,3,R.T. Nagar,160.46800625,0,0,0,0,0,1,0,0,0,0,0,0,1,0,0,0,0,0,0,0,0,0,1,0,0,0,0,2
13.0196125,77.6738748,1,Banaswadi,76.8051597,0,0,0,0,0,1,0,0,0,0,0,0,0,0,1,0,0,0,0,0,1,0,0,0,0,0,0,1
13.0059006,77.636093,1,Banaswadi,46.66084923333334,1,0,0,0,0,0,1,0,0,0,0,0,0,0,0,0,0,0,0,0,0,1,0,0,0,0,0,1
12.860422,77.6609334,1,Electronic City,108.39957185,1,0,0,0,0,0,1,0,0,0,0,0,0,0,0,0,0,0,0,0,0,0,0,1,0,0,0,3
12.9407201,77.5247945,3,Byatarayanapura,135.53091373333334,0,0,0,0,0,1,0,0,0,1,0,0,0,0,0,0,0,0,0,0,0,0,0,0,0,1,0,1
12.9974033,77.584765,3,High ground,143.72019066666664,0,0,0,0,0,1,0,0,0,0,0,0,0,1,0,0,0,0,1,0,0,0,0,0,0,0,0,2
12.9955497,77.666766,3,Banaswadi,150.12138935,0,0,0,0,0,1,0,0,1,0,0,0,0,0,0,0,0,0,0,0,1,0,0,0,0,0,0,1
12.8405554,77.6518242,1,Electronic City,103.64548719999999,0,0,0,0,0,1,0,0,1,0,0,0,0,0,0,0,0,0,0,0,0,0,0,0,0,0,0,1
12.974094,77.508972,1,Jnanabharathi,12.0260546,0,0,0,0,0,1,0,0,1,0,0,0,0,0,0,0,0,0,0,0,0,0,0,0,0,1,0,1
13.0631912,77.4553056,1,No Police Station,154.10565873333334,0,0,0,0,0,1,0,0,0,1,0,0,0,0,0,0,0,0,0,0,0,0,0,0,0,0,0,1
13.0002484,77.6772358,3,Mahadevapura,150.15352433333334,0,0,0,0,0,1,0,0,0,1,0,0,0,0,0,0,0,0,0,0,1,0,0,0,0,0,0,2
12.9988086,77.6757798,3,Mahadevapura,148.46564411666668,0,0,0,0,0,1,0,0,0,1,0,0,0,0,0,0,0,0,0,0,1,0,0,0,0,0,0,2
12.9858812,77.4873198,1,Kamakshipalya,180.0,0,0,0,0,0,1,0,0,0,0,1,0,0,0,0,0,0,0,0,0,0,0,0,0,0,1,0,2
12.9341249,77.6900036,3,HAL Old Airport,171.50463063333333,0,0,0,0,0,1,0,0,0,0,0,1,0,0,0,0,0,0,0,1,0,0,0,0,0,0,0,1
13.026353,77.544093,3,Yeshwanthpura,28.985925033333334,0,0,0,0,0,1,0,0,0,0,1,0,0,0,0,0,0,0,0,0,0,0,0,0,0,1,0,1
12.9333094,77.4914091,1,Kengeri,176.47191478333335,0,0,0,0,0,1,0,0,0,0,0,0,0,1,0,0,0,0,0,0,0,0,0,0,0,1,0,1
13.056995,77.4770157,1,No Police Station,140.31617384999998,0,0,0,0,0,1,0,0,0,1,0,0,0,0,0,0,0,0,0,0,0,0,0,0,0,0,0,1
13.0586977,77.4661219,1,No Police Station,176.05634415,0,0,0,0,0,1,0,0,0,1,0,0,0,0,0,0,0,0,0,0,0,0,0,0,0,0,0,1
13.0266391,77.7214589,1,K.R. Pura,58.999642466666664,0,0,0,0,0,1,0,0,0,0,0,1,0,0,0,0,0,0,0,0,1,0,0,0,0,0,0,1
12.8713593,77.530622,3,Jalahalli,91.40763125,0,0,0,0,0,1,0,0,1,0,0,0,0,0,0,0,0,0,0,0,0,0,0,1,0,0,0,2
13.0486313,77.4980683,1,Chikkabanavara,179.52956946666666,0,0,0,0,0,1,0,0,0,0,1,0,0,0,0,0,0,0,0,0,0,0,1,0,0,0,0,2
13.0485262,77.4979792,1,Chikkabanavara,173.23361146666667,0,0,0,0,0,1,0,0,0,0,1,0,0,0,0,0,0,0,0,0,0,0,1,0,0,0,0,1
12.9233342,77.6099015,1,Mico Layout,70.21878856666667,0,0,0,0,0,1,0,0,0,0,0,0,1,0,0,0,0,0,0,0,0,0,0,0,1,0,0,1
12.9666372,77.5048395,1,Jnanabharathi,75.99562091666667,0,0,0,0,0,1,0,0,1,0,0,0,0,0,0,0,0,0,0,0,0,0,0,0,0,1,0,1
13.0652704,77.454816,1,No Police Station,98.26940953333333,1,0,0,0,0,0,1,0,0,0,0,0,0,0,0,0,0,0,0,0,0,0,0,0,0,0,0,1
13.0514702,77.5942456,3,Hebbala,119.66875773333332,0,0,0,0,0,1,0,0,0,1,0,0,0,0,0,0,0,0,0,0,0,1,0,0,0,0,0,2
12.8951843,77.5551185,1,K.S. Layout,66.1186007,0,0,0,0,0,1,0,0,1,0,0,0,0,0,0,0,0,0,0,0,0,0,0,1,0,0,0,1
13.0517442,77.4888513,1,No Police Station,145.92658141666666,0,0,0,0,0,1,0,0,0,1,0,0,0,0,0,0,0,0,0,0,0,0,0,0,0,0,0,1
13.025155,77.5853733,3,R.T. Nagar,128.66785085,0,0,0,0,0,1,0,0,0,0,1,0,0,0,0,0,0,0,0,0,0,0,1,0,0,0,0,1
13.0193258,77.5842441,3,R.T. Nagar,18.171715083333332,0,0,0,0,0,1,0,0,0,0,0,0,1,0,0,0,0,0,0,0,0,0,1,0,0,0,0,1
13.0193398,77.584308,3,R.T. Nagar,15.688131483333333,0,0,0,0,0,1,0,0,0,0,0,0,1,0,0,0,0,0,0,0,0,0,1,0,0,0,0,1
13.0219386,77.584501,3,R.T. Nagar,15.00042475,0,0,0,0,0,1,0,0,0,1,0,0,0,0,0,0,0,0,0,0,0,0,1,0,0,0,0,1
12.8150855,77.6914602,1,Electronic City,165.74830763333333,0,0,0,0,0,1,0,0,0,1,0,0,0,0,0,0,0,0,0,0,0,0,0,0,0,0,0,1
12.9979702,77.6627056,3,Banaswadi,52.80341505,0,0,0,0,0,1,0,0,0,0,0,1,0,0,0,0,0,1,0,0,0,0,0,0,0,0,0,2
13.1337081,77.6668625,3,Chikkajala,102.48116123333332,1,0,0,0,0,0,1,0,0,0,0,0,0,0,0,0,0,0,0,0,0,0,0,0,0,0,0,3
13.0037533,77.7569917,1,Mahadevapura,30.2210109,0,0,0,0,0,1,0,0,0,0,0,0,0,0,1,0,0,0,0,0,1,0,0,0,0,0,0,1
13.0187717,77.586025,3,R.T. Nagar,111.53120048333334,0,0,0,0,0,1,0,0,0,0,0,1,0,0,0,0,0,0,0,0,0,0,1,0,0,0,0,1
12.9124189,77.6256602,3,HSR Layout,166.72980095,0,0,0,0,0,1,0,0,1,0,0,0,0,0,0,0,0,0,0,0,0,0,0,0,1,0,0,1
13.0559543,77.4754176,1,No Police Station,132.61685278333331,0,0,0,0,0,1,0,0,0,0,0,0,0,0,0,0,1,0,0,0,0,0,0,0,0,0,0,1
13.0005187,77.7120899,1,K.R. Pura,120.12128181666667,0,0,0,0,0,1,0,0,0,1,0,0,0,0,0,0,0,0,0,0,1,0,0,0,0,0,0,1
13.0419433,77.5969833,3,Hebbala,19.141461233333334,0,0,0,0,0,1,0,0,0,1,0,0,0,0,0,0,0,0,0,0,0,1,0,0,0,0,0,1
13.0357367,77.62852,3,Hennuru,123.78892301666666,0,0,0,0,0,1,0,0,0,0,0,1,0,0,0,0,0,0,0,0,0,1,0,0,0,0,0,1
13.0548805,77.473713,1,No Police Station,31.930039150000002,0,0,0,0,0,1,0,0,0,0,0,1,0,0,0,0,0,0,0,0,0,0,0,0,0,0,0,1
12.9068891,77.4736058,3,Kengeri,7.899234916666667,0,0,0,0,0,1,0,0,1,0,0,0,0,0,0,0,0,0,0,0,0,0,0,0,0,1,0,1
12.9711432,77.7501075,1,Whitefield,158.47744938333332,0,0,0,0,0,1,0,0,1,0,0,0,0,0,0,0,0,0,0,1,0,0,0,0,0,0,0,1
13.0493842,77.5930447,3,Hebbala,7.709397766666667,0,0,0,0,0,1,0,0,0,0,0,1,0,0,0,0,0,0,0,0,0,1,0,0,0,0,0,1
12.9837004,77.5293976,3,Kamakshipalya,126.76187888333334,0,0,0,0,0,1,0,0,1,0,0,0,0,0,0,0,0,0,0,0,0,0,0,0,0,0,1,1
12.9234754,77.6560202,3,Bellandur,33.951876483333336,0,0,0,0,0,1,0,0,0,1,0,0,0,0,0,0,0,1,0,0,0,0,0,0,0,0,0,1
12.9169381,77.6730534,1,Bellandur,139.66311141666665,0,0,0,0,0,1,0,0,0,1,0,0,0,0,0,0,0,0,0,0,0,0,0,0,1,0,0,1
13.0491594,77.49642,1,Chikkabanavara,149.1952903,0,0,0,0,0,1,0,0,0,0,0,0,0,1,0,0,0,0,0,0,0,0,0,0,0,1,0,1
13.036081,77.5892814,3,Hebbala,12.252091916666666,0,0,0,0,0,1,0,0,0,0,1,0,0,0,0,0,0,0,0,0,0,0,1,0,0,0,0,1
12.8559783,77.5887467,3,Thalagattapura,110.20997953333334,1,0,0,0,0,0,1,0,0,0,0,0,0,0,0,0,0,0,0,0,0,0,0,1,0,0,0,3
13.0359526,77.5892901,3,Hebbala,123.343408,0,0,0,0,0,1,0,0,0,0,1,0,0,0,0,0,0,0,0,0,0,0,1,0,0,0,0,1
13.0358764,77.5895083,3,Hebbala,10.033517933333334,0,0,0,0,0,1,0,0,0,0,1,0,0,0,0,0,0,0,0,0,0,0,1,0,0,0,0,1
13.036005,77.5892867,3,Hebbala,8.2488125,0,0,0,0,0,1,0,0,0,0,1,0,0,0,0,0,0,0,0,0,0,0,1,0,0,0,0,1
13.036005,77.5892867,3,Hebbala,6.643134900000001,0,0,0,0,0,1,0,0,0,0,1,0,0,0,0,0,0,0,0,0,0,0,1,0,0,0,0,1
12.89653,77.5997367,3,J.P. Nagar,141.5424186,0,0,0,0,0,1,0,0,1,0,0,0,0,0,0,0,0,0,0,0,0,0,0,0,1,0,0,2
13.0549185,77.5348111,1,Jalahalli,45.277387833333336,0,0,0,0,0,1,0,0,1,0,0,0,0,0,0,0,0,0,0,0,0,0,1,0,0,0,0,1
13.0527934,77.6460881,1,Hennuru,87.5886433,0,0,0,0,0,1,0,0,0,0,0,0,0,1,0,0,0,0,0,0,1,0,0,0,0,0,0,1
12.9471605,77.5326026,3,Byatarayanapura,142.67908111666665,0,0,0,0,0,1,0,0,1,0,0,0,0,0,0,0,0,0,0,0,0,0,0,0,0,0,1,1
13.1104433,77.6044517,3,Yelahanka,130.67949221666666,0,0,0,0,0,1,0,0,0,0,0,0,0,0,1,0,0,0,0,0,0,0,1,0,0,0,0,1
12.9689312,77.5124971,1,Jnanabharathi,180.0,0,0,0,0,0,1,0,0,0,0,0,0,0,0,0,0,1,0,0,0,0,0,0,0,0,1,0,1
13.026353,77.544093,3,Yeshwanthpura,136.09638286666666,0,0,0,0,0,1,0,0,0,0,0,0,1,0,0,0,0,0,0,0,0,0,0,0,0,1,0,1
12.93165632,77.55184459,1,Banashankari,67.27883681666667,1,0,0,0,0,0,1,0,0,0,0,0,0,0,0,0,0,0,0,0,0,0,0,0,0,0,1,1
12.91371,77.6783083,1,Bellandur,147.50678613333332,0,0,0,0,0,1,0,0,1,0,0,0,0,0,0,0,0,0,0,1,0,0,0,0,0,0,0,1
12.9230219,77.6566549,3,Bellandur,79.75770394999999,0,0,0,0,0,1,0,0,1,0,0,0,0,0,0,0,0,1,0,0,0,0,0,0,0,0,0,1
13.0587231,77.4673853,1,No Police Station,141.56858144999998,0,0,0,0,0,1,0,0,0,1,0,0,0,0,0,0,0,0,0,0,0,0,0,0,0,0,0,1
12.9820421,77.5314788,3,Kamakshipalya,156.07219113333335,0,0,0,0,0,1,0,0,1,0,0,0,0,0,0,0,0,0,0,0,0,0,0,0,0,0,1,1
13.03439169,77.55736917,1,Yeshwanthpura,8.53112645,0,1,0,0,0,0,1,0,0,0,0,0,0,0,0,0,0,0,0,0,0,0,1,0,0,0,0,1
12.9383623,77.7468821,1,Whitefield,107.99300908333333,0,0,0,0,0,1,0,0,0,1,0,0,0,0,0,0,0,0,0,1,0,0,0,0,0,0,0,1
13.03439169,77.55736917,1,Yeshwanthpura,15.054321499999999,0,0,0,0,0,1,0,0,0,0,0,1,0,0,0,0,0,0,0,0,0,0,1,0,0,0,0,1
13.025843,77.5446395,3,Yeshwanthpura,71.66411911666667,0,0,0,0,0,1,0,0,0,0,1,0,0,0,0,0,0,0,0,0,0,0,0,0,0,1,0,1
13.0482728,77.4864341,1,No Police Station,142.37879958333332,0,0,0,0,0,1,0,0,1,0,0,0,0,0,0,0,0,0,0,0,0,0,0,0,0,0,0,1
12.9757351,77.5595824,3,Magadi Road,23.924992883333335,0,0,0,0,0,1,0,0,1,0,0,0,0,0,0,0,0,0,1,0,0,0,0,0,0,0,0,1
13.004372,77.7111115,1,K.R. Pura,125.75302098333333,0,0,0,0,0,1,0,0,0,0,0,1,0,0,0,0,0,0,0,0,1,0,0,0,0,0,0,1
12.9122673,77.6257996,3,HSR Layout,139.20248098333334,0,0,0,0,0,1,0,0,0,0,1,0,0,0,0,0,0,0,0,0,0,0,0,0,1,0,0,1
13.0549018,77.5346642,1,Jalahalli,52.7526632,0,0,0,0,0,1,0,0,1,0,0,0,0,0,0,0,0,0,0,0,0,0,1,0,0,0,0,1
13.0569432,77.4744272,1,No Police Station,152.87709846666667,0,0,0,0,0,1,0,0,0,0,0,0,0,0,0,0,1,0,0,0,0,0,0,0,0,0,0,1
13.0781531,77.4297485,1,No Police Station,171.87080675,0,0,0,0,0,1,0,0,0,0,0,1,0,0,0,0,0,0,0,0,0,0,0,0,0,0,0,1
12.98197281,77.59299479,3,Cubbon Park,75.34779046666667,1,0,0,0,0,0,1,0,0,0,0,0,0,0,0,0,0,0,1,0,0,0,0,0,0,0,0,1
13.0736542,77.4369084,1,No Police Station,174.40046235,0,0,0,0,0,1,0,0,0,1,0,0,0,0,0,0,0,0,0,0,0,0,0,0,0,0,0,1
13.0341837,77.5885594,3,Hebbala,177.27913231666668,0,0,0,0,0,1,0,1,0,0,0,0,0,0,0,0,0,0,0,0,0,0,1,0,0,0,0,1
12.9938787,77.5848069,3,High ground,130.35087703333335,0,0,0,0,0,1,0,0,0,0,0,0,0,0,0,0,1,0,1,0,0,0,0,0,0,0,0,1
12.8824767,77.7543172,1,No Police Station,118.70693306666666,1,0,0,0,0,0,1,0,0,0,0,0,0,0,0,0,0,0,0,0,0,0,0,0,0,0,0,3
12.8827983,77.7545976,1,No Police Station,116.93882763333333,1,0,0,0,0,0,1,0,0,0,0,0,0,0,0,0,0,0,0,0,0,0,0,0,0,0,0,3
13.0197615,77.7092792,1,K.R. Pura,22.6700687,0,0,0,0,0,1,0,0,0,0,0,0,1,0,0,0,0,0,0,0,1,0,0,0,0,0,0,2
12.882442,77.7547886,1,No Police Station,114.8169134,1,0,0,0,0,0,1,0,0,0,0,0,0,0,0,0,0,0,0,0,0,0,0,0,0,0,0,3
13.0404633,77.54438,3,Jalahalli,135.50883511666666,0,0,0,0,0,1,0,0,0,0,0,0,0,0,0,0,1,0,0,0,0,0,1,0,0,0,0,1
12.8828731,77.754743,1,No Police Station,113.16037164999999,1,0,0,0,0,0,1,0,0,0,0,0,0,0,0,0,0,0,0,0,0,0,0,0,0,0,0,3
12.882377,77.7543794,1,No Police Station,102.54063541666666,1,0,0,0,0,0,1,0,0,0,0,0,0,0,0,0,0,0,0,0,0,0,0,0,0,0,0,3
12.8827592,77.7544043,1,No Police Station,100.49346288333332,1,0,0,0,0,0,1,0,0,0,0,0,0,0,0,0,0,0,0,0,0,0,0,0,0,0,0,3
12.8826448,77.7546077,1,No Police Station,99.35894558333332,1,0,0,0,0,0,1,0,0,0,0,0,0,0,0,0,0,0,0,0,0,0,0,0,0,0,0,1
12.9658795,77.5049199,1,Jnanabharathi,46.14128976666667,0,0,0,0,0,1,0,0,1,0,0,0,0,0,0,0,0,0,0,0,0,0,0,0,0,1,0,1
12.8828451,77.7547765,1,No Police Station,16.543079266666666,1,0,0,0,0,0,1,0,0,0,0,0,0,0,0,0,0,0,0,0,0,0,0,0,0,0,0,1
12.8828862,77.7547649,1,No Police Station,16.281420533333332,1,0,0,0,0,0,1,0,0,0,0,0,0,0,0,0,0,0,0,0,0,0,0,0,0,0,0,1
12.8823842,77.7547265,1,No Police Station,13.67861535,1,0,0,0,0,0,1,0,0,0,0,0,0,0,0,0,0,0,0,0,0,0,0,0,0,0,0,1
12.8824382,77.7548026,1,No Police Station,13.860383616666667,1,0,0,0,0,0,1,0,0,0,0,0,0,0,0,0,0,0,0,0,0,0,0,0,0,0,0,1
12.8824212,77.7542595,1,No Police Station,10.497906333333333,1,0,0,0,0,0,1,0,0,0,0,0,0,0,0,0,0,0,0,0,0,0,0,0,0,0,0,1
12.8824561,77.7549771,1,No Police Station,3.5990419333333334,1,0,0,0,0,0,1,0,0,0,0,0,0,0,0,0,0,0,0,0,0,0,0,0,0,0,0,1
13.0698363,77.4459375,1,No Police Station,162.05828513333333,0,0,0,0,0,1,0,0,0,1,0,0,0,0,0,0,0,0,0,0,0,0,0,0,0,0,0,1
12.8822347,77.7547115,1,No Police Station,104.15316776666667,1,0,0,0,0,0,1,0,0,0,0,0,0,0,0,0,0,0,0,0,0,0,0,0,0,0,0,3
13.0499377,77.5927042,3,Kodigehalli,160.74184221666667,0,0,0,0,0,1,0,0,0,0,1,0,0,0,0,0,0,0,0,0,0,1,0,0,0,0,0,1
13.0497983,77.5927317,3,Kodigehalli,159.43595035,0,0,0,0,0,1,0,0,0,0,1,0,0,0,0,0,0,0,0,0,0,1,0,0,0,0,0,1
13.1114676,77.6043594,3,Yelahanka,150.46833623333333,0,0,0,0,0,1,0,0,0,1,0,0,0,0,0,0,0,0,0,0,0,0,1,0,0,0,0,2
13.1232782,77.6384588,3,Chikkajala,31.50097945,0,0,0,0,0,1,0,0,0,1,0,0,0,0,0,0,0,0,0,0,0,0,0,0,0,0,0,1
13.0565701,77.4739825,1,No Police Station,132.93770501666665,0,0,0,0,0,1,0,0,0,0,0,1,0,0,0,0,0,0,0,0,0,0,0,0,0,0,0,2
12.9752846,77.6976675,3,Mahadevapura,31.0078949,0,0,0,0,0,1,0,0,0,0,0,1,0,0,0,0,0,0,0,1,0,0,0,0,0,0,0,1
12.9382397,77.7467208,1,Whitefield,172.21054168333333,0,0,0,0,0,1,0,0,0,1,0,0,0,0,0,0,0,0,0,1,0,0,0,0,0,0,0,1
13.1101783,77.6038533,3,Yelahanka,180.0,0,0,0,0,0,1,0,0,0,0,0,0,0,0,0,1,0,0,0,0,0,0,1,0,0,0,0,1
13.0411767,77.5458933,3,Jalahalli,164.43252176666667,0,0,0,0,0,1,0,0,0,0,0,1,0,0,0,0,0,0,0,0,0,0,1,0,0,0,0,1
13.0663883,77.4519717,1,No Police Station,144.56352678333332,0,0,0,0,0,1,0,0,0,1,0,0,0,0,0,0,0,0,0,0,0,0,0,0,0,0,0,1
13.03484,77.5887367,3,Kodigehalli,14.120967933333333,0,0,0,0,0,1,0,0,0,0,0,1,0,0,0,0,0,0,0,0,0,0,1,0,0,0,0,1
13.0641283,77.456455,1,No Police Station,132.78957671666666,0,0,0,0,0,1,0,0,0,1,0,0,0,0,0,0,0,0,0,0,0,0,0,0,0,0,0,1
12.9022743,77.4693362,3,Kengeri,143.23290155,0,1,0,0,0,0,1,0,0,0,0,0,0,0,0,0,0,0,0,0,0,0,0,0,0,1,0,3
13.04756,77.5003067,1,Peenya,37.96253371666667,0,0,0,0,0,1,0,0,0,1,0,0,0,0,0,0,0,0,0,0,0,0,0,0,0,1,0,1
12.8998268,77.466368,3,Kengeri,138.83169825000002,0,0,0,0,0,1,0,0,0,1,0,0,0,0,0,0,0,0,0,0,0,0,0,0,0,1,0,2
13.0575265,77.470579,1,No Police Station,140.60891708333332,0,0,0,0,0,1,0,0,0,1,0,0,0,0,0,0,0,0,0,0,0,0,0,0,0,0,0,1
13.023351,77.5849252,3,R.T. Nagar,70.42078716666667,1,0,0,0,0,0,1,0,0,0,0,0,0,0,0,0,0,0,0,0,0,0,1,0,0,0,0,1
12.9002509,77.6334315,3,HSR Layout,140.47466335,0,0,0,0,0,1,0,0,0,0,0,0,0,0,0,1,0,0,0,0,0,0,0,0,1,0,0,1
13.0744167,77.4372867,1,No Police Station,158.0744855833333,0,0,0,0,0,1,0,0,0,0,0,1,0,0,0,0,0,0,0,0,0,0,0,0,0,0,0,1
13.0560118,77.6324172,3,Hennuru,139.89393445,0,0,0,0,0,1,0,0,0,1,0,0,0,0,0,0,0,0,0,0,0,1,0,0,0,0,0,1
13.0536556,77.4854758,1,No Police Station,49.26217543333333,0,0,0,0,0,1,0,0,1,0,0,0,0,0,0,0,0,0,0,0,0,0,0,0,0,0,0,1
13.0535731,77.4855326,1,No Police Station,43.33694426666667,0,0,0,0,0,1,0,0,1,0,0,0,0,0,0,0,0,0,0,0,0,0,0,0,0,0,0,1
12.9958493,77.667251,3,Banaswadi,148.60727678333333,0,0,0,0,0,1,0,0,0,0,0,1,0,0,0,0,0,0,0,0,1,0,0,0,0,0,0,1
13.1164247,77.6076074,3,Yelahanka,174.79620096666667,0,0,0,0,0,1,0,0,0,0,0,0,1,0,0,0,0,0,0,0,0,0,1,0,0,0,0,1
12.983316,77.5303271,3,Kamakshipalya,17.286109166666666,0,0,0,0,0,1,0,0,1,0,0,0,0,0,0,0,0,0,0,0,0,0,0,0,0,0,1,1
13.0501267,77.526015,1,Jalahalli,81.40570293333333,0,0,0,0,0,1,0,0,0,0,0,0,0,0,0,0,1,0,0,0,0,0,1,0,0,0,0,1
13.09094844,77.53679215,1,Jalahalli,96.71463815,1,0,0,0,0,0,1,0,0,0,0,0,0,0,0,0,0,0,0,0,0,0,0,0,0,0,0,1
13.0333704,77.5888083,3,Hebbala,159.36049596666666,0,1,0,0,0,0,1,0,0,0,0,0,0,0,0,0,0,0,0,0,0,0,1,0,0,0,0,1
13.0238148,77.5849714,3,R.T. Nagar,122.30279171666666,0,0,0,0,0,1,0,0,0,0,0,0,0,1,0,0,0,0,0,0,0,0,1,0,0,0,0,1
12.9988243,77.5843343,3,Sadashivanagar,139.0271446,0,0,0,0,0,1,0,0,0,1,0,0,0,0,0,0,0,0,0,0,0,0,0,0,0,0,1,2
13.0236971,77.5848231,3,Kodigehalli,166.86722448333333,0,0,0,0,0,1,0,0,0,0,0,0,0,1,0,0,0,0,0,0,0,0,1,0,0,0,0,1
13.0051817,77.68483,1,K.R. Pura,121.64312991666667,0,0,0,0,0,1,0,0,0,0,0,0,0,1,0,0,0,0,0,0,1,0,0,0,0,0,0,1
13.0232903,77.5849689,3,R.T. Nagar,174.36217056666666,0,0,0,0,0,1,0,0,1,0,0,0,0,0,0,0,0,0,0,0,0,0,0,0,0,0,0,1
13.023566,77.5849871,3,R.T. Nagar,166.81457153333335,0,0,0,0,0,1,0,0,1,0,0,0,0,0,0,0,0,0,0,0,0,0,0,0,0,0,0,1
12.8972298,77.6001501,3,Mico Layout,128.59650296666666,0,0,0,0,0,1,0,0,0,0,0,1,0,0,0,0,0,0,0,0,0,0,0,0,0,0,0,1
12.9951755,77.7580241,1,Mahadevapura,45.65551266666667,0,0,0,0,0,1,0,0,1,0,0,0,0,0,0,0,0,0,0,1,0,0,0,0,0,0,0,1
12.9894968,77.506296,3,Kamakshipalya,32.2544127,0,0,0,0,0,1,0,0,1,0,0,0,0,0,0,0,0,0,0,0,0,0,0,0,0,0,0,1
13.060265,77.4620637,1,No Police Station,7.675249016666667,0,0,0,0,0,1,0,0,0,1,0,0,0,0,0,0,0,0,0,0,0,0,0,0,0,0,0,1
13.2005963,77.6609968,1,Devanahalli Airport,119.87350748333333,1,0,0,0,0,0,1,0,0,0,0,0,0,0,0,0,0,0,0,0,0,0,0,0,0,0,0,1
12.9993949,77.5837931,3,Sadashivanagar,27.512111066666666,0,0,0,0,0,1,0,0,0,0,0,0,0,0,1,0,0,0,0,0,0,0,0,0,0,0,0,2
13.0296745,77.5871846,3,Hebbala,19.582385133333332,0,0,0,0,0,1,0,0,0,0,0,1,0,0,0,0,0,0,0,0,0,0,1,0,0,0,0,1
12.9444517,77.7469317,1,Whitefield,122.15210693333333,0,0,1,0,0,0,1,0,0,0,0,0,0,0,0,0,0,0,0,1,0,0,0,0,0,0,0,1
12.9969117,77.6685412,3,Banaswadi,122.21226025,0,0,0,0,0,1,0,0,0,0,0,1,0,0,0,0,0,0,0,0,1,0,0,0,0,0,0,1
13.10944,77.6038233,3,Yelahanka,126.71080676666666,0,0,0,0,0,1,0,0,0,0,0,0,0,0,0,1,0,0,0,0,0,0,1,0,0,0,0,2
12.883647,77.6428944,3,Hulimavu,144.76819511666665,0,0,0,0,0,1,0,1,0,0,0,0,0,0,0,0,0,0,0,0,0,0,0,0,1,0,0,2
13.0195425,77.7085296,1,K.R. Pura,79.95452736666667,0,0,0,0,0,1,0,0,0,0,0,0,1,0,0,0,0,0,0,0,1,0,0,0,0,0,0,2
12.9940358,77.5848977,3,High ground,142.24825675,0,0,0,0,0,1,0,0,0,0,0,0,0,1,0,0,0,0,1,0,0,0,0,0,0,0,0,1
13.1087122,77.6040177,3,Yelahanka,168.20732626666668,0,0,0,0,0,1,0,0,0,0,0,0,0,0,0,1,0,0,0,0,0,0,1,0,0,0,0,1
13.0361679,77.5416999,3,Yeshwanthpura,47.18853848333333,0,0,0,0,0,1,0,0,0,1,0,0,0,0,0,0,0,0,0,0,0,0,0,0,0,1,0,1
13.0749017,77.4370317,1,No Police Station,166.02293375,0,0,0,0,0,1,0,0,0,1,0,0,0,0,0,0,0,0,0,0,0,0,0,0,0,0,0,1
13.04158,77.5469183,3,Jalahalli,166.91871086666666,0,0,0,0,0,1,0,0,0,1,0,0,0,0,0,0,0,0,0,0,0,0,1,0,0,0,0,1
13.0442533,77.5479436,3,Jalahalli,119.49004745,0,0,0,0,0,1,0,0,1,0,0,0,0,0,0,0,0,0,0,0,0,0,1,0,0,0,0,2
13.0050171,77.6844668,1,K.R. Pura,29.950958099999998,0,0,0,0,0,1,0,0,0,1,0,0,0,0,0,0,0,0,0,0,0,0,0,0,0,0,0,1
13.0534637,77.4862042,1,No Police Station,169.50004585,0,0,0,0,0,1,0,0,0,0,1,0,0,0,0,0,0,0,0,0,0,0,0,0,0,0,0,2
13.0365267,77.589335,3,Kodigehalli,84.78185871666666,0,0,0,0,0,1,0,0,0,0,0,0,0,1,0,0,0,0,0,0,0,0,1,0,0,0,0,1
13.0469472,77.5026717,1,Chikkabanavara,170.48437788333334,0,0,0,0,0,1,0,0,0,0,0,0,0,1,0,0,0,0,0,0,0,0,1,0,0,0,0,1
12.8468083,77.6699458,1,Electronic City,130.29469433333333,0,0,0,0,0,1,0,0,0,0,0,0,0,0,1,0,0,0,0,0,0,0,0,0,0,0,0,3
12.9857398,77.479266,1,Kamakshipalya,104.65397676666666,0,0,0,0,0,1,0,0,0,0,0,1,0,0,0,0,0,0,0,0,0,0,0,0,0,0,0,1
12.8792647,77.6466964,3,Electronic City,40.8658856,0,0,0,0,0,1,0,0,0,0,0,1,0,0,0,0,0,0,0,0,0,0,0,0,0,0,0,1
13.02598,77.7200833,1,K.R. Pura,117.56678289999999,0,0,0,0,0,1,0,0,0,0,0,1,0,0,0,0,0,0,0,0,1,0,0,0,0,0,0,1
12.9563113,77.7058354,3,HAL Old Airport,137.29526868333332,0,0,0,0,0,1,0,0,0,0,0,1,0,0,0,0,0,0,0,1,0,0,0,0,0,0,0,1
13.032425,77.55337134,1,Yeshwanthpura,173.30867398333334,0,0,1,0,0,0,1,0,0,0,0,0,0,0,0,0,0,0,0,0,0,0,0,0,0,0,0,1
13.1770041,77.6364868,3,Chikkajala,61.77776111666667,0,0,0,0,0,1,0,0,0,1,0,0,0,0,0,0,0,0,0,0,0,0,0,0,0,0,0,2
13.0199901,77.7095006,1,K.R. Pura,17.657173883333332,0,0,0,0,0,1,0,0,0,0,1,0,0,0,0,0,0,0,0,0,0,0,0,0,0,0,0,1
13.0251867,77.5853333,3,R.T. Nagar,161.86492134999997,0,0,0,0,0,1,0,0,0,0,0,0,1,0,0,0,0,0,0,0,0,0,1,0,0,0,0,2
13.022067,77.5845037,3,R.T. Nagar,160.1851413,0,0,0,0,0,1,0,0,0,0,0,0,1,0,0,0,0,0,0,0,0,0,1,0,0,0,0,1
13.0089967,77.5269135,1,Rajajinagar,134.19218358333333,0,0,0,0,0,1,0,0,0,0,0,1,0,0,0,0,0,0,0,0,0,0,0,0,0,0,0,1
13.0281652,77.586313,3,R.T. Nagar,62.4889185,1,0,0,0,0,0,1,0,0,0,0,0,0,0,0,0,0,0,0,0,0,0,1,0,0,0,0,1
12.89030403,77.48279024,1,Kengeri,95.0260684,1,0,0,0,0,0,1,0,0,0,0,0,0,0,0,0,0,0,0,0,0,0,0,0,0,1,0,3
12.9389572,77.7473947,1,Whitefield,161.17403775,0,1,0,0,0,0,1,0,0,0,0,0,0,0,0,0,0,0,0,1,0,0,0,0,0,0,0,1
12.89030403,77.48279024,1,Kengeri,95.02636021666667,1,0,0,0,0,0,1,0,0,0,0,0,0,0,0,0,0,0,0,0,0,0,0,0,0,1,0,3
12.89030403,77.48279024,1,Kengeri,95.02656041666667,1,0,0,0,0,0,1,0,0,0,0,0,0,0,0,0,0,0,0,0,0,0,0,0,0,1,0,3
12.998546,77.5839304,3,Sadashivanagar,140.9432794,0,0,0,0,0,1,0,0,0,0,0,0,0,0,1,0,0,0,1,0,0,0,0,0,0,0,0,2
13.0981358,77.5718729,1,Yelahanka,164.38651066666668,0,0,0,0,0,1,0,0,0,0,0,0,1,0,0,0,0,0,0,0,0,0,1,0,0,0,0,1
12.9821891,77.4802964,1,Kamakshipalya,21.61499846666667,0,0,1,0,0,0,1,0,0,0,0,0,0,0,0,0,0,0,0,0,0,0,0,0,0,1,0,1
13.0496095,77.5932886,3,Hebbala,145.369932,0,0,0,0,0,1,0,0,0,0,0,1,0,0,0,0,0,0,0,0,0,1,0,0,0,0,0,1
13.0561689,77.4747772,1,No Police Station,165.99156241666665,0,0,0,0,0,1,0,0,0,1,0,0,0,0,0,0,0,0,0,0,0,0,0,0,0,0,0,2
13.1028087,77.6276652,1,Yelahanka,122.56438266666667,0,0,1,0,0,0,1,0,0,0,0,0,0,0,0,0,0,0,0,0,0,0,1,0,0,0,0,1
12.9567383,77.7075067,3,HAL Old Airport,123.59875743333333,0,0,0,0,0,1,0,0,0,0,0,0,0,1,0,0,0,0,0,1,0,0,0,0,0,0,0,1
13.0458887,77.6019015,3,Hebbala,122.39238878333335,0,0,0,0,0,1,0,0,0,1,0,0,0,0,0,0,0,0,0,0,0,1,0,0,0,0,0,1
12.997957,77.5843292,3,Sadashivanagar,66.08000601666667,0,0,0,0,0,1,0,0,1,0,0,0,0,0,0,0,0,0,1,0,0,0,0,0,0,0,0,1
12.9388557,77.7473015,1,Whitefield,170.2391415333333,0,1,0,0,0,0,1,0,0,0,0,0,0,0,0,0,0,0,0,1,0,0,0,0,0,0,0,1
13.1070167,77.5809664,1,Yelahanka,131.29221528333335,0,0,0,0,0,1,0,0,0,1,0,0,0,0,0,0,0,0,0,0,0,0,1,0,0,0,0,1
13.0198055,77.7096787,1,K.R. Pura,123.69098591666666,0,0,0,0,0,1,0,0,0,0,0,0,1,0,0,0,0,0,0,0,0,0,0,0,0,0,0,1
13.0198893,77.7096328,1,K.R. Pura,132.07241975,0,0,0,0,0,1,0,0,0,1,0,0,0,0,0,0,0,0,0,0,0,0,0,0,0,0,0,1
13.0230345,77.5844505,3,Kodigehalli,178.28493179999998,0,0,0,0,0,1,0,0,0,0,0,0,0,0,1,0,0,0,0,0,0,0,0,0,0,0,1,1
12.9897125,77.5018663,3,Kamakshipalya,141.31250381666666,0,0,1,0,0,0,1,0,0,0,0,0,0,0,0,0,0,0,0,0,0,0,0,0,0,1,0,1
13.0475005,77.628707,3,Hennuru,129.40743895,0,0,1,0,0,0,1,0,0,0,0,0,0,0,0,0,0,0,0,0,0,1,0,0,0,0,0,1
13.0469736,77.7519266,1,K.R. Pura,124.2080574,0,0,0,0,0,1,0,0,0,1,0,0,0,0,0,0,0,0,0,0,0,0,0,0,0,0,0,1
12.9616506,77.7167073,1,HAL Old Airport,166.17756598333332,0,0,0,0,0,1,0,0,0,1,0,0,0,0,0,0,0,0,0,1,0,0,0,0,0,0,0,1
13.1988858,77.6956627,1,Devanahalli Airport,125.75486378333333,0,0,0,0,0,1,0,0,0,0,0,0,1,0,0,0,0,0,0,0,0,0,0,0,0,0,0,2
12.9953153,77.6667291,3,Mahadevapura,135.38941858333334,0,0,0,0,0,1,0,0,0,0,0,0,1,0,0,0,0,0,0,0,1,0,0,0,0,0,0,1
13.0197796,77.7095576,1,K.R. Pura,29.330081749999998,0,0,0,0,0,1,0,0,0,0,0,1,0,0,0,0,0,0,0,0,1,0,0,0,0,0,0,2
12.9968495,77.5847935,3,High ground,77.10802596666667,1,0,0,0,0,0,1,0,0,0,0,0,0,0,0,0,0,0,1,0,0,0,0,0,0,0,0,3
12.9669599,77.7484269,1,Whitefield,15.805486683333333,0,0,0,0,0,1,0,0,0,1,0,0,0,0,0,0,0,0,0,1,0,0,0,0,0,0,0,1
13.0266017,77.5872681,3,R.T. Nagar,36.41474506666667,0,0,0,0,0,1,0,0,1,0,0,0,0,0,0,0,0,0,0,0,0,0,0,0,0,0,0,1
13.0599489,77.463183,1,No Police Station,129.44813793333333,0,0,0,0,0,1,0,0,0,1,0,0,0,0,0,0,0,0,0,0,0,0,0,0,0,0,0,1
13.060012,77.4632605,1,No Police Station,128.6097586,0,0,0,0,0,1,0,0,0,1,0,0,0,0,0,0,0,0,0,0,0,0,0,0,0,0,0,1
13.0014389,77.5838218,3,Sadashivanagar,160.57038426666668,0,0,0,0,0,1,0,0,0,0,0,0,0,0,0,0,1,0,0,0,0,0,0,0,0,0,1,1
12.9424775,77.7470829,1,Whitefield,168.97306795,0,0,1,0,0,0,1,0,0,0,0,0,0,0,0,0,0,0,0,1,0,0,0,0,0,0,0,1
12.8968387,77.5711191,1,Thalagattapura,149.21803481666666,0,0,0,0,0,1,0,0,1,0,0,0,0,0,0,0,0,0,0,0,0,0,0,0,1,0,0,1
13.0134371,77.6166422,1,K.G. Halli,180.0,0,0,0,0,0,1,0,0,1,0,0,0,0,0,0,0,0,0,0,0,0,1,0,0,0,0,0,1
13.0264842,77.5448307,3,Yeshwanthpura,84.17469084999999,0,0,0,0,0,1,0,0,0,0,0,0,0,0,0,0,1,0,0,0,0,0,0,0,0,1,0,1
12.9016722,77.6605921,1,Bellandur,140.42266853333334,0,0,1,0,0,0,1,0,0,0,0,0,0,0,0,0,0,0,0,0,0,0,0,0,0,0,0,1
12.9718578,77.5129088,1,Jnanabharathi,148.33758513333333,0,0,0,0,0,1,0,0,0,1,0,0,0,0,0,0,0,0,0,0,0,0,0,0,0,1,0,1
13.0197731,77.7087354,1,K.R. Pura,68.62886456666666,0,0,0,0,0,1,0,0,0,0,0,1,0,0,0,0,0,0,0,0,0,0,0,0,0,0,0,2
13.0841133,77.5518104,1,Yelahanka,36.671183766666665,1,0,0,0,0,0,1,0,0,0,0,0,0,0,0,0,0,0,0,0,0,0,1,0,0,0,0,1
12.95636169,77.73183671,3,Whitefield,7.910359416666666,0,0,0,0,0,1,0,0,0,0,0,0,1,0,0,0,0,0,0,1,0,0,0,0,0,0,0,2
13.05972511,77.57677197,1,Kodigehalli,16.803901183333334,0,0,0,0,0,1,0,0,1,0,0,0,0,0,0,0,0,0,0,0,0,0,0,0,0,0,0,2
12.9389341,77.7474303,1,Whitefield,160.1965511,0,1,0,0,0,0,1,0,0,0,0,0,0,0,0,0,0,0,0,0,0,0,0,0,0,0,0,1
12.9137134,77.6775778,1,Bellandur,43.907098983333334,0,0,0,0,0,1,0,0,1,0,0,0,0,0,0,0,0,0,0,0,0,0,0,0,1,0,0,1
12.9957617,77.7580471,1,Mahadevapura,123.69979516666668,0,0,0,0,0,1,0,0,0,0,0,1,0,0,0,0,0,0,0,1,0,0,0,0,0,0,0,1
12.9962836,77.6687917,3,Mahadevapura,27.080189233333332,0,0,0,0,0,1,0,0,0,0,0,0,0,1,0,0,0,0,0,0,1,0,0,0,0,0,0,1
13.0600554,77.465896,1,No Police Station,175.0527214,0,0,0,0,0,1,0,0,0,0,0,1,0,0,0,0,0,0,0,0,0,0,0,0,0,0,0,1
12.9902837,77.5043876,3,Kamakshipalya,138.8399365,0,0,0,0,0,1,0,0,0,0,1,0,0,0,0,0,0,0,0,0,0,0,0,0,0,1,0,1
12.9113033,77.5670083,3,K.S. Layout,96.01973389999999,0,0,0,0,0,1,0,0,1,0,0,0,0,0,0,0,0,0,0,0,0,0,0,1,0,0,0,1
13.0486094,77.5137389,3,Halasuru Gate,96.76756271666666,0,0,0,0,0,1,0,0,1,0,0,0,0,0,0,0,0,0,0,0,0,0,1,0,0,0,0,1
12.93880013,77.52290747,3,Byatarayanapura,112.81719833333334,0,0,0,0,0,1,0,0,1,0,0,0,0,0,0,0,0,0,0,0,0,0,0,0,0,1,0,2
12.9890709,77.5072986,3,Kamakshipalya,8.331595366666667,0,0,0,0,0,1,0,0,0,1,0,0,0,0,0,0,0,0,0,0,0,0,0,0,0,1,0,1
12.9118314,77.6257063,3,Madiwala,76.14695535000001,0,0,0,0,0,1,0,0,1,0,0,0,0,0,0,0,0,0,0,0,0,0,0,0,1,0,0,1
12.9475888,77.5239633,1,Byatarayanapura,147.81677845000002,0,0,0,0,0,1,0,0,1,0,0,0,0,0,0,0,0,0,0,0,0,0,0,0,0,1,0,1
13.0034967,77.6632833,3,Banaswadi,133.90784705,0,0,0,0,0,1,0,0,1,0,0,0,0,0,0,0,0,0,0,0,1,0,0,0,0,0,0,2
13.184446,77.6797199,1,Chikkajala,18.243379033333333,0,0,0,1,0,0,1,0,0,0,0,0,0,0,0,0,0,0,0,0,0,0,0,0,0,0,0,1
12.9896263,77.5017355,3,Kamakshipalya,34.93821658333333,0,0,0,0,0,1,0,0,0,1,0,0,0,0,0,0,0,0,0,0,0,0,0,0,0,1,0,1
13.0578168,77.4688209,1,No Police Station,159.03310836666665,0,0,0,0,0,1,0,0,0,0,1,0,0,0,0,0,0,0,0,0,0,0,0,0,0,0,0,1
12.9971792,77.5845996,3,High ground,176.83593135,0,0,0,0,0,1,0,0,1,0,0,0,0,0,0,0,0,0,1,0,0,0,0,0,0,0,0,1
13.0442323,77.5210725,1,Chikkabanavara,180.0,0,0,0,0,0,1,0,0,0,0,0,0,0,0,0,0,1,0,0,0,0,0,1,0,0,0,0,1
13.039231,77.6413996,3,Hennuru,180.0,0,0,0,0,0,1,0,0,0,0,0,0,0,0,0,0,1,0,0,0,0,1,0,0,0,0,0,1
13.1544591,77.7275651,1,Chikkajala,80.50203295,1,0,0,0,0,0,1,0,0,0,0,0,0,0,0,0,0,0,0,0,0,0,0,0,0,0,0,1
12.9486698,77.7179181,1,Whitefield,13.8765319,0,0,0,0,0,1,0,0,0,1,0,0,0,0,0,0,0,0,0,1,0,0,0,0,0,0,0,1
12.9889819,77.5002871,3,Kamakshipalya,126.74644996666666,0,0,0,0,0,1,0,0,0,1,0,0,0,0,0,0,0,0,0,0,0,0,0,0,0,1,0,1
12.9514817,77.5207876,1,Byatarayanapura,177.58825445,0,0,0,0,0,1,0,0,0,1,0,0,0,0,0,0,0,0,0,0,0,0,0,0,0,1,0,1
12.9742933,77.75069,1,Whitefield,178.45112368333332,0,0,0,0,0,1,0,0,0,1,0,0,0,0,0,0,0,0,0,1,0,0,0,0,0,0,0,1
12.9498464,77.6993198,3,HAL Old Airport,13.849933383333333,0,0,0,0,0,1,0,0,1,0,0,0,0,0,0,0,0,0,0,1,0,0,0,0,0,0,0,1
12.9227359,77.6700495,3,Bellandur,29.571941783333333,1,0,0,0,0,0,1,0,0,0,0,0,0,0,0,0,0,0,0,1,0,0,0,0,0,0,0,3
13.0504655,77.5529785,1,Jalahalli,127.33108316666667,0,0,0,0,0,1,0,0,0,0,0,0,0,1,0,0,0,0,0,0,0,0,1,0,0,0,0,1
12.9928394,77.7112655,1,Mahadevapura,139.5504521,0,0,0,0,0,1,0,0,1,0,0,0,0,0,0,0,0,0,0,1,0,0,0,0,0,0,0,1
13.0060289,77.5932338,1,R.T. Nagar,123.54347925,0,0,0,0,0,1,0,0,0,0,0,0,0,1,0,0,0,0,0,0,0,0,1,0,0,0,0,1
13.042539,77.5495742,3,Jalahalli,132.79151681666667,0,0,0,0,0,1,0,0,0,0,0,1,0,0,0,0,0,0,0,0,0,0,1,0,0,0,0,2
13.0199049,77.709868,1,K.R. Pura,58.34383913333333,0,0,0,0,0,1,0,0,0,0,0,0,1,0,0,0,0,0,0,0,1,0,0,0,0,0,0,2
12.9692572,77.7498516,1,Whitefield,166.99325285,0,0,0,0,0,1,0,0,0,0,0,0,0,0,0,0,1,0,0,1,0,0,0,0,0,0,0,1
13.0491785,77.5549561,1,Jalahalli,55.27947091666667,0,0,0,0,0,1,0,0,1,0,0,0,0,0,0,0,0,0,0,0,0,1,0,0,0,0,0,1
12.9621653,77.5642902,3,Chamarajpet,62.3155683,0,0,0,0,0,1,0,0,1,0,0,0,0,0,0,0,0,0,1,0,0,0,0,0,0,0,0,1
13.0137217,77.7000983,1,K.R. Pura,170.62800031666666,0,0,0,0,0,1,0,0,0,1,0,0,0,0,0,0,0,0,0,0,1,0,0,0,0,0,0,1
12.9126411,77.6250896,3,Madiwala,133.54827843333334,0,0,0,0,0,1,0,0,1,0,0,0,0,0,0,0,0,0,0,0,0,0,0,0,1,0,0,1
13.0529745,77.631348,3,Hennuru,123.45179415,0,0,0,0,0,1,0,0,1,0,0,0,0,0,0,0,0,0,0,0,0,1,0,0,0,0,0,1
12.8748071,77.6692195,1,Electronic City,61.12860748333333,0,0,0,0,0,1,0,0,1,0,0,0,0,0,0,0,0,0,0,0,0,0,0,1,0,0,0,2
12.8417072,77.6442073,1,Electronic City,98.90068815,0,0,0,0,0,1,0,0,0,0,0,0,1,0,0,0,0,0,0,0,0,0,0,0,0,0,0,1
13.0139185,77.5793879,1,Sadashivanagar,90.51336833333333,0,0,0,0,1,0,1,0,0,0,0,0,0,0,0,0,0,0,0,0,0,0,0,0,0,0,1,1
12.9153517,77.6900667,1,Bellandur,99.9521153,1,0,0,0,0,0,1,0,0,0,0,0,0,0,0,0,0,0,0,1,0,0,0,0,0,0,0,1
13.0098453,77.6500858,1,Banaswadi,11.68540305,0,0,0,0,0,1,0,0,1,0,0,0,0,0,0,0,0,0,0,0,0,1,0,0,0,0,0,1
12.9210898,77.529154,1,Kengeri,7.973429116666667,0,0,0,0,0,1,0,0,1,0,0,0,0,0,0,0,0,0,0,0,0,0,0,0,0,1,0,1
12.8964784,77.720464,1,Whitefield,127.44482198333334,0,0,0,0,0,1,0,0,0,1,0,0,0,0,0,0,0,0,0,0,0,0,0,0,0,0,0,1
12.9591587,77.6600696,3,Jeevanbheemanagar,180.0,0,0,0,0,0,1,0,0,1,0,0,0,0,0,0,0,0,0,0,0,1,0,0,0,0,0,0,2
13.250365,77.707075,1,Devanahalli Airport,4.1841364,0,0,0,0,0,1,0,0,0,1,0,0,0,0,0,0,0,0,0,0,0,0,0,0,0,0,0,2
12.9064217,77.5804683,3,J.P. Nagar,164.54990476666666,0,0,0,0,0,1,0,0,0,0,0,0,0,1,0,0,0,0,0,0,0,0,0,1,0,0,0,1
13.0303387,77.5871798,3,Hebbala,178.8569682,0,0,0,0,0,1,0,0,0,0,0,1,0,0,0,0,0,0,0,0,0,0,1,0,0,0,0,1
13.0199617,77.7092517,1,K.R. Pura,122.80341486666666,0,0,0,0,0,1,0,0,0,0,0,1,0,0,0,0,0,0,0,0,1,0,0,0,0,0,0,2
12.98380495,77.52899131,3,Kamakshipalya,49.2026263,0,0,0,0,0,1,0,0,0,0,0,1,0,0,0,0,0,0,0,0,0,0,0,0,0,0,1,1
13.0496326,77.4944754,1,Peenya,107.37691118333333,1,0,0,0,0,0,1,0,0,0,0,0,0,0,0,0,0,0,0,0,0,0,0,0,0,1,0,3
12.9986587,77.5843121,3,Sadashivanagar,8.5709438,0,0,0,0,0,1,0,0,1,0,0,0,0,0,0,0,0,0,0,0,0,0,0,0,0,0,1,1
13.2502567,77.7070167,1,Devanahalli Airport,10.310373033333333,0,0,0,0,0,1,0,0,0,1,0,0,0,0,0,0,0,0,0,0,0,0,0,0,0,0,0,2
12.971225,77.5063956,1,Jnanabharathi,107.37552628333333,1,0,0,0,0,0,1,0,0,0,0,0,0,0,0,0,0,0,0,0,0,0,0,0,0,1,0,1
12.971225,77.5063956,1,Jnanabharathi,102.76488435,1,0,0,0,0,0,1,0,0,0,0,0,0,0,0,0,0,0,0,0,0,0,0,0,0,1,0,1
12.971225,77.5063956,1,Jnanabharathi,106.68405368333333,1,0,0,0,0,0,1,0,0,0,0,0,0,0,0,0,0,0,0,0,0,0,0,0,0,1,0,1
12.9193469,77.6429512,3,HSR Layout,89.75760016666666,0,0,0,0,0,1,0,0,1,0,0,0,0,0,0,0,0,0,0,0,0,0,0,0,1,0,0,2
13.004387,77.5840704,3,Sadashivanagar,173.25944558333333,0,0,0,0,0,1,0,0,0,0,0,0,0,0,0,1,0,0,0,0,0,0,0,0,0,0,1,2
13.0112933,77.52895,1,Rajajinagar,149.38232058333332,0,0,0,0,0,1,0,0,0,1,0,0,0,0,0,0,0,0,0,0,0,0,0,0,0,1,0,1
13.0494288,77.4947532,1,Peenya,57.23335346666667,0,0,0,0,0,1,0,0,0,1,0,0,0,0,0,0,0,0,0,0,0,0,0,0,0,1,0,1
12.9400972,77.7473413,1,Whitefield,55.859611666666666,0,0,0,0,0,1,0,0,1,0,0,0,0,0,0,0,0,0,0,1,0,0,0,0,0,0,0,1
13.03484,77.557342,1,Yeshwanthpura,86.91129488333333,0,0,0,0,0,1,0,0,0,1,0,0,0,0,0,0,0,0,0,0,0,0,1,0,0,0,0,1
13.0200101,77.7099626,1,K.R. Pura,91.56274088333333,0,0,0,0,0,1,0,0,0,0,0,0,1,0,0,0,0,0,0,0,1,0,0,0,0,0,0,2
13.0370812,77.5418374,3,Yeshwanthpura,70.69381796666667,0,0,0,0,0,1,0,0,0,0,0,1,0,0,0,0,0,0,0,0,0,0,0,0,0,1,0,2
13.0422769,77.5484704,3,Jalahalli,7.5481027166666665,0,0,0,0,0,1,0,0,0,0,0,1,0,0,0,0,0,0,0,0,0,0,1,0,0,0,0,1
13.021378,77.5842667,3,Sadashivanagar,33.71249048333333,0,0,0,0,0,1,0,0,1,0,0,0,0,0,0,0,0,0,0,0,0,0,1,0,0,0,0,1
13.0560892,77.4749277,1,No Police Station,169.95424951666666,0,0,0,0,0,1,0,0,0,0,0,1,0,0,0,0,0,0,0,0,0,0,0,0,0,0,0,1
12.9796057,77.5105862,1,Jnanabharathi,46.53765805,0,0,0,0,0,1,0,0,1,0,0,0,0,0,0,0,0,0,0,0,0,0,0,0,0,1,0,1
12.9994123,77.5843319,3,Sadashivanagar,52.97608373333333,0,0,0,0,0,1,0,0,1,0,0,0,0,0,0,0,0,0,0,0,0,0,0,0,0,0,1,2
12.9658108,77.65806,1,Jeevanbheemanagar,98.72606275,0,0,0,0,0,1,0,0,0,0,0,1,0,0,0,0,0,1,0,0,0,0,0,0,0,0,0,1
12.9039683,77.5105667,1,Kengeri,39.61189256666667,0,0,0,0,0,1,0,0,1,0,0,0,0,0,0,0,0,0,0,0,0,0,0,0,0,1,0,1
13.0796571,77.5020024,1,Chikkabanavara,32.548574,0,0,0,0,0,1,0,0,1,0,0,0,0,0,0,0,0,0,0,0,0,0,0,0,0,0,0,1
13.0003798,77.6762968,3,Banaswadi,124.30893876666667,0,0,0,0,0,1,0,0,1,0,0,0,0,0,0,0,0,0,0,0,1,0,0,0,0,0,0,1
12.9130048,77.5666863,3,K.S. Layout,150.09319828333335,0,0,0,0,0,1,0,0,0,0,0,0,1,0,0,0,0,0,0,0,0,0,0,1,0,0,0,2
12.999518,77.6743497,1,Banaswadi,14.0151522,0,0,0,0,0,1,0,0,0,1,0,0,0,0,0,0,0,0,0,0,1,0,0,0,0,0,0,1
13.0736844,77.4397021,1,No Police Station,148.16579536666669,0,0,0,0,0,1,0,0,0,0,0,1,0,0,0,0,0,0,0,0,0,0,0,0,0,0,0,1
12.8578234,77.5891417,3,Hulimavu,82.56341431666667,1,0,0,0,0,0,1,0,0,0,0,0,0,0,0,0,0,0,0,0,0,0,0,1,0,0,0,1
13.1729433,77.7302567,1,Chikkajala,152.99848826666667,0,0,0,0,0,1,0,0,0,1,0,0,0,0,0,0,0,0,0,0,0,0,0,0,0,0,0,1
12.9987004,77.584156,3,Sadashivanagar,94.6911131,0,0,0,0,0,1,0,0,0,0,1,0,0,0,0,0,0,0,1,0,0,0,0,0,0,0,0,1
12.9351517,77.6909271,3,HAL Old Airport,130.08521641666667,0,0,0,0,0,1,0,0,0,1,0,0,0,0,0,0,0,0,0,1,0,0,0,0,0,0,0,1
12.861995,77.6598631,1,Electronic City,17.692932883333334,0,0,0,0,0,1,0,0,0,0,0,1,0,0,0,0,0,0,0,0,0,0,0,1,0,0,0,1
13.09591716,77.56173962,1,Yelahanka,26.38407085,1,0,0,0,0,0,1,0,0,0,0,0,0,0,0,0,0,0,0,0,0,0,1,0,0,0,0,1
13.0489064,77.4968648,1,Chikkabanavara,113.64989531666667,1,0,0,0,0,0,1,0,0,0,0,0,0,0,0,0,0,0,0,0,0,0,1,0,0,0,0,3
12.9621751,77.630028,1,Halasur,38.401426900000004,0,0,0,0,0,1,0,0,1,0,0,0,0,0,0,0,0,1,0,0,0,0,0,0,0,0,0,1
12.99827828,77.66343478,3,Banaswadi,22.08807725,0,0,0,0,0,1,0,0,0,0,0,0,1,0,0,0,0,1,0,0,0,0,0,0,0,0,0,1
12.9970209,77.6641897,3,Banaswadi,165.26082413333333,0,0,0,0,0,1,0,0,0,0,0,0,0,0,0,0,1,0,0,0,1,0,0,0,0,0,0,1
13.0574195,77.4729628,1,No Police Station,125.0503581,0,0,0,0,0,1,0,0,0,0,0,1,0,0,0,0,0,0,0,0,0,0,0,0,0,0,0,1
13.0027412,77.6796932,3,K.R. Pura,72.49902041666665,0,0,0,0,0,1,0,0,1,0,0,0,0,0,0,0,0,0,0,0,1,0,0,0,0,0,0,1
12.87567087,77.54369931,1,Thalagattapura,96.80350490000001,1,0,0,0,0,0,1,0,0,0,0,0,0,0,0,0,0,0,0,0,0,0,0,1,0,0,0,1
13.0200175,77.5837123,3,Sadashivanagar,40.69936873333334,0,0,0,0,0,1,0,0,0,0,0,0,0,0,1,0,0,0,0,0,0,0,0,0,0,0,1,2
13.0891594,77.5960975,3,Yelahanka,43.00044726666667,0,0,0,0,0,1,0,0,0,1,0,0,0,0,0,0,0,0,0,0,0,0,0,0,0,0,0,3
13.0600562,77.4632125,1,No Police Station,175.89287663333334,0,0,0,0,0,1,0,0,0,1,0,0,0,0,0,0,0,0,0,0,0,0,0,0,0,0,0,1
12.9524768,77.6997647,3,HAL Old Airport,12.876541900000001,0,0,0,0,0,1,0,0,1,0,0,0,0,0,0,0,0,0,0,0,0,0,0,0,0,0,0,1
12.9856366,77.4863683,1,Kamakshipalya,52.71905041666666,0,0,0,0,0,1,0,0,0,1,0,0,0,0,0,0,0,0,0,0,0,0,0,0,0,0,0,1
12.96753749,77.70197706,3,HAL Old Airport,135.03017031666667,0,0,0,0,0,1,0,0,0,1,0,0,0,0,0,0,0,0,0,0,0,0,0,0,0,0,0,1
12.8689366,77.5363322,1,Thalagattapura,62.614986433333335,0,0,0,0,0,1,0,0,0,0,1,0,0,0,0,0,0,0,0,0,0,0,0,0,0,0,0,1
13.0418082,77.5474239,3,Jalahalli,141.8410463666667,0,0,0,0,0,1,0,0,0,0,0,0,1,0,0,0,0,0,0,0,0,0,1,0,0,0,0,2
12.9625796,77.5124517,1,Jnanabharathi,70.29087148333333,1,0,0,0,0,0,1,0,0,0,0,0,0,0,0,0,0,0,0,0,0,0,0,0,0,0,0,3
13.02339,77.5848618,3,R.T. Nagar,134.76963778333334,0,0,0,0,0,1,0,0,0,0,1,0,0,0,0,0,0,0,0,0,0,0,1,0,0,0,0,1
12.9424948,77.7466463,1,Whitefield,32.470111116666665,0,0,0,0,0,1,0,0,0,1,0,0,0,0,0,0,0,0,0,1,0,0,0,0,0,0,0,1
13.1091483,77.60362,3,Yelahanka,74.9959374,0,0,0,0,0,1,0,0,0,0,0,0,0,0,0,1,0,0,0,0,0,0,1,0,0,0,0,1
12.943155,77.7470803,1,Whitefield,138.19594675000002,0,0,0,0,0,1,0,0,1,0,0,0,0,0,0,0,0,0,0,1,0,0,0,0,0,0,0,2
12.9459584,77.4693985,1,Kengeri,134.7941738,0,0,0,0,0,1,0,0,0,0,0,0,0,0,0,0,1,0,0,0,0,0,0,0,0,0,0,1
12.989998,77.5031421,3,Kamakshipalya,173.20580738333334,0,0,1,0,0,0,1,0,0,0,0,0,0,0,0,0,0,0,0,0,0,0,0,0,0,1,0,1
13.0801789,77.5023143,1,Chikkabanavara,14.4955594,0,0,0,0,0,1,0,0,1,0,0,0,0,0,0,0,0,0,0,0,0,0,0,0,0,0,0,2
13.1097617,77.6032733,3,Yelahanka,68.20895490000001,0,0,0,0,0,1,0,0,0,1,0,0,0,0,0,0,0,0,0,0,0,0,1,0,0,0,0,2
13.0033728,77.5836623,3,Sadashivanagar,147.87829071666664,0,0,0,0,0,1,0,0,0,1,0,0,0,0,0,0,0,0,0,0,0,0,0,0,0,0,0,2
13.0477372,77.5008666,1,Chikkabanavara,149.024158,0,0,0,0,0,1,0,0,0,1,0,0,0,0,0,0,0,0,0,0,0,0,1,0,0,0,0,2
12.9872859,77.7368416,1,Whitefield,120.97510186666666,0,0,0,0,0,1,0,0,1,0,0,0,0,0,0,0,0,0,0,0,0,0,0,0,0,0,0,1
13.0473723,77.5006138,1,Peenya,140.15010293333336,0,0,0,0,0,1,0,0,0,1,0,0,0,0,0,0,0,0,0,0,0,0,0,0,0,1,0,2
12.9996421,77.5838816,3,Sadashivanagar,148.8459736,0,0,0,0,0,1,0,0,0,1,0,0,0,0,0,0,0,0,0,0,0,0,0,0,0,0,1,2
13.0573983,77.4730383,1,No Police Station,154.19891421666668,0,0,0,0,0,1,0,0,0,0,0,0,0,0,0,0,1,0,0,0,0,0,0,0,0,0,0,1
13.0493864,77.5942175,3,Hebbala,83.15135861666666,0,0,0,0,0,1,0,0,0,1,0,0,0,0,0,0,0,0,0,0,0,1,0,0,0,0,0,2
12.9966168,77.5848161,3,High ground,40.08785518333333,0,0,0,0,0,1,0,0,0,0,0,0,1,0,0,0,0,0,1,0,0,0,0,0,0,0,0,2
12.9961799,77.5848005,3,High ground,85.08149098333334,0,0,0,0,0,1,0,0,0,0,0,0,0,0,0,1,0,0,1,0,0,0,0,0,0,0,0,1
12.9997059,77.5839711,3,Sadashivanagar,65.8663165,0,0,0,0,0,1,0,0,1,0,0,0,0,0,0,0,0,0,0,0,0,0,0,0,0,0,1,2
13.0472913,77.5007091,1,Peenya,102.04546606666666,0,0,0,0,0,1,0,0,0,0,0,1,0,0,0,0,0,0,0,0,0,0,0,0,0,1,0,2
13.0459483,77.5808312,3,Kodigehalli,174.59615343333334,0,0,0,0,0,1,0,0,0,0,0,0,0,0,0,0,1,0,0,0,0,0,1,0,0,0,0,1
12.9146669,77.5658108,3,Banashankari,123.60503591666667,0,0,0,0,0,1,0,0,0,0,0,0,1,0,0,0,0,0,0,0,0,0,0,1,0,0,0,1
13.0010805,77.5947981,1,R.T. Nagar,147.64205529999998,0,1,0,0,0,0,1,0,0,0,0,0,0,0,0,0,0,0,1,0,0,0,0,0,0,0,0,1
13.0005223,77.6762205,3,Banaswadi,6.547450666666666,0,0,0,0,0,1,0,0,1,0,0,0,0,0,0,0,0,0,0,0,0,0,0,0,0,0,0,1
13.0571847,77.5887835,1,Kodigehalli,6.30425525,0,0,0,0,1,0,1,0,0,0,0,0,0,0,0,0,0,0,0,0,0,1,0,0,0,0,0,1
13.0054924,77.685631,1,K.R. Pura,41.68275345,0,0,0,0,0,1,0,0,1,0,0,0,0,0,0,0,0,0,0,0,1,0,0,0,0,0,0,1
12.9407935,77.7470493,1,Whitefield,40.976809116666665,0,0,0,0,0,1,0,0,0,1,0,0,0,0,0,0,0,0,0,1,0,0,0,0,0,0,0,2
13.1356101,77.6174033,3,Yelahanka,160.14975558333333,0,0,0,0,0,1,0,0,0,1,0,0,0,0,0,0,0,0,0,0,0,0,0,0,0,0,0,2
12.9901073,77.5050328,3,Kamakshipalya,60.05368791666667,0,0,0,0,0,1,0,0,1,0,0,0,0,0,0,0,0,0,0,0,0,0,0,0,0,1,0,1
12.9853508,77.5272773,3,Kamakshipalya,104.03282848333333,0,0,1,0,0,0,1,0,0,0,0,0,0,0,0,0,0,0,0,0,0,0,0,0,0,1,0,1
13.067594,77.4500109,1,No Police Station,135.18001936666667,0,0,0,0,0,1,0,0,0,0,0,1,0,0,0,0,0,0,0,0,0,0,0,0,0,0,0,1
13.0219463,77.5845518,3,R.T. Nagar,155.12807163333335,0,0,0,0,0,1,0,0,0,0,0,0,1,0,0,0,0,0,0,0,0,0,0,0,0,0,0,1
13.0161856,77.7094731,1,K.R. Pura,7.317652333333333,0,0,0,0,0,1,0,0,0,0,0,1,0,0,0,0,0,0,0,0,1,0,0,0,0,0,0,1
12.9982247,77.7580286,1,Mahadevapura,99.16390298333334,0,0,0,0,0,1,0,0,0,0,0,0,0,0,0,1,0,0,0,0,1,0,0,0,0,0,0,1
13.06494,77.6466017,1,Hennuru,97.8699847,1,0,0,0,0,0,1,0,0,0,0,0,0,0,0,0,0,0,0,0,0,0,0,0,0,0,0,1
13.0422496,77.5488461,3,Jalahalli,9.211240083333333,0,0,0,0,0,1,0,0,0,0,0,0,0,0,0,0,1,0,0,0,0,0,1,0,0,0,0,1
12.9033167,77.6261417,1,Madiwala,128.34203415,0,0,0,0,0,1,0,0,0,0,0,0,1,0,0,0,0,0,0,0,0,0,0,0,0,0,0,2
13.04098,77.5453533,3,Jalahalli,11.609703566666667,0,0,0,0,0,1,0,0,0,0,0,0,1,0,0,0,0,0,0,0,0,0,1,0,0,0,0,1
13.0478149,77.554091,1,Jalahalli,10.431269066666665,0,0,0,0,0,1,0,0,0,1,0,0,0,0,0,0,0,0,0,0,0,0,1,0,0,0,0,1
13.043665,77.6027722,3,Hebbala,16.300484133333335,0,0,0,0,0,1,0,0,0,0,0,0,0,0,1,0,0,0,0,0,0,1,0,0,0,0,0,2
12.99715,77.5839086,3,Sheshadripuram,150.0372294166667,0,0,0,0,0,1,0,0,0,0,0,0,0,0,1,0,0,0,1,0,0,0,0,0,0,0,0,1
13.0464401,77.5020975,1,Peenya,151.99628274999998,0,0,0,0,0,1,0,0,0,0,0,1,0,0,0,0,0,0,0,0,0,0,0,0,0,1,0,2
12.9971467,77.5839069,3,Sheshadripuram,153.68699985,0,0,0,0,0,1,0,0,0,0,0,0,0,0,1,0,0,0,1,0,0,0,0,0,0,0,0,1
12.9787341,77.5153976,1,Jnanabharathi,178.36818685,0,0,0,0,0,1,0,0,0,1,0,0,0,0,0,0,0,0,0,0,0,0,0,0,0,1,0,1
12.9787559,77.5154071,1,Jnanabharathi,179.72453928333334,0,0,0,0,0,1,0,0,0,1,0,0,0,0,0,0,0,0,0,0,0,0,0,0,0,1,0,1
12.9985035,77.5843447,3,Sadashivanagar,126.60401811666667,0,0,0,0,0,1,0,0,0,0,1,0,0,0,0,0,0,0,0,0,0,0,0,0,0,0,1,1
13.0014681,77.5253745,1,Rajajinagar,153.57852013333334,0,0,0,0,0,1,0,0,0,1,0,0,0,0,0,0,0,0,0,0,0,0,0,0,0,1,0,1
13.0005648,77.757477,1,Mahadevapura,168.7313624,0,0,0,0,0,1,0,0,0,1,0,0,0,0,0,0,0,0,0,0,1,0,0,0,0,0,0,2
13.0845542,77.5501542,1,Yeshwanthpura,92.39338156666666,0,0,0,0,0,1,0,0,1,0,0,0,0,0,0,0,0,0,0,0,0,0,1,0,0,0,0,1
12.9857296,77.5265996,3,Kamakshipalya,79.66424116666667,0,0,0,0,0,1,0,0,1,0,0,0,0,0,0,0,0,0,0,0,0,0,0,0,0,0,1,1
13.003475,77.5841612,3,Sadashivanagar,40.299746033333335,0,0,0,0,0,1,0,0,0,0,0,0,1,0,0,0,0,0,0,0,0,0,0,0,0,0,1,2
13.0001085,77.6762542,3,Banaswadi,177.30935200000002,0,0,0,0,0,1,0,0,0,1,0,0,0,0,0,0,0,0,0,0,1,0,0,0,0,0,0,2
13.0593546,77.4646599,1,No Police Station,164.1298124,0,0,0,0,0,1,0,0,0,1,0,0,0,0,0,0,0,0,0,0,0,0,0,0,0,0,0,1
13.1980941,77.708543,1,Devanahalli Airport,77.85790503333332,1,0,0,0,0,0,1,0,0,0,0,0,0,0,0,0,0,0,0,0,0,0,0,0,0,0,0,1
13.047344,77.570777,3,Kodigehalli,158.09325283333334,0,0,0,0,0,1,0,0,0,1,0,0,0,0,0,0,0,0,0,0,0,1,0,0,0,0,0,1
13.0959077,77.5615672,1,Yelahanka,128.70731998333335,0,0,1,0,0,0,1,0,0,0,0,0,0,0,0,0,0,0,0,0,0,0,1,0,0,0,0,1
13.0040067,77.6628842,3,Banaswadi,105.73886243333332,1,0,0,0,0,0,1,0,0,0,0,0,0,0,0,0,0,1,0,0,0,0,0,0,0,0,0,1
12.9389567,77.7474633,1,Whitefield,158.18421996666666,0,1,0,0,0,0,1,0,0,0,0,0,0,0,0,0,0,0,0,1,0,0,0,0,0,0,0,1
12.8872783,77.73818,1,Whitefield,45.618598600000006,0,0,0,0,0,1,0,0,0,0,0,0,0,0,0,0,1,0,0,0,0,0,0,0,0,0,0,1
13.0606205,77.4622398,1,No Police Station,160.85974565,0,0,0,0,0,1,0,0,0,1,0,0,0,0,0,0,0,0,0,0,0,0,0,0,0,0,0,2
13.0246867,77.5477305,3,Yeshwanthpura,180.0,0,0,0,0,0,1,0,0,0,1,0,0,0,0,0,0,0,0,0,0,0,0,0,0,0,1,0,1
13.1043655,77.606441,1,Yelahanka,155.30294841666668,0,0,1,0,0,0,1,0,0,0,0,0,0,0,0,0,0,0,0,0,0,0,1,0,0,0,0,1
13.0425069,77.5490278,3,Jalahalli,26.215256266666664,0,0,0,0,0,1,0,0,0,0,0,1,0,0,0,0,0,0,0,0,0,0,1,0,0,0,0,1
13.1125086,77.6344939,3,Chikkajala,135.12968531666667,0,0,0,0,0,1,0,0,0,1,0,0,0,0,0,0,0,0,0,0,0,0,1,0,0,0,0,3
13.1215483,77.6207367,1,Yelahanka,32.683294716666666,0,0,1,0,0,0,1,0,0,0,0,0,0,0,0,0,0,0,0,0,0,0,1,0,0,0,0,1
13.1339567,77.6163333,3,Yelahanka,161.11824483333334,0,0,0,0,0,1,0,0,0,0,0,0,0,0,0,1,0,0,0,0,0,0,0,0,0,0,0,1
13.0050763,77.6848426,1,K.R. Pura,157.8870868,0,0,0,0,0,1,0,0,0,0,0,0,1,0,0,0,0,0,0,0,1,0,0,0,0,0,0,1
12.930218,77.6085546,1,Mico Layout,131.83760101666667,0,0,1,0,0,0,1,0,0,0,0,0,0,0,0,0,0,0,0,0,0,0,0,0,1,0,0,1
13.0261088,77.5854506,3,Kodigehalli,61.22423801666666,0,0,0,0,0,1,0,0,0,1,0,0,0,0,0,0,0,0,0,0,0,0,1,0,0,0,0,2
12.9937644,77.584964,3,High ground,178.17364733333335,0,0,0,0,0,1,0,0,1,0,0,0,0,0,0,0,0,0,1,0,0,0,0,0,0,0,0,1
13.2128633,77.673985,1,Devanahalli Airport,161.50177313333333,0,0,0,0,0,1,0,0,0,0,0,1,0,0,0,0,0,0,0,0,0,0,0,0,0,0,0,2
12.9358469,77.6918667,3,HAL Old Airport,89.64109846666666,0,0,0,0,0,1,0,0,0,0,0,0,1,0,0,0,0,0,0,1,0,0,0,0,0,0,0,2
12.9026823,77.6274041,1,Madiwala,166.97053288333333,0,0,0,0,0,1,0,0,1,0,0,0,0,0,0,0,0,0,0,0,0,0,0,0,1,0,0,1
13.0486085,77.513748,1,K.S. Layout,12.877339066666668,0,0,0,0,0,1,0,0,1,0,0,0,0,0,0,0,0,0,0,0,0,0,1,0,0,0,0,1
13.0326967,77.6300017,3,Hennuru,120.799202,0,0,0,0,0,1,0,0,0,0,0,0,0,1,0,0,0,0,0,0,0,1,0,0,0,0,0,1
13.0376683,77.5418217,3,Jalahalli,120.43034903333334,0,0,0,0,0,1,0,0,0,1,0,0,0,0,0,0,0,0,0,0,0,0,1,0,0,0,0,1
13.0376741,77.5418027,3,Jalahalli,156.28309235,0,0,0,0,0,1,0,0,0,1,0,0,0,0,0,0,0,0,0,0,0,0,1,0,0,0,0,1
13.0224983,77.7139583,1,K.R. Pura,44.05130068333334,0,0,0,0,0,1,0,0,0,0,0,1,0,0,0,0,0,0,0,0,1,0,0,0,0,0,0,1
12.91014918,77.48015468,3,Kengeri,138.33327478333334,0,0,0,0,0,1,0,0,1,0,0,0,0,0,0,0,0,0,0,0,0,0,0,0,0,0,0,1
12.979765,77.5819083,1,High ground,167.77839741666668,0,0,0,0,0,1,0,0,1,0,0,0,0,0,0,0,0,0,0,0,0,0,0,0,0,0,0,1
12.9794184,77.582,1,Upparpet,156.2564053,0,0,0,0,0,1,0,0,1,0,0,0,0,0,0,0,0,0,0,0,0,0,0,0,0,0,0,1
12.9735596,77.6988105,3,Mahadevapura,29.160188716666667,0,0,0,0,0,1,0,0,0,1,0,0,0,0,0,0,0,0,0,1,0,0,0,0,0,0,0,1
12.9562685,77.7086674,3,HAL Old Airport,156.72769945,0,0,0,0,0,1,0,0,0,0,0,0,1,0,0,0,0,0,0,1,0,0,0,0,0,0,0,1
12.9767555,77.7544836,1,Whitefield,45.4172374,0,0,0,0,0,1,0,0,0,0,0,0,0,0,1,0,0,0,0,1,0,0,0,0,0,0,0,2
13.0500898,77.5929033,3,Kodigehalli,127.24507855,0,0,0,0,0,1,0,0,0,0,0,0,0,0,1,0,0,0,0,0,0,1,0,0,0,0,0,2
13.0327735,77.6300544,3,Hennuru,123.41257195,0,0,0,0,0,1,0,0,0,0,0,0,0,0,0,1,0,0,0,0,0,1,0,0,0,0,0,1
13.0042028,77.5838495,3,Sadashivanagar,60.449528900000004,0,0,0,0,0,1,0,0,1,0,0,0,0,0,0,0,0,0,0,0,0,0,0,0,0,0,1,1
13.0414829,77.5470215,3,Jalahalli,144.35807318333335,0,0,0,0,0,1,0,0,0,0,0,1,0,0,0,0,0,0,0,0,0,0,1,0,0,0,0,1
12.9562685,77.7086674,3,HAL Old Airport,156.72744523333333,0,0,0,0,0,1,0,0,0,0,0,0,1,0,0,0,0,0,0,1,0,0,0,0,0,0,0,1
12.9971825,77.6688042,3,Banaswadi,179.19968588333333,0,0,0,0,0,1,0,0,0,1,0,0,0,0,0,0,0,0,0,0,1,0,0,0,0,0,0,1
13.0241939,77.585128,3,R.T. Nagar,136.39038739999998,0,0,0,0,0,1,0,0,0,1,0,0,0,0,0,0,0,0,0,0,0,0,0,0,0,0,0,2
13.052577,77.4868672,1,No Police Station,100.42751965000001,1,0,0,0,0,0,1,0,0,0,0,0,0,0,0,0,0,0,0,0,0,0,0,0,0,0,0,1
12.9977135,77.6702573,3,Banaswadi,168.78619583333332,0,0,0,0,0,1,0,0,0,0,0,0,0,0,0,0,1,0,0,0,1,0,0,0,0,0,0,1
13.0323233,77.6300948,3,Hennuru,169.75268216666666,0,0,0,0,0,1,0,0,0,0,0,0,1,0,0,0,0,0,0,0,0,1,0,0,0,0,0,1
13.0490952,77.4966057,1,Chikkabanavara,142.06238981666667,0,0,0,0,0,1,0,0,0,1,0,0,0,0,0,0,0,0,0,0,0,0,0,0,0,1,0,2
12.8974311,77.5714977,1,J.P. Nagar,126.58640273333334,0,0,0,0,0,1,0,0,0,0,0,0,0,0,1,0,0,0,0,0,0,0,0,0,0,0,0,2
12.94423,77.4947781,1,Jnanabharathi,52.3679289,0,0,0,0,0,1,0,0,1,0,0,0,0,0,0,0,0,0,0,0,0,0,0,0,0,1,0,1
13.0492013,77.4964351,1,Chikkabanavara,154.57006158333334,0,0,0,0,0,1,0,0,0,1,0,0,0,0,0,0,0,0,0,0,0,0,0,0,0,1,0,1
12.9864648,77.489907,3,Kamakshipalya,120.45697526666666,0,0,1,0,0,0,1,0,0,0,0,0,0,0,0,0,0,0,0,0,0,0,0,0,0,1,0,1
13.0501183,77.4948359,1,Chikkabanavara,162.86446253333332,0,0,0,0,0,1,0,0,0,0,0,1,0,0,0,0,0,0,0,0,0,0,0,0,0,1,0,1
13.0499912,77.5930294,3,Kodigehalli,133.48790858333334,0,0,0,0,0,1,0,0,0,1,0,0,0,0,0,0,0,0,0,0,0,1,0,0,0,0,0,2
13.1106622,77.6040613,3,Yelahanka,87.68711406666667,0,0,0,0,0,1,0,0,0,1,0,0,0,0,0,0,0,0,0,0,0,0,0,0,0,0,0,1
13.0463398,77.7503866,1,K.R. Pura,147.28238473333334,0,0,0,0,0,1,0,0,0,0,0,0,0,1,0,0,0,0,0,0,0,0,0,0,0,0,0,1
13.0032385,77.5839711,3,Sadashivanagar,176.99032416666665,0,0,0,0,0,1,0,0,1,0,0,0,0,0,0,0,0,0,0,0,0,0,0,0,0,0,1,1
13.0002741,77.5840717,3,Sadashivanagar,180.0,0,0,0,0,0,1,0,0,1,0,0,0,0,0,0,0,0,0,0,0,0,0,0,0,0,0,1,1
13.1024142,77.6287664,1,Hennuru,110.64856358333333,1,0,0,0,0,0,1,0,0,0,0,0,0,0,0,0,0,0,0,0,0,0,1,0,0,0,0,1
12.96286699,77.57750887,3,City Market,180.0,1,0,0,0,0,0,1,0,0,0,0,0,0,0,0,0,0,0,0,0,0,0,0,0,0,0,0,1
13.1024223,77.6288436,1,Hennuru,117.94812356666667,1,0,0,0,0,0,1,0,0,0,0,0,0,0,0,0,0,0,0,0,0,0,1,0,0,0,0,1
13.034194,77.5884779,3,Kodigehalli,131.49316628333332,0,0,0,0,0,1,0,0,0,0,0,0,0,0,1,0,0,0,0,0,0,0,1,0,0,0,0,1
12.9924865,77.5856418,3,High ground,133.94110466666666,0,0,0,0,0,1,0,0,0,0,0,0,1,0,0,0,0,0,1,0,0,0,0,0,0,0,0,2
13.1024827,77.628766,1,Hennuru,94.92515536666666,1,0,0,0,0,0,1,0,0,0,0,0,0,0,0,0,0,0,0,0,0,0,1,0,0,0,0,1
13.0756489,77.4354161,1,No Police Station,123.05203415,0,0,0,0,0,1,0,0,0,0,0,0,0,0,1,0,0,0,0,0,0,0,0,0,0,0,0,2
13.0254035,77.5854616,3,R.T. Nagar,145.38109971666665,0,0,0,0,0,1,0,0,1,0,0,0,0,0,0,0,0,0,0,0,0,0,1,0,0,0,0,1
13.0246963,77.5470577,3,Yeshwanthpura,32.2092193,0,0,0,0,0,1,0,0,0,0,1,0,0,0,0,0,0,0,0,0,0,0,0,0,0,0,0,1
13.03826,77.54192,3,Jalahalli,129.72211406666668,0,0,0,0,0,1,0,0,0,1,0,0,0,0,0,0,0,0,0,0,0,0,1,0,0,0,0,3
13.0431929,77.5519516,3,Jalahalli,123.03008908333332,0,0,0,0,0,1,0,0,0,0,0,1,0,0,0,0,0,0,0,0,0,0,1,0,0,0,0,1
13.0591045,77.464677,1,No Police Station,126.71460036666667,0,0,0,0,0,1,0,0,1,0,0,0,0,0,0,0,0,0,0,0,0,0,0,0,0,0,0,1
13.0493509,77.5936933,3,Hebbala,177.84440551666665,0,0,0,0,0,1,0,0,0,0,0,0,0,0,0,0,1,0,0,0,0,1,0,0,0,0,0,1
13.016195,77.7093283,1,K.R. Pura,63.62485048333333,0,0,0,0,0,1,0,0,0,1,0,0,0,0,0,0,0,0,0,0,1,0,0,0,0,0,0,1
12.8410641,77.6494242,1,Electronic City,66.18770063333334,1,0,0,0,0,0,1,0,0,0,0,0,0,0,0,0,0,0,0,0,0,0,0,0,0,0,0,3
12.92258587,77.62260184,3,Madiwala,173.02194388333334,0,0,0,0,0,1,0,0,0,0,0,0,0,1,0,0,0,0,0,0,0,0,0,0,1,0,0,1
12.9998347,77.6757072,3,Banaswadi,130.4545294,0,0,0,0,0,1,0,0,0,0,0,1,0,0,0,0,0,0,0,0,1,0,0,0,0,0,0,1
13.0024033,77.5256032,1,Rajajinagar,167.77411321666665,0,0,0,0,0,1,0,0,0,1,0,0,0,0,0,0,0,0,0,0,0,0,0,0,0,1,0,1
13.0760149,77.4346063,1,No Police Station,158.88205608333334,0,0,0,0,0,1,0,0,0,1,0,0,0,0,0,0,0,0,0,0,0,0,0,0,0,0,0,1
12.994925,77.5850856,3,High ground,129.96739481666665,0,0,0,0,0,1,0,0,0,0,0,0,0,1,0,0,0,0,1,0,0,0,0,0,0,0,0,1
13.049128,77.4958286,1,Peenya,31.049118983333337,0,0,0,0,0,1,0,0,0,0,0,1,0,0,0,0,0,0,0,0,0,0,0,0,0,1,0,1
13.056078,77.6329093,3,Hennuru,50.382559799999996,0,0,0,0,0,1,0,0,1,0,0,0,0,0,0,0,0,0,0,0,0,1,0,0,0,0,0,1
13.0871167,77.5950933,3,Yelahanka,44.61752728333333,0,0,0,0,0,1,0,0,0,0,0,0,1,0,0,0,0,0,0,0,0,1,0,0,0,0,0,1
13.0033533,77.5838033,3,Sadashivanagar,124.44871445,0,0,0,0,0,1,0,0,1,0,0,0,0,0,0,0,0,0,0,0,0,0,0,0,0,0,1,1
12.96309,77.748285,1,Whitefield,41.34313795,0,0,0,0,0,1,0,0,0,1,0,0,0,0,0,0,0,0,0,1,0,0,0,0,0,0,0,1
12.9558583,77.7263767,3,Whitefield,54.53153316666667,0,0,0,0,0,1,0,0,0,0,0,1,0,0,0,0,0,0,0,1,0,0,0,0,0,0,0,2
13.0373345,77.5891886,3,Kodigehalli,96.51823415,0,0,0,0,0,1,0,0,0,0,0,0,0,0,0,0,1,0,0,0,0,0,1,0,0,0,0,1
12.981681,77.5168415,1,Kamakshipalya,120.8848503,0,0,0,0,0,1,0,0,1,0,0,0,0,0,0,0,0,0,0,0,0,0,0,0,0,1,0,1
12.9614083,77.7477767,1,Whitefield,15.559016000000002,0,0,0,0,0,1,0,0,0,0,0,0,0,1,0,0,0,0,0,1,0,0,0,0,0,0,0,1
12.9962013,77.5846817,3,High ground,155.04880741666665,0,0,0,0,0,1,0,0,0,0,0,0,0,1,0,0,0,0,1,0,0,0,0,0,0,0,0,1
13.004995,77.6372391,1,Banaswadi,6.640204833333333,0,0,0,0,0,1,0,0,0,0,0,0,0,0,1,0,0,0,0,0,0,1,0,0,0,0,0,1
13.0004274,77.5840665,3,Sadashivanagar,126.59652053333333,0,0,0,0,0,1,0,0,1,0,0,0,0,0,0,0,0,0,0,0,0,0,0,0,0,0,1,1
12.9004738,77.6270826,1,Madiwala,125.05623080000001,0,0,0,0,0,1,0,0,1,0,0,0,0,0,0,0,0,0,0,0,0,0,0,0,1,0,0,1
12.9279656,77.6809396,3,Bellandur,172.69324113333332,0,0,0,0,0,1,0,0,1,0,0,0,0,0,0,0,0,0,0,1,0,0,0,0,0,0,0,1
13.0436044,77.6050417,3,Hebbala,36.747132416666666,0,0,0,0,0,1,0,0,0,0,0,0,0,0,1,0,0,0,0,0,0,1,0,0,0,0,0,2
12.9805555,77.5166163,1,Kamakshipalya,8.764527933333333,0,0,0,0,0,1,0,0,0,0,0,0,0,0,0,0,1,0,0,0,0,0,0,0,0,1,0,1
13.0000768,77.5996972,1,R.T. Nagar,68.46058618333333,0,0,0,0,0,1,0,0,0,0,0,0,0,0,1,0,0,0,1,0,0,0,0,0,0,0,0,2
13.1843296,77.5664982,3,Yelahanka,79.22378231666667,0,0,0,0,0,1,0,0,1,0,0,0,0,0,0,0,0,0,0,0,0,0,0,0,0,0,0,2
12.98217,77.5314616,3,Kamakshipalya,153.44021516666666,0,0,0,0,0,1,0,0,1,0,0,0,0,0,0,0,0,0,0,0,0,0,0,0,0,0,1,1
12.9603704,77.5145269,1,Jnanabharathi,133.83771578333332,0,0,0,0,0,1,0,0,0,1,0,0,0,0,0,0,0,0,0,0,0,0,0,0,0,1,0,1
13.0878163,77.5955917,3,Yelahanka,159.41052271666666,0,0,0,0,0,1,0,0,0,1,0,0,0,0,0,0,0,0,0,0,0,0,1,0,0,0,0,2
12.99866163,77.58435892,3,Sadashivanagar,167.65223511666667,0,0,0,0,0,1,0,0,0,1,0,0,0,0,0,0,0,0,0,0,0,0,0,0,0,0,1,1
12.85825586,77.58939417,3,Hulimavu,180.0,1,0,0,0,0,0,1,0,0,0,0,0,0,0,0,0,0,0,0,0,0,0,0,0,0,0,0,1
13.1173454,77.608609,3,Yelahanka,125.01658716666667,0,0,0,0,0,1,0,0,0,0,0,1,0,0,0,0,0,0,0,0,0,0,1,0,0,0,0,2
13.0099764,77.5837293,3,Sadashivanagar,167.67750908333335,0,0,0,0,0,1,0,0,0,0,0,0,0,0,0,0,1,0,0,0,0,0,0,0,0,0,1,1
13.0469858,77.5007263,1,Peenya,18.1232739,0,0,0,0,0,1,0,0,0,0,0,0,0,0,1,0,0,0,0,0,0,0,0,0,0,1,0,2
12.9989526,77.5842517,3,Sadashivanagar,9.0990085,0,0,0,0,0,1,0,0,0,1,0,0,0,0,0,0,0,0,0,0,0,0,0,0,0,0,1,1
13.0478795,77.4999942,1,Chikkabanavara,155.4701742833333,0,0,0,0,0,1,0,0,0,0,0,1,0,0,0,0,0,0,0,0,0,0,1,0,0,0,0,2
13.04175,77.5471067,3,Jalahalli,146.29132704999998,0,0,0,0,0,1,0,0,0,0,0,1,0,0,0,0,0,0,0,0,0,0,1,0,0,0,0,1
13.0872074,77.5953629,3,Yelahanka,179.65341840000002,0,0,0,0,0,1,0,0,0,0,0,1,0,0,0,0,0,0,0,0,0,0,1,0,0,0,0,1
13.1148233,77.6066717,3,Yelahanka,156.19112833333332,0,0,0,0,0,1,0,0,1,0,0,0,0,0,0,0,0,0,0,0,0,0,1,0,0,0,0,2
13.0864417,77.594805,3,Yelahanka,154.03555261666668,0,0,0,0,0,1,0,0,0,0,0,0,1,0,0,0,0,0,0,0,0,1,0,0,0,0,0,2
13.0430862,77.5514036,3,Jalahalli,164.43926783333333,0,0,0,0,0,1,0,0,0,0,0,0,0,0,0,0,1,0,0,0,0,0,1,0,0,0,0,1
13.1125287,77.6056265,3,Yelahanka,133.3061506,0,0,0,0,0,1,0,0,0,0,0,1,0,0,0,0,0,0,0,0,0,0,1,0,0,0,0,1
13.0128127,77.5535107,3,Malleshwaram,38.17363073333333,0,0,0,0,0,1,0,0,0,0,1,0,0,0,0,0,0,0,0,0,0,0,0,0,0,1,0,1
13.041675,77.5470633,3,Jalahalli,143.86019838333334,0,0,0,0,0,1,0,0,0,0,0,0,1,0,0,0,0,0,0,0,0,0,1,0,0,0,0,1
12.9902533,77.5042758,3,Kamakshipalya,8.908011233333333,0,0,0,0,0,1,0,0,0,1,0,0,0,0,0,0,0,0,0,0,0,0,0,0,0,1,0,1
13.0655341,77.4533313,1,No Police Station,136.47114871666665,0,0,0,0,0,1,0,0,0,0,1,0,0,0,0,0,0,0,0,0,0,0,0,0,0,0,0,1
13.0137733,77.70012,1,K.R. Pura,141.57285418333333,0,0,0,0,0,1,0,0,0,0,0,0,0,0,0,0,1,0,0,0,1,0,0,0,0,0,0,2
12.9198233,77.542495,1,Banashankari,115.30609676666667,0,0,0,0,0,1,0,0,0,0,0,1,0,0,0,0,0,0,0,0,0,0,0,0,0,1,0,1
12.99680328,77.58461258,3,High ground,156.70164218333332,0,0,0,0,0,1,0,0,1,0,0,0,0,0,0,0,0,0,1,0,0,0,0,0,0,0,0,1
12.998632,77.5844482,3,Sadashivanagar,172.89437211666666,0,0,0,0,0,1,0,0,0,0,0,0,1,0,0,0,0,0,0,0,0,0,0,0,0,0,1,2
13.0074,77.5839417,3,Sadashivanagar,7.330868683333334,0,0,0,0,0,1,0,0,0,0,0,0,0,0,1,0,0,0,0,0,0,0,0,0,0,0,1,1
13.1027667,77.627415,1,Hennuru,120.55061456666667,0,0,1,0,0,0,1,0,0,0,0,0,0,0,0,0,0,0,0,0,0,0,1,0,0,0,0,1
13.1032152,77.6253189,1,Yelahanka,166.81366601666664,0,0,1,0,0,0,1,0,0,0,0,0,0,0,0,0,0,0,0,0,0,0,1,0,0,0,0,1
13.0086799,77.6133782,1,K.G. Halli,132.79883386666668,0,0,0,0,0,1,0,0,1,0,0,0,0,0,0,0,0,0,0,0,0,0,0,0,0,0,0,2
13.0287533,77.5862183,3,Kodigehalli,138.83718115000002,0,0,0,0,0,1,0,0,0,0,0,0,0,0,0,0,1,0,0,0,0,0,1,0,0,0,0,1
13.0025455,77.7572253,1,Mahadevapura,169.47670721666665,0,0,0,0,0,1,0,0,0,0,0,0,0,0,1,0,0,0,0,0,1,0,0,0,0,0,0,1
12.9411318,77.7471167,1,Whitefield,136.8379776333333,0,1,0,0,0,0,1,0,0,0,0,0,0,0,0,0,0,0,0,1,0,0,0,0,0,0,0,1
12.9141819,77.6765696,1,Bellandur,105.27233006666667,0,0,0,0,0,1,0,0,1,0,0,0,0,0,0,0,0,0,0,0,0,0,0,0,1,0,0,1
12.9473755,77.5328074,3,Byatarayanapura,34.983110116666666,0,0,0,0,0,1,0,0,0,0,0,1,0,0,0,0,0,0,0,0,0,0,0,0,0,0,1,3
12.9993581,77.5838223,3,Sadashivanagar,110.57912203333333,0,0,0,0,0,1,0,0,0,0,0,0,0,1,0,0,0,0,1,0,0,0,0,0,0,0,0,2
13.0653552,77.5040293,1,Chikkabanavara,29.094076266666665,0,0,0,0,0,1,0,0,0,0,0,0,0,1,0,0,0,0,0,0,0,0,1,0,0,0,0,1
12.9111082,77.6260532,3,Madiwala,131.67146153333334,0,0,0,0,0,1,0,0,0,0,0,0,0,1,0,0,0,0,0,0,0,0,0,0,1,0,0,1
13.0356208,77.5347383,3,Yeshwanthpura,19.710776516666666,0,0,0,0,0,1,0,0,0,0,0,0,1,0,0,0,0,0,0,0,0,0,0,0,0,1,0,1
12.9022833,77.6274633,1,Madiwala,169.07932636666666,0,0,0,0,0,1,0,0,1,0,0,0,0,0,0,0,0,0,0,0,0,0,0,0,1,0,0,1
12.9888033,77.4976333,3,Kamakshipalya,91.44109088333333,0,0,0,0,1,0,1,0,0,0,0,0,0,0,0,0,0,0,0,0,0,0,0,0,0,1,0,1
12.9782223,77.5151096,1,Jnanabharathi,24.450349916666667,0,0,0,0,0,1,0,0,0,0,0,0,0,0,0,0,1,0,0,0,0,0,0,0,0,0,0,2
12.9562667,77.7325788,3,Whitefield,139.90008856666665,0,0,0,0,0,1,0,0,0,0,0,0,0,1,0,0,0,0,0,1,0,0,0,0,0,0,0,2
13.0486748,77.5921893,3,Kodigehalli,163.51787475,0,0,0,0,0,1,0,0,0,0,0,0,0,1,0,0,0,0,0,0,0,1,0,0,0,0,0,1
13.075051,77.4361744,1,No Police Station,4.1206181,0,0,0,0,1,0,1,0,0,0,0,0,0,0,0,0,0,0,0,0,0,0,0,0,0,0,0,1
12.9551958,77.6785723,3,HAL Old Airport,154.69455445,0,0,0,0,0,1,0,0,0,0,0,0,1,0,0,0,0,0,0,0,1,0,0,0,0,0,0,1
13.0537441,77.4826961,1,No Police Station,137.79483516666667,0,0,0,0,0,1,0,0,0,1,0,0,0,0,0,0,0,0,0,0,0,0,0,0,0,0,0,1
13.0750262,77.4363202,1,No Police Station,167.24758658333334,0,0,0,0,0,1,0,0,0,1,0,0,0,0,0,0,0,0,0,0,0,0,0,0,0,0,0,1
13.0281488,77.5856916,3,Kodigehalli,128.27050806666665,0,0,0,0,0,1,0,0,0,0,0,1,0,0,0,0,0,0,0,0,0,0,1,0,0,0,0,2
13.0544342,77.48149,1,No Police Station,149.34528795,0,0,0,0,0,1,0,0,0,1,0,0,0,0,0,0,0,0,0,0,0,0,0,0,0,0,0,1
13.02603063,77.44957098,1,No Police Station,136.19629648333333,0,0,0,0,0,1,0,0,0,0,0,0,0,0,0,1,0,0,0,0,0,0,0,0,0,0,0,1
12.9854788,77.5248865,3,Kamakshipalya,126.92531281666668,0,0,0,0,0,1,0,0,0,0,0,1,0,0,0,0,0,0,0,0,0,0,0,0,0,1,0,1
13.0523625,77.4868568,1,No Police Station,156.21463948333334,0,0,0,0,0,1,0,0,0,0,0,0,0,0,0,0,1,0,0,0,0,0,0,0,0,0,0,1
12.97163203,77.51287458,3,Yeshwanthpura,136.37870906666666,0,0,0,0,0,1,0,0,0,1,0,0,0,0,0,0,0,0,0,0,0,0,0,0,0,0,0,1
13.196185,77.6535117,1,Chikkajala,179.4243568,0,0,0,0,0,1,0,0,0,1,0,0,0,0,0,0,0,0,0,0,0,0,0,0,0,0,0,1
13.0494403,77.5929474,3,Hebbala,138.83806215,0,0,0,0,0,1,0,0,0,1,0,0,0,0,0,0,0,0,0,0,0,0,0,0,0,0,0,1
12.899533,77.7122526,1,Whitefield,90.77372385,0,0,0,0,0,1,0,0,0,0,0,0,0,1,0,0,0,0,0,0,0,0,0,0,0,0,0,2
13.0493266,77.5550847,1,Jalahalli,180.0,0,0,0,0,0,1,0,0,1,0,0,0,0,0,0,0,0,0,0,0,0,1,0,0,0,0,0,1
13.1292374,77.6148783,3,Yelahanka,127.52725076666667,0,0,0,0,0,1,0,0,0,1,0,0,0,0,0,0,0,0,0,0,0,0,1,0,0,0,0,1
12.8469493,77.672515,3,HAL Old Airport,180.0,0,0,0,0,0,1,0,0,1,0,0,0,0,0,0,0,0,0,0,0,0,0,0,0,0,0,0,1
12.9200494,77.6441159,3,HSR Layout,162.57518685,0,0,0,0,0,1,0,0,0,1,0,0,0,0,0,0,0,0,0,0,0,0,0,0,1,0,0,2
12.9024645,77.705852,1,Bellandur,46.3259174,0,0,0,0,0,1,0,0,0,0,0,0,0,0,1,0,0,0,0,0,0,0,0,0,0,0,0,1
13.0201283,77.7097983,1,K.R. Pura,141.68430924999998,0,0,0,0,0,1,0,0,0,1,0,0,0,0,0,0,0,0,0,0,1,0,0,0,0,0,0,1
12.9966546,77.6644435,3,Banaswadi,159.12198946666666,0,0,0,0,0,1,0,0,0,1,0,0,0,0,0,0,0,0,0,0,1,0,0,0,0,0,0,1
12.9661629,77.5049344,1,Jnanabharathi,122.07702205000001,0,0,0,0,0,1,0,0,1,0,0,0,0,0,0,0,0,0,0,0,0,0,0,0,0,1,0,1
12.9904154,77.5042127,3,Kamakshipalya,137.75802495000002,0,1,0,0,0,0,1,0,0,0,0,0,0,0,0,0,0,0,0,0,0,0,0,0,0,0,0,3
12.9670817,77.5050333,1,Jnanabharathi,180.0,0,0,0,0,0,1,0,0,1,0,0,0,0,0,0,0,0,0,0,0,0,0,0,0,0,1,0,1
12.9967664,77.5847577,3,High ground,39.85933068333333,0,0,0,0,0,1,0,0,0,0,0,0,1,0,0,0,0,0,0,0,0,0,0,0,0,0,0,1
13.0434933,77.590776,3,Kodigehalli,151.63649145,0,0,0,0,0,1,0,0,0,1,0,0,0,0,0,0,0,0,0,0,0,1,0,0,0,0,0,1
12.99878344,77.58419928,3,Sadashivanagar,169.89312683333335,0,0,0,0,0,1,0,0,0,0,0,0,0,0,0,1,0,0,1,0,0,0,0,0,0,0,0,1
13.0978923,77.5670813,1,Yelahanka,126.27216445,0,0,0,0,0,1,0,0,0,0,0,1,0,0,0,0,0,0,0,0,0,0,1,0,0,0,0,1
13.0895998,77.3908201,1,Sadashivanagar,25.791576833333334,0,0,0,0,0,1,0,0,1,0,0,0,0,0,0,0,0,0,0,0,0,0,0,0,0,0,0,1
12.8952517,77.5550817,1,K.S. Layout,121.08808678333334,0,0,0,0,0,1,0,0,0,0,0,1,0,0,0,0,0,0,0,0,0,0,0,1,0,0,0,1
13.0334622,77.588753,3,Hebbala,144.80042360000002,0,0,0,0,0,1,0,0,1,0,0,0,0,0,0,0,0,0,0,0,0,0,1,0,0,0,0,1
13.0122936,77.6988829,1,K.R. Pura,138.55019118333334,0,0,0,0,0,1,0,0,0,0,0,1,0,0,0,0,0,0,0,0,1,0,0,0,0,0,0,1
12.9164058,77.6046741,1,Mico Layout,127.12206796666666,0,0,0,0,0,1,0,0,0,0,0,0,0,1,0,0,0,0,0,0,0,0,0,0,1,0,0,1
12.8995983,77.6335883,3,HSR Layout,139.64305925,0,0,0,0,0,1,0,0,0,0,0,1,0,0,0,0,0,0,0,0,0,0,0,0,1,0,0,2
13.020295,77.7096082,1,K.R. Pura,179.53695336666667,0,0,0,0,0,1,0,0,0,1,0,0,0,0,0,0,0,0,0,0,1,0,0,0,0,0,0,1
13.04465,77.5830273,3,Kodigehalli,121.89029885,0,1,0,0,0,0,1,0,0,0,0,0,0,0,0,0,0,0,0,0,0,0,0,0,0,0,0,1
12.8416294,77.6448425,1,Electronic City,82.81123916666667,0,0,0,0,0,1,0,0,1,0,0,0,0,0,0,0,0,0,0,0,0,0,0,0,0,0,0,1
12.99031,77.5039553,3,Kamakshipalya,120.65318811666666,0,1,0,0,0,0,1,0,0,0,0,0,0,0,0,0,0,0,0,0,0,0,0,0,0,0,0,1
13.0484543,77.5545978,1,Jalahalli,130.25912708333334,0,1,0,0,0,0,1,0,0,0,0,0,0,0,0,0,0,0,0,0,0,1,0,0,0,0,0,1
12.9349694,77.6909504,3,HAL Old Airport,132.49944331666669,0,0,0,0,0,1,0,0,1,0,0,0,0,0,0,0,0,0,0,1,0,0,0,0,0,0,0,1
13.1661967,77.713815,1,Chikkajala,83.14933268333333,1,0,0,0,0,0,1,0,0,0,0,0,0,0,0,0,0,0,0,0,0,0,0,0,0,0,0,1
13.0133386,77.6998768,1,K.R. Pura,41.31266376666667,0,0,0,0,0,1,0,0,1,0,0,0,0,0,0,0,0,0,0,0,0,0,0,0,0,0,0,1
12.9564114,77.7456022,3,Whitefield,153.95333001666668,0,0,0,0,0,1,0,0,0,1,0,0,0,0,0,0,0,0,0,1,0,0,0,0,0,0,0,3
12.9423082,77.5481102,1,Banashankari,62.41803623333333,0,0,0,0,0,1,0,0,0,0,0,0,1,0,0,0,0,0,0,0,0,0,0,0,0,0,0,1
12.8408367,77.6500067,1,Electronic City,130.60884811666668,0,0,0,0,0,1,0,0,1,0,0,0,0,0,0,0,0,0,0,0,0,0,0,0,0,0,0,1
12.9063214,77.698384,1,Bellandur,131.81734955,0,0,0,0,0,1,0,0,1,0,0,0,0,0,0,0,0,0,0,0,0,0,0,0,0,0,0,1
13.0624717,77.5733483,1,Kodigehalli,51.74567765,0,0,0,0,0,1,0,0,0,0,0,0,0,0,1,0,0,0,0,0,0,0,0,0,0,0,0,2
13.0563502,77.475345,1,No Police Station,98.70440648333333,1,0,0,0,0,0,1,0,0,0,0,0,0,0,0,0,0,0,0,0,0,0,0,0,0,0,0,3
13.0526619,77.5932885,3,Kodigehalli,144.34551175,0,0,0,0,0,1,0,0,0,0,0,0,1,0,0,0,0,0,0,0,0,0,0,0,0,0,0,2
13.041426,77.5457729,3,Jalahalli,8.8561709,0,0,0,0,0,1,0,0,0,1,0,0,0,0,0,0,0,0,0,0,0,0,1,0,0,0,0,1
12.86905184,77.53652279,1,Thalagattapura,145.8823487,0,0,0,0,0,1,0,0,1,0,0,0,0,0,0,0,0,0,0,0,0,0,0,0,0,0,0,1
13.0563067,77.475215,1,No Police Station,92.82864271666668,1,0,0,0,0,0,1,0,0,0,0,0,0,0,0,0,0,0,0,0,0,0,0,0,0,0,0,3
13.0035148,77.5298216,1,Rajajinagar,48.370828966666664,0,0,0,0,0,1,0,0,0,0,0,1,0,0,0,0,0,0,0,0,0,0,0,0,0,1,0,1
12.9630559,77.5124532,1,Jnanabharathi,32.68535996666667,0,0,0,0,0,1,0,0,0,0,0,0,0,0,0,1,0,0,0,0,0,0,0,0,0,1,0,1
13.0495214,77.4953173,1,Chikkabanavara,137.20408441666666,0,0,0,0,0,1,0,0,0,0,0,0,0,1,0,0,0,0,0,0,0,0,0,0,0,1,0,1
12.9200419,77.6558733,3,Bellandur,152.78285598333332,0,0,0,0,0,1,0,0,1,0,0,0,0,0,0,0,0,1,0,0,0,0,0,0,0,0,0,1
12.9938317,77.5849467,3,High ground,20.757847583333334,0,0,0,0,0,1,0,0,0,1,0,0,0,0,0,0,0,0,0,0,0,0,0,0,0,0,0,2
13.0842575,77.5519225,1,Yelahanka,126.5230286,0,0,0,0,0,1,0,0,1,0,0,0,0,0,0,0,0,0,0,0,0,0,0,0,0,0,0,1
13.0132709,77.6484194,1,Banaswadi,360.0,0,0,0,0,1,0,1,0,0,0,0,0,0,0,0,0,0,0,0,0,0,0,0,0,0,0,0,1
12.9606384,77.7476032,1,Whitefield,147.95394323333332,0,0,0,0,0,1,0,0,0,0,0,1,0,0,0,0,0,0,0,0,0,0,0,0,0,0,0,1
13.0117111,77.7003731,1,K.R. Pura,171.98063278333333,0,0,0,0,0,1,0,0,0,0,1,0,0,0,0,0,0,0,0,0,1,0,0,0,0,0,0,1
12.9566301,77.7444294,3,Whitefield,121.67025953333334,0,0,0,0,0,1,0,0,0,1,0,0,0,0,0,0,0,0,0,0,0,0,0,0,0,0,0,1
13.08647,77.594875,3,Yelahanka,104.51561701666667,1,0,0,0,0,0,1,0,0,0,0,0,0,0,0,0,0,0,0,0,0,0,0,0,0,0,0,3
13.10963,77.6035517,3,Yelahanka,133.28790756666666,0,0,0,0,0,1,0,0,0,0,0,0,0,0,0,1,0,0,0,0,0,0,1,0,0,0,0,1
13.0468693,77.5024237,1,Peenya,29.97115595,0,0,0,0,0,1,0,0,0,0,0,0,0,0,1,0,0,0,0,0,0,0,0,0,0,0,0,1
13.035723,77.6284171,3,Hennuru,127.69657923333332,0,0,0,0,0,1,0,0,0,0,0,0,1,0,0,0,0,0,0,0,0,1,0,0,0,0,0,1
12.878816,77.6470202,3,Electronic City,147.33089973333333,0,0,0,0,0,1,0,0,0,0,0,0,0,1,0,0,0,0,0,0,0,0,0,0,0,0,0,1
13.1155017,77.6073017,3,Yelahanka,173.7303877,0,0,0,0,0,1,0,0,0,1,0,0,0,0,0,0,0,0,0,0,0,0,1,0,0,0,0,2
13.0424133,77.5492224,3,Jalahalli,13.06309525,0,0,0,0,0,1,0,0,0,0,0,1,0,0,0,0,0,0,0,0,0,0,1,0,0,0,0,1
12.997415,77.6640825,3,Banaswadi,141.41282258333334,0,0,0,0,0,1,0,0,0,0,0,1,0,0,0,0,0,0,0,0,1,0,0,0,0,0,0,1
13.0606335,77.4616149,1,No Police Station,174.0768577,0,0,0,0,0,1,0,0,0,0,0,0,0,0,0,0,1,0,0,0,0,0,0,0,0,0,0,1
13.1312897,77.615127,3,Yelahanka,46.695242549999996,0,0,0,0,0,1,0,0,0,1,0,0,0,0,0,0,0,0,0,0,0,0,0,0,0,0,0,1
13.0356786,77.6283334,3,Hennuru,130.00722149999999,0,0,0,0,0,1,0,0,0,0,0,0,1,0,0,0,0,0,0,0,0,1,0,0,0,0,0,1
13.0034717,77.5838414,3,Sadashivanagar,19.9379241,0,0,0,0,0,1,0,0,0,1,0,0,0,0,0,0,0,0,0,0,0,0,0,0,0,0,0,2
12.9577083,77.7458017,3,Whitefield,166.96272986666665,0,0,0,0,0,1,0,0,0,1,0,0,0,0,0,0,0,0,0,1,0,0,0,0,0,0,0,1
12.9959077,77.6710497,3,Mahadevapura,180.0,0,0,0,0,0,1,0,0,0,0,0,0,1,0,0,0,0,0,0,0,1,0,0,0,0,0,0,2
13.0257659,77.7195142,1,K.R. Pura,129.72493221666667,0,0,0,0,0,1,0,0,0,0,0,0,1,0,0,0,0,0,0,0,1,0,0,0,0,0,0,1
13.0262486,77.5445358,3,Yeshwanthpura,51.0690825,0,0,0,0,0,1,0,0,1,0,0,0,0,0,0,0,0,0,0,0,0,0,0,0,0,1,0,1
13.0333363,77.5886018,3,Hebbala,157.28294231666666,0,0,0,0,0,1,0,0,0,0,0,0,0,0,0,0,1,0,0,0,0,0,1,0,0,0,0,1
12.9374294,77.4716733,1,Jnanabharathi,81.74034708333333,1,0,0,0,0,0,1,0,0,0,0,0,0,0,0,0,0,0,0,0,0,0,0,0,0,0,0,1
12.9374302,77.4716732,1,Jnanabharathi,73.76595875,1,0,0,0,0,0,1,0,0,0,0,0,0,0,0,0,0,0,0,0,0,0,0,0,0,0,0,1
12.9982107,77.584406,3,Sadashivanagar,91.85315681666665,0,0,0,0,0,1,0,0,0,0,0,0,1,0,0,0,0,0,0,0,0,0,0,0,0,0,1,1
13.0429917,77.5986233,3,Hebbala,17.6375147,0,0,0,0,0,1,0,0,0,0,0,1,0,0,0,0,0,0,0,0,0,1,0,0,0,0,0,2
12.9736933,77.698385,3,Mahadevapura,49.72056991666667,0,0,0,0,0,1,0,0,0,0,0,0,0,1,0,0,0,0,0,1,0,0,0,0,0,0,0,1
13.0114761,77.6158094,1,K.G. Halli,25.304260933333335,0,0,0,0,0,1,0,0,1,0,0,0,0,0,0,0,0,0,0,0,0,1,0,0,0,0,0,2
13.02419,77.585095,3,R.T. Nagar,153.35926718333334,0,0,0,0,0,1,0,0,0,1,0,0,0,0,0,0,0,0,0,0,0,0,1,0,0,0,0,1
13.0248967,77.5852933,3,R.T. Nagar,159.48998,0,0,0,0,0,1,0,0,0,1,0,0,0,0,0,0,0,0,0,0,0,0,1,0,0,0,0,1
12.9966811,77.5847663,3,High ground,161.6769747,0,0,0,0,0,1,0,0,0,1,0,0,0,0,0,0,0,0,0,0,0,0,0,0,0,0,0,1
13.0013317,77.5254817,1,Rajajinagar,80.12362475,0,0,0,0,0,1,0,0,0,1,0,0,0,0,0,0,0,0,0,0,0,0,0,0,0,1,0,1
13.0628382,77.457775,1,No Police Station,149.67667036666666,0,0,0,0,0,1,0,0,0,1,0,0,0,0,0,0,0,0,0,0,0,0,0,0,0,0,0,1
12.862841,77.5909922,3,Hulimavu,153.65772908333332,0,0,0,0,0,1,0,0,0,0,0,0,1,0,0,0,0,0,0,0,0,0,0,1,0,0,0,1
13.0018255,77.5839711,3,Sadashivanagar,180.0,0,0,0,0,0,1,0,0,0,0,1,0,0,0,0,0,0,0,0,0,0,0,0,0,0,0,1,1
12.9983001,77.5844179,3,Sadashivanagar,170.13154901666667,0,0,0,0,0,1,0,0,0,0,0,0,1,0,0,0,0,0,0,0,0,0,0,0,0,0,1,1
13.0566434,77.4730025,1,No Police Station,146.49898256666665,0,0,0,0,0,1,0,0,0,0,0,0,0,0,0,0,1,0,0,0,0,0,0,0,0,0,0,1
13.0542733,77.7627317,1,K.R. Pura,62.34073975,0,0,0,0,0,1,0,0,0,1,0,0,0,0,0,0,0,0,0,0,0,0,0,0,0,0,0,2
12.9448609,77.7470882,1,Whitefield,171.8632327,0,0,0,0,0,1,0,0,0,1,0,0,0,0,0,0,0,0,0,1,0,0,0,0,0,0,0,3
12.9996438,77.6665625,3,Banaswadi,123.95751846666667,0,0,0,0,0,1,0,0,0,1,0,0,0,0,0,0,0,0,0,0,1,0,0,0,0,0,0,2
13.2037217,77.66538,1,Devanahalli Airport,152.02074236666667,0,0,0,0,0,1,0,0,0,0,0,0,0,0,0,0,1,0,0,0,0,0,0,0,0,0,0,1
13.0480034,77.5001494,1,Chikkabanavara,167.97566093333336,0,0,0,0,0,1,0,0,0,0,0,1,0,0,0,0,0,0,0,0,0,0,1,0,0,0,0,1
12.973092,77.5130496,1,Jnanabharathi,53.34333818333334,1,0,0,0,0,0,1,0,0,0,0,0,0,0,0,0,0,0,0,0,0,0,0,0,0,0,0,1
12.9145203,77.568181,3,K.S. Layout,124.75185131666667,0,0,0,0,0,1,0,1,0,0,0,0,0,0,0,0,0,0,0,0,0,0,0,0,0,0,0,2
13.0040774,77.5841625,3,Sadashivanagar,22.104458983333334,1,0,0,0,0,0,1,0,0,0,0,0,0,0,0,0,0,0,0,0,0,0,0,0,0,0,1,1
12.9387831,77.7472987,1,Whitefield,165.91578251666667,0,1,0,0,0,0,1,0,0,0,0,0,0,0,0,0,0,0,0,1,0,0,0,0,0,0,0,1
13.0007914,77.5840477,3,Sadashivanagar,144.80331538333334,0,0,0,0,0,1,0,0,0,1,0,0,0,0,0,0,0,0,0,0,0,0,0,0,0,0,1,1
13.0810208,77.5483312,1,Yelahanka,129.90879931666666,0,0,0,0,0,1,0,0,1,0,0,0,0,0,0,0,0,0,0,0,0,1,0,0,0,0,0,1
12.9967437,77.5845398,3,Sheshadripuram,157.50326651666668,0,0,0,0,0,1,0,0,0,0,1,0,0,0,0,0,0,0,1,0,0,0,0,0,0,0,0,1
12.9968617,77.5845415,3,High ground,155.20359173333333,0,0,0,0,0,1,0,0,0,0,1,0,0,0,0,0,0,0,1,0,0,0,0,0,0,0,0,1
12.9610679,77.5114574,1,Jnanabharathi,70.50113398333333,0,0,0,0,0,1,0,0,1,0,0,0,0,0,0,0,0,0,0,0,0,0,0,0,0,1,0,1
13.0815219,77.5482176,1,Yelahanka,3.8101085833333332,0,0,0,0,0,1,0,0,0,0,0,0,0,0,1,0,0,0,0,0,0,1,0,0,0,0,0,1
12.9380712,77.7467428,1,Whitefield,138.4676201,0,0,0,0,0,1,0,0,0,0,0,0,1,0,0,0,0,0,0,1,0,0,0,0,0,0,0,1
12.9610812,77.5129374,1,Jnanabharathi,49.09052761666667,0,0,0,0,0,1,0,0,0,1,0,0,0,0,0,0,0,0,0,0,0,0,0,0,0,0,0,1
12.9935408,77.7574599,1,Mahadevapura,25.623109600000003,0,0,0,0,0,1,0,0,0,1,0,0,0,0,0,0,0,0,0,0,0,0,0,0,0,0,0,1
12.9999998,77.6821895,3,Mahadevapura,31.903825633333334,0,0,0,0,0,1,0,0,0,1,0,0,0,0,0,0,0,0,0,0,1,0,0,0,0,0,0,1
12.9857635,77.5265826,3,Kamakshipalya,16.718276533333334,0,0,0,0,0,1,0,0,0,0,0,0,0,0,0,0,1,0,0,0,0,0,0,0,0,0,1,1
12.9186326,77.6698261,1,Bellandur,39.002808116666664,0,0,0,0,0,1,0,0,0,1,0,0,0,0,0,0,0,0,0,1,0,0,0,0,0,0,0,1
13.0195814,77.7085774,1,K.R. Pura,145.5699604333333,0,0,0,0,0,1,0,0,0,0,0,1,0,0,0,0,0,0,0,0,1,0,0,0,0,0,0,1
13.000103,77.5840237,3,Sadashivanagar,168.75071385,0,0,0,0,0,1,0,0,0,0,0,0,0,0,0,0,1,0,0,0,0,0,0,0,0,0,1,1
13.0907917,77.5929433,1,Yelahanka,128.1995381,0,0,0,0,0,1,0,0,0,0,0,0,0,0,1,0,0,0,0,0,0,0,1,0,0,0,0,1
13.0572567,77.4723691,1,No Police Station,174.38359838333332,0,0,0,0,0,1,0,0,0,0,0,0,0,0,0,0,1,0,0,0,0,0,0,0,0,0,0,1
13.0079927,77.526769,1,Rajajinagar,20.5029632,1,0,0,0,0,0,1,0,0,0,0,0,0,0,0,0,0,0,0,0,0,0,0,0,0,1,0,3
13.2017067,77.66236,1,Devanahalli Airport,137.61484583333333,0,0,0,0,0,1,0,0,0,1,0,0,0,0,0,0,0,0,0,0,0,0,0,0,0,0,0,1
12.9850363,77.5241577,3,Kamakshipalya,121.8277168,0,0,0,0,0,1,0,0,0,1,0,0,0,0,0,0,0,0,0,0,0,0,0,0,0,0,1,1
12.9927975,77.5854984,3,High ground,142.59272566666667,0,0,0,0,0,1,0,0,0,0,0,0,0,0,0,0,1,0,1,0,0,0,0,0,0,0,0,1
13.0483716,77.6453954,1,Hennuru,176.39176951666667,0,0,0,0,0,1,0,0,0,0,0,0,1,0,0,0,0,0,0,0,1,0,0,0,0,0,0,2
13.0586717,77.632895,3,Hennuru,180.0,0,0,0,0,0,1,0,0,1,0,0,0,0,0,0,0,0,0,0,0,0,1,0,0,0,0,0,1
12.922265,77.65903,3,Bellandur,133.66904448333332,0,0,0,0,0,1,0,0,0,0,0,1,0,0,0,0,0,1,0,0,0,0,0,0,0,0,0,1
13.0601454,77.4622716,1,No Police Station,125.16109336666666,0,0,0,0,0,1,0,0,0,0,0,1,0,0,0,0,0,0,0,0,0,0,0,0,0,0,0,1
13.026353,77.544093,3,Yeshwanthpura,69.02691816666668,0,0,0,0,0,1,0,0,1,0,0,0,0,0,0,0,0,0,0,0,0,0,0,0,0,1,0,1
13.0619678,77.4600323,1,No Police Station,124.7109561,0,0,0,0,0,1,0,0,0,0,0,0,0,0,0,0,1,0,0,0,0,0,0,0,0,0,0,1
13.0550629,77.6006986,1,Hebbala,58.20283951666667,0,0,1,0,0,0,1,0,0,0,0,0,0,0,0,0,0,0,0,0,0,1,0,0,0,0,0,1
13.019575,77.709155,1,K.R. Pura,126.4947629,0,0,0,0,0,1,0,0,0,0,0,0,0,0,0,0,1,0,0,0,1,0,0,0,0,0,0,1
13.0640157,77.6502052,1,Hennuru,163.80010111666667,0,0,0,0,0,1,0,0,0,1,0,0,0,0,0,0,0,0,0,0,1,0,0,0,0,0,0,1
12.8853097,77.5431212,1,Thalagattapura,129.39342666666667,0,0,0,0,0,1,0,0,0,0,0,0,1,0,0,0,0,0,0,0,0,0,0,1,0,0,0,1
13.06034,77.4622015,1,No Police Station,172.94239971666667,0,0,0,0,0,1,0,0,0,0,0,1,0,0,0,0,0,0,0,0,0,0,0,0,0,0,0,1
12.9962297,77.5847552,3,High ground,132.86267183333334,0,0,0,0,0,1,0,0,0,0,0,0,1,0,0,0,0,0,1,0,0,0,0,0,0,0,0,2
12.98704927,77.49115508,3,Kamakshipalya,46.903321283333334,0,0,0,0,0,1,0,0,0,0,0,1,0,0,0,0,0,0,0,0,0,0,0,0,0,1,0,1
13.0058476,77.593119,1,R.T. Nagar,21.676458,0,0,0,0,0,1,0,0,1,0,0,0,0,0,0,0,0,0,0,0,0,0,0,0,0,0,0,2
12.9662718,77.7022875,3,HAL Old Airport,163.75528863333332,0,0,0,0,0,1,0,0,0,0,0,0,1,0,0,0,0,0,0,1,0,0,0,0,0,0,0,1
13.1174,77.6086525,3,Yelahanka,19.907681733333334,0,0,0,0,0,1,0,0,0,1,0,0,0,0,0,0,0,0,0,0,0,0,1,0,0,0,0,2
12.9883469,77.7311829,1,Mahadevapura,126.98068815,0,0,0,0,0,1,0,0,0,0,0,0,0,0,0,0,1,0,0,1,0,0,0,0,0,0,0,1
12.8539011,77.5887307,3,Hulimavu,23.094614033333336,0,0,0,0,0,1,0,0,1,0,0,0,0,0,0,0,0,0,0,0,0,0,0,0,0,0,0,1
12.929715,77.573648,1,Banashankari,123.51028495,0,0,0,0,0,1,0,0,1,0,0,0,0,0,0,0,0,0,0,0,0,0,0,0,0,0,0,1
13.0499347,77.5927711,3,Kodigehalli,162.34953726666666,0,0,0,0,0,1,0,0,0,0,0,1,0,0,0,0,0,0,0,0,0,0,0,0,0,0,0,1
13.0499687,77.5927075,3,Kodigehalli,160.53391958333336,0,0,0,0,0,1,0,0,0,0,0,1,0,0,0,0,0,0,0,0,0,0,0,0,0,0,0,1
13.0234644,77.7152825,1,K.R. Pura,180.0,0,0,0,0,0,1,0,0,0,1,0,0,0,0,0,0,0,0,0,0,0,0,0,0,0,0,0,1
13.0434917,77.607755,3,Hebbala,178.65710118333334,0,0,0,0,0,1,0,0,0,0,0,1,0,0,0,0,0,0,0,0,0,0,0,0,0,0,0,2
13.0734717,77.4394717,1,No Police Station,167.8485933,0,0,0,0,0,1,0,0,0,0,0,1,0,0,0,0,0,0,0,0,0,0,0,0,0,0,0,1
12.9960798,77.6678065,3,Banaswadi,134.83310193333332,0,0,0,0,0,1,0,0,0,0,0,0,1,0,0,0,0,0,0,0,0,0,0,0,0,0,0,1
12.9599899,77.514338,1,Jnanabharathi,125.64933711666666,0,0,0,0,0,1,0,0,0,0,0,0,0,0,0,0,1,0,0,0,0,0,0,0,0,0,0,1
12.9388356,77.7473577,1,Whitefield,170.65165943333335,0,1,0,0,0,0,1,0,0,0,0,0,0,0,0,0,0,0,0,0,0,0,0,0,0,0,0,1
12.9603057,77.5875364,1,Halasuru Gate,155.85317245,0,0,0,0,0,1,0,0,0,0,0,1,0,0,0,0,0,0,1,0,0,0,0,0,0,0,0,1
12.9436447,77.6980616,3,HAL Old Airport,43.20982215,0,0,0,0,0,1,0,0,0,1,0,0,0,0,0,0,0,0,0,1,0,0,0,0,0,0,0,1
12.99607,77.6677909,3,Banaswadi,133.25396401666666,0,0,0,0,0,1,0,0,0,0,0,0,1,0,0,0,0,0,0,0,0,0,0,0,0,0,0,1
12.8768347,77.647564,3,Electronic City,124.25478956666667,0,0,0,0,0,1,0,0,0,1,0,0,0,0,0,0,0,0,0,0,0,0,0,0,1,0,0,2
13.0898727,77.5962391,3,Yelahanka,123.1125938,0,0,0,0,0,1,0,0,0,1,0,0,0,0,0,0,0,0,0,0,0,0,1,0,0,0,0,1
12.9112378,77.5724542,1,K.S. Layout,119.21894951666667,1,0,0,0,0,0,1,0,0,0,0,0,0,0,0,0,0,0,0,0,0,0,0,0,0,0,0,1
12.9833776,77.5970218,3,Cubbon Park,142.61034683333335,0,0,0,0,0,1,0,0,1,0,0,0,0,0,0,0,0,0,1,0,0,0,0,0,0,0,0,1
13.1506186,77.6198101,3,Chikkajala,142.36468729999999,0,0,0,0,0,1,0,0,0,1,0,0,0,0,0,0,0,0,0,0,0,0,0,0,0,0,0,2
13.1951209,77.7073099,1,Devanahalli Airport,86.77734925,1,0,0,0,0,0,1,0,0,0,0,0,0,0,0,0,0,0,0,0,0,0,0,0,0,0,0,1
12.936535,77.7044933,1,HAL Old Airport,141.17943133333335,0,0,0,0,0,1,0,0,0,0,0,0,1,0,0,0,0,0,0,0,0,0,0,0,0,0,0,1
12.9217289,77.6448719,3,HSR Layout,137.59340548333333,0,0,0,0,0,1,0,0,1,0,0,0,0,0,0,0,0,0,0,0,0,0,0,0,0,0,0,1
13.0309486,77.630687,3,Hennuru,170.24843245,0,0,0,0,0,1,0,0,0,1,0,0,0,0,0,0,0,0,0,0,0,0,0,0,0,0,0,1
12.9768969,77.5646811,3,Magadi Road,153.61691476666667,0,0,0,0,0,1,0,0,1,0,0,0,0,0,0,0,0,0,0,0,0,0,0,0,0,0,0,1
12.9240352,77.6184979,3,Madiwala,63.03992563333334,0,0,0,0,0,1,0,0,1,0,0,0,0,0,0,0,0,0,0,0,0,0,0,0,0,0,0,1
13.0175987,77.5573269,3,Yeshwanthpura,22.331262849999998,0,0,0,0,0,1,0,0,0,1,0,0,0,0,0,0,0,0,0,0,0,0,0,0,0,0,0,1
12.9804179,77.5704887,1,Chamarajpet,36.19868998333333,0,0,0,0,0,1,0,0,0,0,0,0,0,1,0,0,0,0,0,0,0,0,0,0,0,0,0,1
12.9140531,77.5675163,3,Banashankari,4.3907913333333335,0,0,0,0,0,1,0,0,0,0,0,0,0,0,0,1,0,0,0,0,0,0,0,0,0,0,0,1
12.9020285,77.6605351,1,HSR Layout,44.652736166666664,0,0,0,0,0,1,0,0,0,1,0,0,0,0,0,0,0,0,0,0,0,0,0,0,0,0,0,1
12.9113794,77.5539078,1,K.S. Layout,136.25638656666666,0,0,0,0,0,1,0,0,1,0,0,0,0,0,0,0,0,0,0,0,0,0,0,1,0,0,0,1
13.0200257,77.5840604,3,R.T. Nagar,126.71128683333333,0,0,0,0,0,1,0,0,0,0,0,1,0,0,0,0,0,0,0,0,0,0,1,0,0,0,0,1
12.9508198,77.7000234,3,HAL Old Airport,29.683071050000002,0,0,0,0,0,1,0,0,0,0,0,1,0,0,0,0,0,0,0,0,0,0,0,0,0,0,0,1
13.0197552,77.7090345,1,K.R. Pura,11.861054683333332,0,0,0,0,0,1,0,0,0,0,1,0,0,0,0,0,0,0,0,0,0,0,0,0,0,0,0,1
12.9129818,77.5667649,3,K.S. Layout,133.26698143333334,0,0,0,0,0,1,0,0,0,0,0,0,1,0,0,0,0,0,0,0,0,0,0,1,0,0,0,2
13.0334542,77.629103,3,K.G. Halli,173.9056766,0,0,0,0,0,1,0,0,0,0,0,1,0,0,0,0,0,0,0,0,0,1,0,0,0,0,0,2
12.9475916,77.5335062,3,Byatarayanapura,139.4710164,0,0,0,0,0,1,0,0,0,1,0,0,0,0,0,0,0,0,0,0,0,0,0,0,0,0,1,1
13.0243445,77.7167056,1,K.R. Pura,24.404676416666668,0,0,0,0,0,1,0,0,0,0,1,0,0,0,0,0,0,0,0,0,1,0,0,0,0,0,0,1
13.0432983,77.6079367,3,Hebbala,62.70201386666667,0,0,0,0,0,1,0,0,0,0,0,1,0,0,0,0,0,0,0,0,0,1,0,0,0,0,0,2
13.033575,77.58831,3,Kodigehalli,82.52175041666666,0,0,0,0,0,1,0,0,0,0,0,1,0,0,0,0,0,0,0,0,0,0,1,0,0,0,0,2
13.07549,77.5469283,3,Hennuru,75.17018168333334,0,0,0,0,0,1,0,0,1,0,0,0,0,0,0,0,0,0,0,0,0,1,0,0,0,0,0,1
13.0395867,77.5433917,3,Jalahalli,10.677372616666666,0,0,0,0,0,1,0,0,0,0,0,0,0,1,0,0,0,0,0,0,0,0,1,0,0,0,0,2
13.0198716,77.7091574,1,K.R. Pura,159.28904783333334,0,0,0,0,0,1,0,0,0,0,0,1,0,0,0,0,0,0,0,0,1,0,0,0,0,0,0,2
13.03656,77.5894167,3,Hebbala,121.48584188333332,0,0,0,0,0,1,0,0,0,0,0,0,0,1,0,0,0,0,0,0,0,0,1,0,0,0,0,1
12.9874952,77.4752769,1,Kamakshipalya,17.285524333333335,0,0,0,0,0,1,0,0,0,0,0,0,1,0,0,0,0,0,0,0,0,0,0,0,0,1,0,1
12.9337824,77.6890112,3,HAL Old Airport,40.835751566666666,0,0,0,0,0,1,0,0,1,0,0,0,0,0,0,0,0,0,0,1,0,0,0,0,0,0,0,1
13.0231313,77.5848147,3,R.T. Nagar,124.25989083333334,0,0,0,0,0,1,0,1,0,0,0,0,0,0,0,0,0,0,0,0,0,0,1,0,0,0,0,2
12.9097357,77.5365061,1,Wilson Garden,13.202457366666666,0,0,0,0,0,1,0,0,1,0,0,0,0,0,0,0,0,0,0,0,0,0,0,1,0,0,0,1
12.9262483,77.5318283,1,Kengeri,67.34591795,0,0,0,0,0,1,0,0,0,0,0,1,0,0,0,0,0,0,0,0,0,0,0,0,0,1,0,2
13.0355364,77.5413874,3,Jalahalli,125.23883016666667,0,0,0,0,0,1,0,0,0,1,0,0,0,0,0,0,0,0,0,0,0,0,1,0,0,0,0,1
12.9591573,77.6611908,3,Jeevanbheemanagar,1.56152965,0,1,0,0,0,0,1,0,0,0,0,0,0,0,0,0,0,1,0,0,0,0,0,0,0,0,0,1
13.0249001,77.585098,3,Kodigehalli,14.133789316666668,0,0,0,0,0,1,0,0,0,0,0,1,0,0,0,0,0,0,0,0,0,0,1,0,0,0,0,1
12.9340176,77.6892911,3,HAL Old Airport,120.51654306666666,0,0,0,0,0,1,0,0,0,1,0,0,0,0,0,0,0,0,0,1,0,0,0,0,0,0,0,1
13.0415796,77.5464373,3,Jalahalli,162.3435082,0,0,0,0,0,1,0,0,1,0,0,0,0,0,0,0,0,0,0,0,0,0,1,0,0,0,0,1
13.0343216,77.5887073,3,Hebbala,178.93692248333335,0,0,0,0,0,1,0,0,0,0,0,1,0,0,0,0,0,0,0,0,0,0,1,0,0,0,0,2
13.03398,77.5880117,3,Kodigehalli,36.82487128333333,0,0,0,0,0,1,0,0,0,0,0,1,0,0,0,0,0,0,0,0,0,0,1,0,0,0,0,2
12.9603335,77.6435282,3,Jeevanbheemanagar,63.47326641666667,0,0,0,0,0,1,0,0,1,0,0,0,0,0,0,0,0,1,0,0,0,0,0,0,0,0,0,1
13.0465699,77.5000576,1,Peenya,131.70114716666666,0,0,0,0,0,1,0,0,0,0,0,0,1,0,0,0,0,0,0,0,0,0,0,0,0,1,0,1
13.0480041,77.5548906,1,Jalahalli,126.8133991,0,0,0,0,0,1,0,0,1,0,0,0,0,0,0,0,0,0,0,0,0,0,1,0,0,0,0,1
12.9387469,77.7473695,1,Whitefield,155.2973059,0,1,0,0,0,0,1,0,0,0,0,0,0,0,0,0,0,0,0,1,0,0,0,0,0,0,0,1
12.9565991,77.7092031,3,HAL Old Airport,175.52880303333333,0,0,0,0,0,1,0,0,1,0,0,0,0,0,0,0,0,0,0,1,0,0,0,0,0,0,0,1
13.0097673,77.5837359,3,Sadashivanagar,16.259062183333334,0,0,0,0,0,1,0,0,0,0,0,0,0,0,0,0,1,0,0,0,0,0,0,0,0,0,1,1
12.9621842,77.6299419,1,Halasur,87.88003225000001,0,0,0,0,0,1,0,0,1,0,0,0,0,0,0,0,0,1,0,0,0,0,0,0,0,0,0,1
12.9900634,77.5030222,3,Kamakshipalya,6.511275816666667,0,0,0,0,0,1,0,0,0,0,1,0,0,0,0,0,0,0,0,0,0,0,0,0,0,1,0,2
13.0326393,77.5877578,3,Kodigehalli,42.97605128333333,0,0,0,0,0,1,0,0,0,0,0,0,0,0,1,0,0,0,0,0,0,0,1,0,0,0,0,2
13.0128094,77.5545101,3,Malleshwaram,129.88345191666667,0,0,0,0,0,1,0,0,1,0,0,0,0,0,0,0,0,0,0,0,0,0,0,0,0,0,1,1
13.0264597,77.6200847,1,K.G. Halli,29.942643966666665,0,0,0,0,0,1,0,0,0,1,0,0,0,0,0,0,0,0,0,0,0,1,0,0,0,0,0,1
13.0365217,77.5893649,3,Kodigehalli,23.71280468333333,0,0,0,0,0,1,0,0,0,0,0,1,0,0,0,0,0,0,0,0,0,0,1,0,0,0,0,2
13.0494288,77.5938836,3,Hebbala,134.79087965,0,0,0,0,0,1,0,0,0,1,0,0,0,0,0,0,0,0,0,0,0,1,0,0,0,0,0,2
13.0391215,77.5427616,3,Jalahalli,76.32773913333334,0,0,0,0,0,1,0,0,0,1,0,0,0,0,0,0,0,0,0,0,0,0,1,0,0,0,0,1
12.9890244,77.4988016,3,Kamakshipalya,123.54161283333333,0,0,0,0,0,1,0,0,0,0,0,0,1,0,0,0,0,0,0,0,0,0,0,0,0,1,0,2
12.8743224,77.5410921,1,Thalagattapura,80.19145851666667,0,0,0,0,0,1,0,0,0,1,0,0,0,0,0,0,0,0,0,0,0,0,0,1,0,0,0,1
12.86380991,77.5553396,1,Thalagattapura,156.0549925,0,0,1,0,0,0,1,0,0,0,0,0,0,0,0,0,0,0,0,0,0,0,0,1,0,0,0,1
12.9262367,77.6089,1,Mico Layout,145.77822548333333,0,0,0,0,0,1,0,0,0,0,0,0,0,1,0,0,0,0,0,0,0,0,0,0,1,0,0,1
12.9875782,77.492615,3,Kamakshipalya,122.85075566666666,0,0,0,0,0,1,0,0,0,1,0,0,0,0,0,0,0,0,0,0,0,0,0,0,0,1,0,1
13.0333905,77.5887227,3,Hebbala,64.37984891666666,1,0,0,0,0,0,1,0,0,0,0,0,0,0,0,0,0,0,0,0,0,0,1,0,0,0,0,1
12.9381416,77.7467868,1,Whitefield,23.25843605,0,0,0,0,0,1,0,0,0,1,0,0,0,0,0,0,0,0,0,1,0,0,0,0,0,0,0,1
12.9466472,77.7470978,1,Whitefield,132.82347693333332,0,0,0,0,0,1,0,0,0,1,0,0,0,0,0,0,0,0,0,1,0,0,0,0,0,0,0,1
13.032776,77.6300494,3,Hennuru,129.89816383333334,0,0,0,0,0,1,0,0,0,1,0,0,0,0,0,0,0,0,0,0,0,1,0,0,0,0,0,1
13.1168783,77.6083433,3,Yelahanka,132.27025308333333,0,0,0,0,0,1,0,0,0,1,0,0,0,0,0,0,0,0,0,0,0,0,1,0,0,0,0,1
13.1153375,77.6068119,3,Yelahanka,140.46562465,0,0,0,0,0,1,0,0,0,1,0,0,0,0,0,0,0,0,0,0,0,0,1,0,0,0,0,1
13.0650735,77.4542573,1,No Police Station,147.61276368333336,0,0,0,0,0,1,0,0,0,1,0,0,0,0,0,0,0,0,0,0,0,0,0,0,0,0,0,1
12.880365,77.545865,1,Thalagattapura,69.24498263333334,0,0,0,0,0,1,0,0,1,0,0,0,0,0,0,0,0,0,0,0,0,0,0,1,0,0,0,1
12.9667164,77.5615877,1,Magadi Road,84.76683233333333,0,0,1,0,0,0,1,0,0,0,0,0,0,0,0,0,0,0,1,0,0,0,0,0,0,0,0,1
12.900152,77.6331394,3,HSR Layout,153.51973538333334,0,0,0,0,0,1,0,0,0,0,0,0,0,1,0,0,0,0,0,0,0,0,0,0,1,0,0,1
12.93894976,77.52299739,3,Byatarayanapura,24.543379599999998,0,0,0,0,0,1,0,0,0,1,0,0,0,0,0,0,0,0,0,0,0,0,0,0,0,1,0,2
13.0652173,77.6445305,1,Hennuru,171.05158271666667,0,0,0,0,0,1,0,0,0,0,0,1,0,0,0,0,0,0,0,0,1,0,0,0,0,0,0,1
12.9954901,77.5849484,3,High ground,52.19419608333333,0,0,0,0,0,1,0,0,0,0,0,0,0,1,0,0,0,0,1,0,0,0,0,0,0,0,0,1
13.0200904,77.7097875,1,K.R. Pura,160.9499688,0,0,0,0,0,1,0,0,0,0,0,0,1,0,0,0,0,0,0,0,1,0,0,0,0,0,0,2
13.0205242,77.7107575,1,K.R. Pura,165.12216908333332,0,0,0,0,0,1,0,0,0,0,0,1,0,0,0,0,0,0,0,0,1,0,0,0,0,0,0,1
12.95570915,77.72316585,3,Whitefield,9.96850835,0,0,0,0,0,1,0,0,0,0,0,0,0,1,0,0,0,0,0,1,0,0,0,0,0,0,0,2
12.9854579,77.5248465,3,Kamakshipalya,168.66832101666665,0,0,0,0,0,1,0,0,0,0,0,1,0,0,0,0,0,0,0,0,0,0,0,0,0,1,0,1
13.0483148,77.5547351,1,Jalahalli,45.659029499999995,0,0,0,0,0,1,0,0,1,0,0,0,0,0,0,0,0,0,0,0,0,1,0,0,0,0,0,1
12.9975402,77.6639746,3,Banaswadi,144.15670458333335,0,0,0,0,0,1,0,0,0,1,0,0,0,0,0,0,0,1,0,0,0,0,0,0,0,0,0,1
13.0071345,77.6887062,1,K.R. Pura,64.77909031666667,0,0,0,0,0,1,0,0,0,0,0,1,0,0,0,0,0,0,0,0,1,0,0,0,0,0,0,1
13.03241,77.5879916,3,Kodigehalli,129.31961855,0,0,0,0,0,1,0,0,0,1,0,0,0,0,0,0,0,0,0,0,0,0,1,0,0,0,0,2
12.9994343,77.6747251,3,Banaswadi,61.383499750000006,0,0,0,0,0,1,0,0,0,0,0,0,0,0,0,0,1,0,0,0,1,0,0,0,0,0,0,2
13.0407394,77.54469,3,Jalahalli,56.45296956666667,0,0,0,0,0,1,0,0,0,0,0,0,0,1,0,0,0,0,0,0,0,0,1,0,0,0,0,1
12.9168713,77.5975225,3,Jayanagara,163.10753965,0,0,0,0,0,1,0,0,1,0,0,0,0,0,0,0,0,0,0,0,0,0,0,1,0,0,0,1
13.0298582,77.5380185,3,Yeshwanthpura,19.686655499999997,0,0,0,0,0,1,0,0,0,0,0,1,0,0,0,0,0,0,0,0,0,0,0,0,0,1,0,2
12.9905555,77.6609074,1,Banaswadi,3.0292352833333336,0,0,0,0,1,0,1,0,0,0,0,0,0,0,0,0,0,1,0,0,0,0,0,0,0,0,0,1
12.9126831,77.5673126,3,K.S. Layout,75.37487433333334,0,0,0,0,0,1,0,0,0,0,0,0,0,0,1,0,0,0,0,0,0,0,0,1,0,0,0,1
12.8804543,77.6452946,3,Electronic City,20.58339885,1,0,0,0,0,0,1,0,0,0,0,0,0,0,0,0,0,0,0,0,0,0,0,0,1,0,0,3
12.9823732,77.5176914,1,Kamakshipalya,44.57036183333333,0,0,0,0,0,1,0,0,0,0,0,0,0,1,0,0,0,0,0,0,0,0,0,0,0,1,0,1
13.0903927,77.5966824,3,Yelahanka,129.36212176666666,0,0,0,0,0,1,0,0,0,0,0,0,1,0,0,0,0,0,0,0,0,0,1,0,0,0,0,1
13.0078785,77.5268075,1,Rajajinagar,15.379208666666667,1,0,0,0,0,0,1,0,0,0,0,0,0,0,0,0,0,0,0,0,0,0,0,0,0,1,0,3
12.97726717,77.75125437,1,Whitefield,14.3899262,0,0,0,0,0,1,0,0,0,0,0,0,1,0,0,0,0,0,0,1,0,0,0,0,0,0,0,2
12.9622023,77.5639864,3,Chamarajpet,30.176836466666668,0,0,0,0,0,1,0,0,0,0,0,0,0,1,0,0,0,0,1,0,0,0,0,0,0,0,0,2
12.9387649,77.7472979,1,Whitefield,133.86432396666666,0,1,0,0,0,0,1,0,0,0,0,0,0,0,0,0,0,0,0,1,0,0,0,0,0,0,0,1
13.0251804,77.7190904,1,K.R. Pura,135.21672853333334,0,0,0,0,0,1,0,0,1,0,0,0,0,0,0,0,0,0,0,0,1,0,0,0,0,0,0,1
13.0262679,77.5803919,1,Kodigehalli,149.28804126666668,0,0,0,0,0,1,0,0,0,1,0,0,0,0,0,0,0,0,0,0,0,0,1,0,0,0,0,1
13.0551323,77.6009435,1,Hebbala,149.95849733333336,0,0,1,0,0,0,1,0,0,0,0,0,0,0,0,0,0,0,0,0,0,1,0,0,0,0,0,1
13.05616,77.6025483,1,Hebbala,6.336037283333334,0,0,1,0,0,0,1,0,0,0,0,0,0,0,0,0,0,0,0,0,0,1,0,0,0,0,0,1
12.9716801,77.6522918,1,Jeevanbheemanagar,61.30639663333333,1,0,0,0,0,0,1,0,0,0,0,0,0,0,0,0,0,1,0,0,0,0,0,0,0,0,0,1
12.9964917,77.584805,3,High ground,17.879924716666668,0,0,0,0,0,1,0,0,0,0,0,0,1,0,0,0,0,0,1,0,0,0,0,0,0,0,0,2
13.0260995,77.5855288,3,R.T. Nagar,141.03378058333334,0,0,0,0,0,1,0,0,0,1,0,0,0,0,0,0,0,0,0,0,0,0,1,0,0,0,0,2
13.0260537,77.5855025,3,Kodigehalli,138.19152845,0,0,0,0,0,1,0,0,0,1,0,0,0,0,0,0,0,0,0,0,0,0,1,0,0,0,0,2
12.9846424,77.5970767,3,High ground,126.0219682,0,0,0,0,0,1,0,0,0,0,1,0,0,0,0,0,0,0,1,0,0,0,0,0,0,0,0,1
13.0229251,77.6468839,3,Hennuru,19.928113066666665,0,0,0,0,0,1,0,0,1,0,0,0,0,0,0,0,0,0,0,0,1,0,0,0,0,0,0,1
12.9623268,77.629384,1,Halasur,155.94972365,0,0,0,0,0,1,0,0,0,0,0,1,0,0,0,0,0,1,0,0,0,0,0,0,0,0,0,2
13.1140117,77.6062667,3,Yelahanka,180.0,0,0,0,0,0,1,0,0,0,1,0,0,0,0,0,0,0,0,0,0,0,0,1,0,0,0,0,2
13.0187649,77.5577122,3,Yeshwanthpura,25.483353933333333,0,0,0,0,0,1,0,0,0,0,0,1,0,0,0,0,0,0,0,0,0,0,0,0,0,0,1,1
12.8794381,77.6459502,3,Electronic City,33.47683516666667,1,0,0,0,0,0,1,0,0,0,0,0,0,0,0,0,0,0,0,0,0,0,0,0,1,0,0,3
13.019729,77.7090559,1,K.R. Pura,81.4365754,0,0,0,0,0,1,0,0,0,0,0,0,0,1,0,0,0,0,0,0,1,0,0,0,0,0,0,1
13.07578,77.6508617,1,Hennuru,107.9215892,1,0,0,0,0,0,1,0,0,0,0,0,0,0,0,0,0,0,0,0,1,0,0,0,0,0,0,1
13.0481741,77.4988696,1,Peenya,122.66202586666667,0,0,0,0,0,1,0,0,0,0,0,1,0,0,0,0,0,0,0,0,0,0,0,0,0,1,0,1
13.0076699,77.5267781,1,Rajajinagar,147.32470300000003,0,0,0,0,0,1,0,0,0,0,0,1,0,0,0,0,0,0,0,0,0,0,0,0,0,1,0,1
13.0073591,77.5266529,1,Rajajinagar,142.87588714999998,0,0,0,0,0,1,0,0,1,0,0,0,0,0,0,0,0,0,0,0,0,0,0,0,0,1,0,1
12.97574,77.5096283,1,Jnanabharathi,132.16377403333334,0,0,0,0,0,1,0,0,1,0,0,0,0,0,0,0,0,0,0,0,0,0,0,0,0,1,0,1
12.9854074,77.5250191,3,Kamakshipalya,180.0,0,0,0,0,0,1,0,0,0,0,1,0,0,0,0,0,0,0,0,0,0,0,0,0,0,1,0,1
12.9460489,77.6984784,3,HAL Old Airport,125.69249778333332,0,0,0,0,0,1,0,0,0,0,0,0,0,0,0,0,1,0,0,1,0,0,0,0,0,0,0,1
12.8851455,77.6424929,3,Electronic City,98.99417996666666,1,0,0,0,0,0,1,0,0,0,0,0,0,0,0,0,0,0,0,0,0,0,0,0,1,0,0,1
13.0333942,77.5885499,3,Hebbala,81.57955763333332,1,0,0,0,0,0,1,0,0,0,0,0,0,0,0,0,0,0,0,0,0,0,1,0,0,0,0,1
13.090383,77.5966984,3,Yelahanka,6.8494496,0,0,0,0,0,1,0,0,0,0,0,0,0,0,1,0,0,0,0,0,0,0,1,0,0,0,0,2
13.0325733,77.629965,3,Hennuru,166.25239036666665,0,0,0,0,0,1,0,0,1,0,0,0,0,0,0,0,0,0,0,0,0,1,0,0,0,0,0,1
13.0495297,77.4954996,1,Chikkabanavara,161.37632828333332,0,0,0,0,0,1,0,0,0,0,0,0,0,1,0,0,0,0,0,0,0,0,0,0,0,1,0,1
13.0199284,77.5006714,3,Yeshwanthpura,90.94726401666667,0,0,0,0,0,1,0,0,1,0,0,0,0,0,0,0,0,0,0,0,0,0,0,0,0,1,0,1
12.8967191,77.5723686,1,J.P. Nagar,155.00221754999998,1,0,0,0,0,0,1,0,0,0,0,0,0,0,0,0,0,0,0,0,0,0,0,0,1,0,0,1
12.9948122,77.693173,1,Mahadevapura,180.0,1,0,0,0,0,0,1,0,0,0,0,0,0,0,0,0,0,0,0,1,0,0,0,0,0,0,0,1
13.0335547,77.48276889,1,Peenya,103.95582513333333,1,0,0,0,0,0,1,0,0,0,0,0,0,0,0,0,0,0,0,0,0,0,0,0,0,1,0,1
12.9878346,77.4940169,3,Kamakshipalya,143.73169961666665,0,0,0,0,0,1,0,0,0,0,0,1,0,0,0,0,0,0,0,0,0,0,0,0,0,1,0,1
13.1276933,77.6137033,3,Yelahanka,39.634294700000005,1,0,0,0,0,0,1,0,0,0,0,0,0,0,0,0,0,0,0,0,0,0,1,0,0,0,0,3
12.9549495,77.5803014,1,City Market,165.31716206666667,0,0,0,0,0,1,0,0,1,0,0,0,0,0,0,0,0,0,1,0,0,0,0,0,0,0,0,2
13.0698007,77.5855285,1,Kodigehalli,76.73987386666666,1,0,0,0,0,0,1,0,0,0,0,0,0,0,0,0,0,0,0,0,0,1,0,0,0,0,0,3
12.8508093,77.5545817,1,Thalagattapura,69.58610278333335,0,0,0,0,0,1,0,0,0,1,0,0,0,0,0,0,0,0,0,0,0,0,0,1,0,0,0,1
12.9228533,77.6576917,3,Bellandur,81.19912645,0,0,0,0,0,1,0,0,0,0,0,1,0,0,0,0,0,1,0,0,0,0,0,0,0,0,0,1
12.8757572,77.4964189,1,Thalagattapura,58.679805316666666,0,0,0,0,0,1,0,0,0,1,0,0,0,0,0,0,0,0,0,0,0,0,0,1,0,0,0,1
12.8669473,77.5071756,1,Thalagattapura,48.05517008333334,0,0,0,0,0,1,0,0,0,1,0,0,0,0,0,0,0,0,0,0,0,0,0,1,0,0,0,1
13.0593972,77.6325951,3,Hennuru,179.98704795,0,0,0,0,0,1,0,0,0,0,0,0,0,0,0,0,1,0,0,0,0,1,0,0,0,0,0,1
13.0621794,77.5444587,1,Jalahalli,44.67105758333333,0,0,0,0,0,1,0,0,1,0,0,0,0,0,0,0,0,0,0,0,0,1,0,0,0,0,0,1
12.8600582,77.5215949,1,Thalagattapura,22.931035716666667,0,0,0,0,0,1,0,0,0,1,0,0,0,0,0,0,0,0,0,0,0,0,0,1,0,0,0,1
12.8425759,77.5885226,1,Hulimavu,63.71386355,0,0,0,0,0,1,0,0,1,0,0,0,0,0,0,0,0,0,0,0,0,0,0,1,0,0,0,1
13.0042703,77.6629128,3,Banaswadi,151.14003401666665,0,0,0,0,0,1,0,0,0,1,0,0,0,0,0,0,0,1,0,0,0,0,0,0,0,0,0,1
13.1112089,77.6337925,3,Yelahanka,3.097718366666667,0,0,0,0,1,0,1,0,0,0,0,0,0,0,0,0,0,0,0,0,0,0,1,0,0,0,0,1
13.1112688,77.6338053,3,Yelahanka,2.0512559666666665,0,0,0,0,1,0,1,0,0,0,0,0,0,0,0,0,0,0,0,0,0,0,1,0,0,0,0,1
13.0446122,77.5830636,3,Kodigehalli,150.66139335,0,0,0,0,0,1,0,0,0,0,0,0,0,0,0,0,1,0,0,0,0,1,0,0,0,0,0,2
13.0356667,77.58912,3,Kodigehalli,19.75909175,0,0,0,0,0,1,0,0,0,0,0,1,0,0,0,0,0,0,0,0,0,0,1,0,0,0,0,1
12.9996649,77.6752443,3,Banaswadi,92.9163563,0,0,0,0,0,1,0,0,0,0,0,0,0,0,0,0,1,0,0,0,1,0,0,0,0,0,0,2
13.0360183,77.5891833,3,Kodigehalli,147.61173708333334,0,0,0,0,0,1,0,0,1,0,0,0,0,0,0,0,0,0,0,0,0,0,1,0,0,0,0,1
13.0000387,77.6766808,3,Mahadevapura,31.1868471,0,0,0,0,0,1,0,0,0,1,0,0,0,0,0,0,0,0,0,0,1,0,0,0,0,0,0,1
12.913157,77.6254496,3,HSR Layout,138.28295058333333,0,0,0,0,0,1,0,0,1,0,0,0,0,0,0,0,0,0,0,0,0,0,0,0,1,0,0,1
12.91311,77.6252874,3,HSR Layout,133.72026755,0,0,0,0,0,1,0,0,1,0,0,0,0,0,0,0,0,0,0,0,0,0,0,0,1,0,0,1
12.9976602,77.5841298,3,Sheshadripuram,133.56297905,0,0,0,0,0,1,0,0,0,0,0,0,1,0,0,0,0,0,1,0,0,0,0,0,0,0,0,2
12.9975806,77.5841317,3,Sheshadripuram,122.70817185,0,0,0,0,0,1,0,0,0,0,0,0,1,0,0,0,0,0,1,0,0,0,0,0,0,0,0,2
12.997267,77.5847123,3,High ground,178.17386798333334,0,0,0,0,0,1,0,0,0,0,0,0,1,0,0,0,0,0,1,0,0,0,0,0,0,0,0,1
12.9936926,77.6615233,1,Banaswadi,172.59896145,0,0,0,0,0,1,0,0,0,0,0,0,0,0,0,0,1,1,0,0,0,0,0,0,0,0,0,3
13.040118,77.5439573,3,Jalahalli,11.028707233333334,0,0,0,0,0,1,0,0,0,0,0,0,0,0,1,0,0,0,0,0,0,0,1,0,0,0,0,1
12.9230675,77.6705331,3,Bellandur,147.59945023333333,0,0,0,0,0,1,0,0,0,0,0,0,0,0,0,0,1,0,0,1,0,0,0,0,0,0,0,1
13.0083147,77.5268746,1,Rajajinagar,125.76312763333334,0,0,0,0,0,1,0,0,0,1,0,0,0,0,0,0,0,0,0,0,0,0,0,0,0,1,0,1
12.9666279,77.5047999,1,Jnanabharathi,50.876807183333334,0,0,0,0,0,1,0,0,0,0,0,1,0,0,0,0,0,0,0,0,0,0,0,0,0,1,0,1
12.984534,77.5280156,3,Kamakshipalya,166.01650356666667,0,0,0,0,0,1,0,0,0,0,0,1,0,0,0,0,0,0,0,0,0,0,0,0,0,1,0,1
12.9917496,77.5854785,3,High ground,175.28607303333334,0,0,0,0,0,1,0,0,0,0,0,0,0,0,0,1,0,0,1,0,0,0,0,0,0,0,0,1
13.0217783,77.6490837,3,Banaswadi,25.888201816666665,0,0,0,0,0,1,0,0,0,1,0,0,0,0,0,0,0,0,0,0,0,1,0,0,0,0,0,1
13.009919,77.5275416,1,Rajajinagar,132.06690458333335,0,0,0,0,0,1,0,0,0,1,0,0,0,0,0,0,0,0,0,0,0,0,0,0,0,1,0,1
13.1096246,77.5804484,1,Yelahanka,154.47648148333334,0,0,0,0,0,1,0,0,0,0,0,1,0,0,0,0,0,0,0,0,0,0,1,0,0,0,0,1
12.8676382,77.5819101,1,Thalagattapura,144.98809653333333,0,0,0,0,0,1,0,0,0,1,0,0,0,0,0,0,0,0,0,0,0,0,0,1,0,0,0,1
12.9984053,77.663273,3,Banaswadi,50.145977466666665,1,0,0,0,0,0,1,0,0,0,0,0,0,0,0,0,0,1,0,0,0,0,0,0,0,0,0,2
12.8911961,77.6067108,1,Mico Layout,130.34580196666667,0,0,0,0,0,1,0,0,0,0,0,0,0,0,1,0,0,0,0,0,0,0,0,0,1,0,0,2
12.9606981,77.5129745,1,Jnanabharathi,56.5959926,0,0,0,0,0,1,0,0,0,0,0,0,0,1,0,0,0,0,0,0,0,0,0,0,0,1,0,1
13.0353947,77.5891024,3,Hebbala,147.24640678333333,0,0,0,0,0,1,0,0,0,0,0,0,1,0,0,0,0,0,0,0,0,0,1,0,0,0,0,1
12.9065098,77.4731509,3,Kengeri,174.07115276666667,0,0,0,0,0,1,0,0,0,1,0,0,0,0,0,0,0,0,0,0,0,0,0,0,0,1,0,1
13.049087,77.4973746,1,Chikkabanavara,158.54970251666666,0,0,0,0,0,1,0,0,0,0,0,0,0,0,0,1,0,0,0,0,0,0,1,0,0,0,0,1
12.9675483,77.6530283,1,Jeevanbheemanagar,158.78243603333334,0,0,0,0,0,1,0,0,0,0,0,0,1,0,0,0,0,1,0,0,0,0,0,0,0,0,0,1
12.9405392,77.5247876,3,Byatarayanapura,156.91991266666668,0,0,0,0,0,1,0,0,0,1,0,0,0,0,0,0,0,0,0,0,0,0,0,0,0,1,0,1
13.0488417,77.4972148,1,Chikkabanavara,127.5207248,0,0,0,0,0,1,0,0,0,0,0,1,0,0,0,0,0,0,0,0,0,0,1,0,0,0,0,1
13.1160903,77.6075945,3,Yelahanka,145.0974385,0,0,0,0,0,1,0,0,0,1,0,0,0,0,0,0,0,0,0,0,0,0,1,0,0,0,0,2
13.0434964,77.6054589,3,Hebbala,136.92133386666669,0,0,0,0,0,1,0,0,0,0,0,0,0,0,1,0,0,0,0,0,0,1,0,0,0,0,0,2
13.0377233,77.5894983,3,Hebbala,148.10356943333332,0,0,0,0,0,1,0,0,0,0,0,0,1,0,0,0,0,0,0,0,0,0,1,0,0,0,0,2
13.0378433,77.5893717,3,Kodigehalli,13.938969850000001,0,0,0,0,0,1,0,0,0,0,0,0,1,0,0,0,0,0,0,0,0,0,1,0,0,0,0,2
12.9977614,77.7213522,1,K.R. Pura,61.85042823333333,1,0,0,0,0,0,1,0,0,0,0,0,0,0,0,0,0,0,0,0,1,0,0,0,0,0,0,1
13.1092217,77.6039087,3,Yelahanka,127.91002151666666,0,0,0,0,0,1,0,0,0,1,0,0,0,0,0,0,0,0,0,0,0,0,1,0,0,0,0,1
13.0217907,77.5845124,3,R.T. Nagar,139.24020658333333,0,0,0,0,0,1,0,0,0,0,0,0,0,0,0,0,1,0,0,0,0,0,1,0,0,0,0,1
13.0218442,77.5845709,3,R.T. Nagar,136.23492043333334,0,0,0,0,0,1,0,0,0,0,0,0,0,0,0,0,1,0,0,0,0,0,1,0,0,0,0,1
12.9951003,77.5851148,3,High ground,46.93523065,0,0,0,0,0,1,0,0,0,0,0,0,0,0,1,0,0,0,1,0,0,0,0,0,0,0,0,2
12.9897898,77.7254032,1,Mahadevapura,135.2140588,0,0,0,0,0,1,0,0,1,0,0,0,0,0,0,0,0,0,0,1,0,0,0,0,0,0,0,1
13.049255,77.4961032,1,Chikkabanavara,137.46777038333332,0,0,0,0,0,1,0,0,0,0,0,1,0,0,0,0,0,0,0,0,0,0,0,0,0,1,0,1
13.06891,77.4477383,1,No Police Station,133.21655123333332,0,0,0,0,0,1,0,0,0,1,0,0,0,0,0,0,0,0,0,0,0,0,0,0,0,0,0,1
13.0363571,77.627793,3,K.G. Halli,180.0,0,0,0,0,0,1,0,0,1,0,0,0,0,0,0,0,0,0,0,0,0,1,0,0,0,0,0,1
13.0723115,77.6512808,1,Hennuru,176.82175008333334,0,1,0,0,0,0,1,0,0,0,0,0,0,0,0,0,0,0,0,0,1,0,0,0,0,0,0,1
12.9120711,77.567396,3,K.S. Layout,164.40471863333332,0,0,0,0,0,1,0,0,0,0,0,0,0,0,0,0,1,0,0,0,0,0,0,1,0,0,0,1
12.9116817,77.55294,1,K.S. Layout,69.26106918333333,0,0,0,0,0,1,0,0,1,0,0,0,0,0,0,0,0,0,0,0,0,0,0,1,0,0,0,1
13.0032564,77.5259337,1,Rajajinagar,133.67875261666666,0,0,0,0,0,1,0,0,0,0,0,0,0,0,0,0,1,0,0,0,0,0,0,0,0,1,0,2
13.0618969,77.594485,3,Hebbala,158.49617066666667,0,0,0,0,0,1,0,0,0,0,0,0,0,0,1,0,0,0,0,0,0,1,0,0,0,0,0,1
12.9798095,77.5106451,1,Jnanabharathi,123.33870168333333,0,0,0,0,0,1,0,0,0,0,0,0,0,1,0,0,0,0,0,0,0,0,0,0,0,1,0,1
13.12554,77.5740088,1,Yelahanka,75.54407861666667,0,0,0,0,0,1,0,0,1,0,0,0,0,0,0,0,0,0,0,0,0,0,1,0,0,0,0,1
13.0383894,77.5896549,3,Hebbala,139.40755931666666,0,0,0,0,0,1,0,0,0,0,1,0,0,0,0,0,0,0,0,0,0,0,1,0,0,0,0,1
12.9564324,77.7093288,3,HAL Old Airport,149.57934705,0,0,0,0,0,1,0,0,0,1,0,0,0,0,0,0,0,0,0,1,0,0,0,0,0,0,0,1
12.9487626,77.6891091,1,HAL Old Airport,2.4556867833333333,0,0,0,0,0,1,0,0,0,1,0,0,0,0,0,0,0,0,0,1,0,0,0,0,0,0,0,1
12.9562651,77.7092582,3,HAL Old Airport,145.92821101666667,0,0,0,0,0,1,0,0,0,1,0,0,0,0,0,0,0,0,0,1,0,0,0,0,0,0,0,1
13.00023,77.6856717,1,Mahadevapura,127.03074631666667,0,0,0,0,0,1,0,0,0,1,0,0,0,0,0,0,0,0,0,0,1,0,0,0,0,0,0,1
13.0428412,77.5512236,3,Jalahalli,156.77987886666668,0,0,0,0,0,1,0,0,0,0,0,1,0,0,0,0,0,0,0,0,0,0,1,0,0,0,0,1
13.0386772,77.5422104,3,Jalahalli,13.388208883333334,0,0,0,0,0,1,0,0,0,0,0,0,0,0,1,0,0,0,0,0,0,0,1,0,0,0,0,2
13.0031754,77.6823257,3,K.R. Pura,122.19427856666667,0,0,0,0,0,1,0,0,1,0,0,0,0,0,0,0,0,0,0,0,1,0,0,0,0,0,0,2
12.9799067,77.5106977,1,Jnanabharathi,112.37712826666666,0,0,0,0,0,1,0,0,0,0,0,0,0,1,0,0,0,0,0,0,0,0,0,0,0,1,0,1
12.9901114,77.6638193,1,Banaswadi,145.68170903333333,0,0,0,0,0,1,0,0,0,0,0,0,0,0,1,0,0,1,0,0,0,0,0,0,0,0,0,1
13.0261115,77.5439551,3,Yeshwanthpura,40.023663983333336,0,0,0,0,0,1,0,0,0,0,0,1,0,0,0,0,0,0,0,0,0,0,0,0,0,1,0,1
13.1061065,77.6340253,3,Yelahanka,139.8504024,0,0,0,0,0,1,0,0,0,0,0,0,1,0,0,0,0,0,0,0,0,0,1,0,0,0,0,2
13.0199933,77.7097567,1,K.R. Pura,8.368193383333333,0,0,0,0,0,1,0,0,0,0,1,0,0,0,0,0,0,0,0,0,1,0,0,0,0,0,0,1
13.0676206,77.4502938,1,No Police Station,130.40400356666666,0,0,0,0,0,1,0,0,0,0,0,1,0,0,0,0,0,0,0,0,0,0,0,0,0,0,0,1
12.96176,77.5124387,1,Jnanabharathi,157.62229323333335,0,0,0,0,0,1,0,0,0,0,0,0,0,0,0,0,1,0,0,0,0,0,0,0,0,1,0,1
13.0199733,77.5842066,3,R.T. Nagar,137.23168733333333,0,0,0,0,0,1,0,0,0,0,0,0,1,0,0,0,0,0,0,0,0,0,1,0,0,0,0,2
13.0198745,77.584027,3,R.T. Nagar,130.55015368333335,0,0,0,0,0,1,0,0,0,0,0,1,0,0,0,0,0,0,0,0,0,0,1,0,0,0,0,2
13.0028147,77.6835432,1,K.R. Pura,109.74121628333334,0,0,0,0,0,1,0,0,0,1,0,0,0,0,0,0,0,0,0,0,1,0,0,0,0,0,0,1
12.9998377,77.5837378,3,Sadashivanagar,169.97981478333335,0,0,0,0,0,1,0,0,1,0,0,0,0,0,0,0,0,0,0,0,0,0,0,0,0,0,1,1
13.0878647,77.5884526,1,Yelahanka,149.17897274999999,0,0,0,0,0,1,0,0,0,0,0,0,0,0,1,0,0,0,0,0,0,0,1,0,0,0,0,2
13.0864996,77.5947881,3,Yelahanka,122.28453818333334,0,0,0,0,0,1,0,0,0,1,0,0,0,0,0,0,0,0,0,0,0,1,0,0,0,0,0,1
13.033267,77.6297082,3,Hennuru,121.26114116666666,0,0,0,0,0,1,0,0,0,0,0,1,0,0,0,0,0,0,0,0,0,1,0,0,0,0,0,1
13.0335913,77.6293343,3,Hennuru,178.0693282,0,0,0,0,0,1,0,0,0,0,0,1,0,0,0,0,0,0,0,0,0,1,0,0,0,0,0,1
13.0131625,77.6996626,1,K.R. Pura,178.2175855,0,0,0,0,0,1,0,0,0,0,0,0,1,0,0,0,0,0,0,0,1,0,0,0,0,0,0,1
13.08645,77.5948299,3,Yelahanka,122.93290526666667,0,0,0,0,0,1,0,0,0,1,0,0,0,0,0,0,0,0,0,0,0,1,0,0,0,0,0,1
13.0012451,77.5841866,3,Sadashivanagar,82.32451263333334,0,0,0,0,0,1,0,0,0,0,0,0,1,0,0,0,0,0,0,0,0,0,0,0,0,0,1,1
13.0012451,77.5841866,3,Sadashivanagar,82.27843179999999,0,0,0,0,0,1,0,0,0,0,0,0,1,0,0,0,0,0,0,0,0,0,0,0,0,0,1,1
12.9390566,77.5235243,3,Byatarayanapura,173.08130388333333,0,0,0,0,0,1,0,0,0,1,0,0,0,0,0,0,0,0,0,0,0,0,0,0,0,1,0,1
13.0406155,77.5468024,3,Yeshwanthpura,180.0,0,0,0,0,0,1,0,0,0,1,0,0,0,0,0,0,0,0,0,0,0,0,1,0,0,0,0,1
13.00520205,77.75683317,1,Mahadevapura,120.7647648,0,0,0,0,0,1,0,0,0,1,0,0,0,0,0,0,0,0,0,1,0,0,0,0,0,0,0,1
13.0038249,77.6837476,1,K.R. Pura,166.69431951666667,0,0,0,0,0,1,0,0,0,0,0,1,0,0,0,0,0,0,0,0,1,0,0,0,0,0,0,1
13.0425611,77.6420552,1,Hennuru,127.3677046,0,0,0,0,0,1,0,0,0,0,0,0,0,0,0,1,0,0,0,0,1,0,0,0,0,0,0,1
13.0234375,77.715021,1,K.R. Pura,34.47710638333333,0,0,0,0,0,1,0,0,0,0,0,1,0,0,0,0,0,0,0,0,1,0,0,0,0,0,0,1
13.0489095,77.4969509,1,Chikkabanavara,121.75965958333333,0,0,0,0,0,1,0,0,0,0,0,0,1,0,0,0,0,0,0,0,0,0,1,0,0,0,0,1
13.0506439,77.5529418,1,Jalahalli,78.09253493333334,0,0,0,0,0,1,0,0,0,0,0,0,0,1,0,0,0,0,0,0,0,1,0,0,0,0,0,1
12.9165755,77.6736642,1,Bellandur,2.7855397,0,0,0,0,0,1,0,0,0,0,0,0,1,0,0,0,0,0,0,1,0,0,0,0,0,0,0,1
12.996753,77.5845822,3,High ground,132.47311988333334,0,0,0,0,0,1,0,0,0,0,0,0,0,1,0,0,0,0,1,0,0,0,0,0,0,0,0,1
13.0400395,77.5438972,3,Jalahalli,62.10023035,0,0,0,0,0,1,0,0,0,1,0,0,0,0,0,0,0,0,0,0,0,0,1,0,0,0,0,1
12.8756455,77.648981,3,Electronic City,116.71515604999999,1,0,0,0,0,0,1,0,0,0,0,0,0,0,0,0,0,0,0,0,0,0,0,0,1,0,0,3
12.8755127,77.6486972,3,Electronic City,115.25701389999999,1,0,0,0,0,0,1,0,0,0,0,0,0,0,0,0,0,0,0,0,0,0,0,0,1,0,0,3
12.8755668,77.6488601,3,Electronic City,114.69720166666666,1,0,0,0,0,0,1,0,0,0,0,0,0,0,0,0,0,0,0,0,0,0,0,0,1,0,0,3
12.8758374,77.6487911,3,Electronic City,109.13002826666667,1,0,0,0,0,0,1,0,0,0,0,0,0,0,0,0,0,0,0,0,0,0,0,0,1,0,0,3
12.9683883,77.50627,1,Jnanabharathi,134.75408208333334,0,0,0,0,0,1,0,0,1,0,0,0,0,0,0,0,0,0,0,0,0,0,0,0,0,1,0,1
13.109046,77.6034419,3,Yelahanka,176.62411586666667,0,0,0,0,0,1,0,0,0,1,0,0,0,0,0,0,0,0,0,0,0,0,1,0,0,0,0,1
12.9137249,77.6785693,1,Bellandur,20.2316355,0,0,0,0,0,1,0,0,0,0,0,0,0,0,0,1,0,0,0,1,0,0,0,0,0,0,0,2
13.0228017,77.5507583,3,Yeshwanthpura,133.2906775,0,0,0,0,0,1,0,0,0,0,0,0,0,1,0,0,0,0,0,0,0,0,0,0,0,1,0,1
12.9989833,77.5843706,3,Sadashivanagar,24.70797813333333,0,0,0,0,0,1,0,0,0,0,0,0,1,0,0,0,0,0,0,0,0,0,0,0,0,0,1,1
13.0417175,77.5469878,3,Jalahalli,129.38762583333335,0,0,0,0,0,1,0,0,0,0,0,1,0,0,0,0,0,0,0,0,0,0,1,0,0,0,0,1
12.9718269,77.7117219,1,HAL Old Airport,34.95256223333333,0,0,0,0,0,1,0,0,1,0,0,0,0,0,0,0,0,0,0,1,0,0,0,0,0,0,0,1
13.0587583,77.6328567,3,Hennuru,56.3099261,0,0,0,0,0,1,0,0,0,0,0,0,1,0,0,0,0,0,0,0,0,1,0,0,0,0,0,2
12.8825091,77.6440547,3,Electronic City,33.11645485,0,0,0,0,0,1,0,0,0,0,0,0,0,1,0,0,0,0,0,0,0,0,0,0,1,0,0,1
12.9417271,77.746705,1,Whitefield,154.13042351666667,0,1,0,0,0,0,1,0,0,0,0,0,0,0,0,0,0,0,0,1,0,0,0,0,0,0,0,1
13.0285717,77.586094,3,Kodigehalli,137.6242032,0,0,0,0,0,1,0,0,0,0,0,0,1,0,0,0,0,0,0,0,0,0,1,0,0,0,0,1
13.0276276,77.5858464,3,Kodigehalli,178.87670713333333,0,0,0,0,0,1,0,0,0,0,0,1,0,0,0,0,0,0,0,0,0,0,1,0,0,0,0,1
13.0040166,77.5838851,3,Sadashivanagar,27.943233333333335,0,0,0,0,0,1,0,1,0,0,0,0,0,0,0,0,0,0,0,0,0,0,0,0,0,0,1,2
12.912072,77.6260093,3,HSR Layout,125.3031198,0,0,0,0,0,1,0,0,0,0,0,0,0,1,0,0,0,0,0,0,0,0,0,0,1,0,0,1
12.975385,77.7508267,1,Whitefield,175.5569322,0,0,0,0,0,1,0,0,0,1,0,0,0,0,0,0,0,0,0,1,0,0,0,0,0,0,0,1
12.9956979,77.6672693,3,Mahadevapura,28.236750733333334,0,0,0,0,0,1,0,0,0,1,0,0,0,0,0,0,0,0,0,0,1,0,0,0,0,0,0,1
12.9411064,77.5249523,3,Byatarayanapura,50.86750325,0,0,0,0,0,1,0,0,0,0,0,0,0,1,0,0,0,0,0,0,0,0,0,0,0,1,0,1
12.95576448,77.72105812,3,Whitefield,42.624361799999996,0,0,0,0,0,1,0,0,1,0,0,0,0,0,0,0,0,0,0,1,0,0,0,0,0,0,0,2
12.9453288,77.4954247,1,Jnanabharathi,22.621172133333335,0,0,0,0,0,1,0,0,0,0,0,1,0,0,0,0,0,0,0,0,0,0,0,0,0,1,0,1
13.03950563,77.64149464,3,Hennuru,22.40985058333333,0,0,0,0,0,1,0,0,1,0,0,0,0,0,0,0,0,0,0,0,0,1,0,0,0,0,0,1
13.0376265,77.5418287,3,Yeshwanthpura,50.827219183333334,0,0,0,0,0,1,0,0,0,1,0,0,0,0,0,0,0,0,0,0,0,0,0,0,0,1,0,1
12.9901257,77.5040668,3,Kamakshipalya,121.27505245,0,0,0,0,0,1,0,0,1,0,0,0,0,0,0,0,0,0,0,0,0,0,0,0,0,1,0,1
12.9653578,77.7021825,3,HAL Old Airport,92.36745463333334,0,0,0,0,0,1,0,0,1,0,0,0,0,0,0,0,0,0,0,1,0,0,0,0,0,0,0,1
13.1167959,77.608359,3,Yelahanka,134.29924888333332,0,0,0,0,0,1,0,0,0,1,0,0,0,0,0,0,0,0,0,0,0,0,1,0,0,0,0,1
13.0494638,77.4954701,1,Chikkabanavara,132.22724575,0,0,0,0,0,1,0,0,0,1,0,0,0,0,0,0,0,0,0,0,0,0,0,0,0,1,0,1
12.9120841,77.5672631,3,K.S. Layout,138.16805281666666,0,0,0,0,0,1,0,0,0,0,0,0,0,0,0,0,1,0,0,0,0,0,0,1,0,0,0,1
13.0377189,77.5897419,3,Hebbala,133.37107096666668,0,0,0,0,0,1,0,0,0,0,1,0,0,0,0,0,0,0,0,0,0,0,1,0,0,0,0,1
13.00919858,77.58387523,3,Sadashivanagar,171.38610851666667,0,0,0,0,0,1,0,0,0,1,0,0,0,0,0,0,0,0,0,0,0,0,0,0,0,0,1,2
13.02468,77.5854484,3,R.T. Nagar,140.43797355,0,0,0,0,0,1,0,0,0,0,0,1,0,0,0,0,0,0,0,0,0,0,1,0,0,0,0,1
13.0870364,77.5952868,3,Yelahanka,15.887661683333333,0,0,0,0,0,1,0,0,0,0,0,0,1,0,0,0,0,0,0,0,0,1,0,0,0,0,0,1
12.9604478,77.5138765,1,Jnanabharathi,126.80761521666666,0,0,0,0,0,1,0,0,0,0,0,0,0,0,0,0,1,0,0,0,0,0,0,0,0,1,0,1
13.026353,77.544093,3,Yeshwanthpura,58.02695011666666,0,0,0,0,0,1,0,0,1,0,0,0,0,0,0,0,0,0,0,0,0,0,0,0,0,1,0,1
13.0012166,77.5840582,3,Sadashivanagar,28.033226533333334,0,0,0,0,0,1,0,0,0,0,0,0,0,0,1,0,0,0,0,0,0,0,0,0,0,0,1,2
12.9942609,77.7571504,1,Mahadevapura,113.44286976666667,1,0,0,0,0,0,1,0,0,0,0,0,0,0,0,0,0,0,0,1,0,0,0,0,0,0,0,1
12.9954004,77.6960808,1,Mahadevapura,102.2498744,1,0,0,0,0,0,1,0,0,0,0,0,0,0,0,0,0,0,0,0,1,0,0,0,0,0,0,1
13.0099436,77.6238998,3,Banaswadi,148.28039948333333,0,0,0,0,0,1,0,0,0,0,0,0,1,0,0,0,0,0,0,0,0,1,0,0,0,0,0,2
12.9379851,77.7465519,1,Whitefield,148.94010133333333,0,1,0,0,0,0,1,0,0,0,0,0,0,0,0,0,0,0,0,1,0,0,0,0,0,0,0,1
13.0361119,77.5348724,1,Yeshwanthpura,76.08330763333333,0,0,0,0,0,1,0,0,0,0,0,0,1,0,0,0,0,0,0,0,0,0,0,0,0,1,0,2
13.0502676,77.5932789,3,Hebbala,96.31191876666666,1,0,0,0,0,0,1,0,0,0,0,0,0,0,0,0,0,0,0,0,0,1,0,0,0,0,0,1
13.0001051,77.5839508,3,Sadashivanagar,120.77986125000001,0,0,0,0,0,1,0,0,0,1,0,0,0,0,0,0,0,0,0,0,0,0,0,0,0,0,1,1
12.90164,77.5817917,1,J.P. Nagar,143.1340679,0,0,0,0,0,1,0,0,1,0,0,0,0,0,0,0,0,0,0,0,0,0,0,0,1,0,0,1
12.9958179,77.584904,3,High ground,27.20697725,0,0,0,0,0,1,0,0,0,0,0,0,0,0,1,0,0,0,1,0,0,0,0,0,0,0,0,1
12.862993,77.5149382,1,Thalagattapura,22.614246416666667,1,0,0,0,0,0,1,0,0,0,0,0,0,0,0,0,0,0,0,0,0,0,0,1,0,0,0,1
12.9424283,77.747245,1,Whitefield,44.093461483333336,0,0,0,0,0,1,0,0,0,1,0,0,0,0,0,0,0,0,0,1,0,0,0,0,0,0,0,2
12.9116306,77.6264009,3,HSR Layout,165.392496,0,0,0,0,0,1,0,0,1,0,0,0,0,0,0,0,0,0,0,0,0,0,0,0,1,0,0,1
12.9114,77.6264117,3,HSR Layout,162.4926368,0,0,0,0,0,1,0,0,1,0,0,0,0,0,0,0,0,0,0,0,0,0,0,0,1,0,0,1
12.940615,77.5248214,3,Byatarayanapura,148.28504868333332,0,0,0,0,0,1,0,0,0,1,0,0,0,0,0,0,0,0,0,0,0,0,0,0,0,1,0,1
13.0236503,77.7163139,1,K.R. Pura,26.185454216666667,0,0,0,0,0,1,0,0,0,1,0,0,0,0,0,0,0,0,0,0,1,0,0,0,0,0,0,1
12.9113234,77.6264372,3,HSR Layout,107.10480468333334,1,0,0,0,0,0,1,0,0,0,0,0,0,0,0,0,0,0,0,0,0,0,0,0,1,0,0,1
13.0055784,77.6627912,3,Banaswadi,152.98150253333333,0,0,0,0,0,1,0,0,0,0,0,0,1,0,0,0,0,1,0,0,0,0,0,0,0,0,0,2
12.9603849,77.514233,1,Jnanabharathi,54.602729133333334,0,0,0,0,0,1,0,0,0,0,0,0,0,0,0,0,1,0,0,0,0,0,0,0,0,1,0,1
12.9348257,77.6909623,3,HAL Old Airport,120.14614008333334,0,0,0,0,0,1,0,0,1,0,0,0,0,0,0,0,0,0,0,1,0,0,0,0,0,0,0,1
12.9890321,77.5078508,3,Kamakshipalya,31.42447145,0,0,0,0,0,1,0,0,0,0,0,0,1,0,0,0,0,0,0,0,0,0,0,0,0,1,0,1
13.0003154,77.6764894,3,Banaswadi,30.941467199999998,0,0,0,0,0,1,0,0,0,0,0,0,0,0,0,0,1,0,0,0,1,0,0,0,0,0,0,1
13.0410701,77.5455972,3,Jalahalli,145.82703876666667,0,0,0,0,0,1,0,0,0,1,0,0,0,0,0,0,0,0,0,0,0,0,1,0,0,0,0,1
12.9382361,77.7467911,1,Whitefield,121.90524239999999,0,0,0,0,0,1,0,0,0,0,0,0,0,0,1,0,0,0,0,1,0,0,0,0,0,0,0,1
13.1101583,77.60381,3,Yelahanka,180.0,0,0,0,0,0,1,0,0,0,0,0,1,0,0,0,0,0,0,0,0,0,0,1,0,0,0,0,1
12.9912041,77.5856647,3,High ground,141.1311019,0,0,0,0,0,1,0,0,0,0,0,0,1,0,0,0,0,0,1,0,0,0,0,0,0,0,0,1
12.9985834,77.5842114,3,Sadashivanagar,154.24304083333334,0,0,0,0,0,1,0,0,0,0,0,0,0,0,0,0,1,0,1,0,0,0,0,0,0,0,0,1
13.0517848,77.6310318,3,Hennuru,104.52003925000001,0,0,1,0,0,0,1,0,0,0,0,0,0,0,0,0,0,0,0,0,0,1,0,0,0,0,0,1
12.9039965,77.5108461,1,Kengeri,67.10483281666667,0,0,0,0,0,1,0,0,1,0,0,0,0,0,0,0,0,0,0,0,0,0,0,0,0,1,0,1
13.0596021,77.6328369,3,Hennuru,88.3288653,1,0,0,0,0,0,1,0,0,0,0,0,0,0,0,0,0,0,0,0,0,1,0,0,0,0,0,1
12.9632266,77.6327085,1,Halasur,160.15740883333333,0,0,0,0,0,1,0,0,1,0,0,0,0,0,0,0,0,1,0,0,0,0,0,0,0,0,0,1
12.8193343,77.6881485,1,Electronic City,167.8777998,0,0,0,0,0,1,0,0,0,1,0,0,0,0,0,0,0,0,0,0,0,0,0,0,0,0,0,1
12.98659378,77.74480898,1,Mahadevapura,85.96539575,1,0,0,0,0,0,1,0,0,0,0,0,0,0,0,0,0,0,0,1,0,0,0,0,0,0,0,1
12.9466212,77.698561,3,HAL Old Airport,83.40713503333333,0,0,0,0,0,1,0,0,0,1,0,0,0,0,0,0,0,0,0,1,0,0,0,0,0,0,0,1
13.1269413,77.6129786,3,Yelahanka,139.01088751666666,0,0,0,0,0,1,0,0,0,1,0,0,0,0,0,0,0,0,0,0,0,0,1,0,0,0,0,1
12.9191487,77.542111,1,Banashankari,57.44499458333333,0,0,0,0,0,1,0,0,0,0,0,1,0,0,0,0,0,0,0,0,0,0,0,0,0,1,0,1
12.9889822,77.5072463,3,Kamakshipalya,70.84300005,0,0,0,0,0,1,0,0,0,0,0,1,0,0,0,0,0,0,0,0,0,0,0,0,0,1,0,1
12.98659378,77.74480898,1,Mahadevapura,180.0,1,0,0,0,0,0,1,0,0,0,0,0,0,0,0,0,0,0,0,1,0,0,0,0,0,0,0,1
13.0129294,77.5299099,1,Rajajinagar,124.01432468333334,0,0,0,0,0,1,0,0,0,1,0,0,0,0,0,0,0,0,0,0,0,0,0,0,0,1,0,1
13.0677815,77.5929705,3,Kodigehalli,128.95650581666666,0,0,0,0,0,1,0,0,0,0,0,0,1,0,0,0,0,0,0,0,0,1,0,0,0,0,0,2
13.1144622,77.5789766,1,Yelahanka,174.87614018333335,0,0,0,0,0,1,0,0,0,1,0,0,0,0,0,0,0,0,0,0,0,0,1,0,0,0,0,1
12.91861725,77.58946,1,Jayanagara,180.0,1,0,0,0,0,0,1,0,0,0,0,0,0,0,0,0,0,0,0,0,0,0,0,1,0,0,0,1
12.91861725,77.58946,1,Jayanagara,180.0,1,0,0,0,0,0,1,0,0,0,0,0,0,0,0,0,0,0,0,0,0,0,0,1,0,0,0,1
12.91861725,77.58946,1,Jayanagara,180.0,1,0,0,0,0,0,1,0,0,0,0,0,0,0,0,0,0,0,0,0,0,0,0,1,0,0,0,1
12.91861725,77.58946,1,Jayanagara,180.0,1,0,0,0,0,0,1,0,0,0,0,0,0,0,0,0,0,0,0,0,0,0,0,1,0,0,0,1
12.91861725,77.58946,1,Jayanagara,180.0,1,0,0,0,0,0,1,0,0,0,0,0,0,0,0,0,0,0,0,0,0,0,0,1,0,0,0,1
12.91861725,77.58946,1,Jayanagara,180.0,1,0,0,0,0,0,1,0,0,0,0,0,0,0,0,0,0,0,0,0,0,0,0,1,0,0,0,1
12.91861725,77.58946,1,Jayanagara,180.0,1,0,0,0,0,0,1,0,0,0,0,0,0,0,0,0,0,0,0,0,0,0,0,1,0,0,0,1
12.91861725,77.58946,1,Jayanagara,180.0,1,0,0,0,0,0,1,0,0,0,0,0,0,0,0,0,0,0,0,0,0,0,0,1,0,0,0,1
12.91861725,77.58946,1,Jayanagara,180.0,1,0,0,0,0,0,1,0,0,0,0,0,0,0,0,0,0,0,0,0,0,0,0,1,0,0,0,1
12.91861725,77.58946,1,Jayanagara,180.0,1,0,0,0,0,0,1,0,0,0,0,0,0,0,0,0,0,0,0,0,0,0,0,1,0,0,0,1
12.91861725,77.58946,1,Jayanagara,180.0,1,0,0,0,0,0,1,0,0,0,0,0,0,0,0,0,0,0,0,0,0,0,0,1,0,0,0,1
12.91861725,77.58946,1,Jayanagara,180.0,1,0,0,0,0,0,1,0,0,0,0,0,0,0,0,0,0,0,0,0,0,0,0,1,0,0,0,1
12.91861725,77.58946,1,Jayanagara,180.0,1,0,0,0,0,0,1,0,0,0,0,0,0,0,0,0,0,0,0,0,0,0,0,1,0,0,0,1
12.91861725,77.58946,1,Jayanagara,180.0,1,0,0,0,0,0,1,0,0,0,0,0,0,0,0,0,0,0,0,0,0,0,0,1,0,0,0,1
12.91861725,77.58946,1,Jayanagara,180.0,1,0,0,0,0,0,1,0,0,0,0,0,0,0,0,0,0,0,0,0,0,0,0,1,0,0,0,1
12.91861725,77.58946,1,Jayanagara,180.0,1,0,0,0,0,0,1,0,0,0,0,0,0,0,0,0,0,0,0,0,0,0,0,1,0,0,0,1
12.91861725,77.58946,1,Jayanagara,180.0,1,0,0,0,0,0,1,0,0,0,0,0,0,0,0,0,0,0,0,0,0,0,0,1,0,0,0,1
12.91861725,77.58946,1,Jayanagara,180.0,1,0,0,0,0,0,1,0,0,0,0,0,0,0,0,0,0,0,0,0,0,0,0,1,0,0,0,1
12.91861725,77.58946,1,Jayanagara,180.0,1,0,0,0,0,0,1,0,0,0,0,0,0,0,0,0,0,0,0,0,0,0,0,1,0,0,0,1
12.91861725,77.58946,1,Jayanagara,180.0,1,0,0,0,0,0,1,0,0,0,0,0,0,0,0,0,0,0,0,0,0,0,0,1,0,0,0,1
12.91861725,77.58946,1,Jayanagara,180.0,1,0,0,0,0,0,1,0,0,0,0,0,0,0,0,0,0,0,0,0,0,0,0,1,0,0,0,1
12.91861725,77.58946,1,Jayanagara,180.0,1,0,0,0,0,0,1,0,0,0,0,0,0,0,0,0,0,0,0,0,0,0,0,1,0,0,0,1
12.91861725,77.58946,1,Jayanagara,180.0,1,0,0,0,0,0,1,0,0,0,0,0,0,0,0,0,0,0,0,0,0,0,0,1,0,0,0,1
12.91861725,77.58946,1,Jayanagara,180.0,1,0,0,0,0,0,1,0,0,0,0,0,0,0,0,0,0,0,0,0,0,0,0,1,0,0,0,1
12.91861725,77.58946,1,Jayanagara,180.0,1,0,0,0,0,0,1,0,0,0,0,0,0,0,0,0,0,0,0,0,0,0,0,1,0,0,0,1
12.91861725,77.58946,1,Jayanagara,180.0,1,0,0,0,0,0,1,0,0,0,0,0,0,0,0,0,0,0,0,0,0,0,0,1,0,0,0,1
12.91861725,77.58946,1,Jayanagara,180.0,1,0,0,0,0,0,1,0,0,0,0,0,0,0,0,0,0,0,0,0,0,0,0,1,0,0,0,1
12.9669359,77.7019289,3,HAL Old Airport,129.29952143333333,0,0,0,0,0,1,0,0,0,0,0,0,0,0,0,0,1,0,0,1,0,0,0,0,0,0,0,1
12.91861725,77.58946,1,Jayanagara,180.0,1,0,0,0,0,0,1,0,0,0,0,0,0,0,0,0,0,0,0,0,0,0,0,1,0,0,0,1
12.91861725,77.58946,1,Jayanagara,180.0,1,0,0,0,0,0,1,0,0,0,0,0,0,0,0,0,0,0,0,0,0,0,0,1,0,0,0,1
12.91861725,77.58946,1,Jayanagara,180.0,1,0,0,0,0,0,1,0,0,0,0,0,0,0,0,0,0,0,0,0,0,0,0,1,0,0,0,1
12.91861725,77.58946,1,Jayanagara,180.0,1,0,0,0,0,0,1,0,0,0,0,0,0,0,0,0,0,0,0,0,0,0,0,1,0,0,0,1
13.0422508,77.5976783,3,Hebbala,132.49366463333334,0,0,0,0,0,1,0,0,0,0,0,0,0,0,1,0,0,0,0,0,0,1,0,0,0,0,0,2
12.91861725,77.58946,1,Jayanagara,180.0,1,0,0,0,0,0,1,0,0,0,0,0,0,0,0,0,0,0,0,0,0,0,0,1,0,0,0,1
12.91861725,77.58946,1,Jayanagara,180.0,1,0,0,0,0,0,1,0,0,0,0,0,0,0,0,0,0,0,0,0,0,0,0,1,0,0,0,1
12.91861725,77.58946,1,Jayanagara,180.0,1,0,0,0,0,0,1,0,0,0,0,0,0,0,0,0,0,0,0,0,0,0,0,1,0,0,0,1
12.91861725,77.58946,1,Jayanagara,180.0,1,0,0,0,0,0,1,0,0,0,0,0,0,0,0,0,0,0,0,0,0,0,0,1,0,0,0,1
12.91861725,77.58946,1,Jayanagara,180.0,1,0,0,0,0,0,1,0,0,0,0,0,0,0,0,0,0,0,0,0,0,0,0,1,0,0,0,1
12.91861725,77.58946,1,Jayanagara,180.0,1,0,0,0,0,0,1,0,0,0,0,0,0,0,0,0,0,0,0,0,0,0,0,1,0,0,0,1
12.91861725,77.58946,1,Jayanagara,180.0,1,0,0,0,0,0,1,0,0,0,0,0,0,0,0,0,0,0,0,0,0,0,0,1,0,0,0,1
12.91861725,77.58946,1,Jayanagara,180.0,1,0,0,0,0,0,1,0,0,0,0,0,0,0,0,0,0,0,0,0,0,0,0,1,0,0,0,1
12.91861725,77.58946,1,Jayanagara,180.0,1,0,0,0,0,0,1,0,0,0,0,0,0,0,0,0,0,0,0,0,0,0,0,1,0,0,0,1
12.91861725,77.58946,1,Jayanagara,180.0,1,0,0,0,0,0,1,0,0,0,0,0,0,0,0,0,0,0,0,0,0,0,0,1,0,0,0,1
12.91861725,77.58946,1,Jayanagara,180.0,1,0,0,0,0,0,1,0,0,0,0,0,0,0,0,0,0,0,0,0,0,0,0,1,0,0,0,1
12.91861725,77.58946,1,Jayanagara,180.0,1,0,0,0,0,0,1,0,0,0,0,0,0,0,0,0,0,0,0,0,0,0,0,1,0,0,0,1
12.91861725,77.58946,1,Jayanagara,180.0,1,0,0,0,0,0,1,0,0,0,0,0,0,0,0,0,0,0,0,0,0,0,0,1,0,0,0,1
12.91861725,77.58946,1,Jayanagara,180.0,1,0,0,0,0,0,1,0,0,0,0,0,0,0,0,0,0,0,0,0,0,0,0,1,0,0,0,1
12.91861725,77.58946,1,Jayanagara,180.0,1,0,0,0,0,0,1,0,0,0,0,0,0,0,0,0,0,0,0,0,0,0,0,1,0,0,0,1
12.91861725,77.58946,1,Jayanagara,180.0,1,0,0,0,0,0,1,0,0,0,0,0,0,0,0,0,0,0,0,0,0,0,0,1,0,0,0,1
12.91861725,77.58946,1,Jayanagara,180.0,1,0,0,0,0,0,1,0,0,0,0,0,0,0,0,0,0,0,0,0,0,0,0,1,0,0,0,1
12.91861725,77.58946,1,Jayanagara,180.0,1,0,0,0,0,0,1,0,0,0,0,0,0,0,0,0,0,0,0,0,0,0,0,1,0,0,0,1
12.91861725,77.58946,1,Jayanagara,180.0,1,0,0,0,0,0,1,0,0,0,0,0,0,0,0,0,0,0,0,0,0,0,0,1,0,0,0,1
12.91861725,77.58946,1,Jayanagara,180.0,1,0,0,0,0,0,1,0,0,0,0,0,0,0,0,0,0,0,0,0,0,0,0,1,0,0,0,1
12.823348,77.6852467,1,Electronic City,180.0,1,0,0,0,0,0,1,0,0,0,0,0,0,0,0,0,0,0,0,0,0,0,0,0,0,0,0,1
13.0410108,77.5451817,3,Jalahalli,25.452439733333332,0,0,0,0,0,1,0,0,0,1,0,0,0,0,0,0,0,0,0,0,0,0,1,0,0,0,0,1
13.0416267,77.548411,3,Jalahalli,78.82542815000001,0,0,0,0,0,1,0,0,0,1,0,0,0,0,0,0,0,0,0,0,0,0,1,0,0,0,0,2
13.0000936,77.676386,3,Banaswadi,94.23299795,0,0,0,0,0,1,0,0,0,0,0,0,1,0,0,0,0,0,0,0,1,0,0,0,0,0,0,1
13.0570587,77.4713412,1,No Police Station,116.73737638333334,0,0,0,0,0,1,0,0,0,0,1,0,0,0,0,0,0,0,0,0,0,0,0,0,0,0,0,1
13.1326203,77.6555123,3,Chikkajala,178.31158271666666,0,0,0,0,0,1,0,0,0,1,0,0,0,0,0,0,0,0,0,0,0,0,0,0,0,0,0,2
13.0320097,77.629945,3,K.G. Halli,180.0,0,0,0,0,0,1,0,0,1,0,0,0,0,0,0,0,0,0,0,0,0,1,0,0,0,0,0,1
12.9386684,77.5222223,3,Byatarayanapura,90.34264485,0,0,0,0,0,1,0,0,1,0,0,0,0,0,0,0,0,0,0,0,0,0,0,0,0,1,0,2
13.0034423,77.5535189,1,Malleshwaram,125.74240011666667,0,0,0,0,0,1,0,0,0,0,1,0,0,0,0,0,0,0,0,0,0,0,0,0,0,1,0,2
13.0245608,77.5855633,3,R.T. Nagar,12.675188133333334,0,0,0,0,0,1,0,0,0,0,0,0,0,0,0,0,1,0,0,0,0,0,1,0,0,0,0,1
13.0107903,77.6152936,1,K.G. Halli,163.56069184999998,0,0,0,0,0,1,0,0,1,0,0,0,0,0,0,0,0,0,0,0,0,1,0,0,0,0,0,1
13.0000592,77.5839711,3,Sadashivanagar,171.30000073333335,0,0,0,0,0,1,0,0,0,0,0,1,0,0,0,0,0,0,0,0,0,0,0,0,0,0,1,1
12.9213061,77.7361817,1,Whitefield,4.565127216666666,0,0,0,0,0,1,0,0,0,1,0,0,0,0,0,0,0,0,0,1,0,0,0,0,0,0,0,2
12.8958067,77.62599,1,Madiwala,161.31879091666667,0,0,0,0,0,1,0,0,1,0,0,0,0,0,0,0,0,0,0,0,0,0,0,0,1,0,0,1
12.9373548,77.745795,1,Whitefield,150.12998141666668,0,0,0,0,0,1,0,0,0,0,0,0,1,0,0,0,0,0,0,1,0,0,0,0,0,0,0,1
12.9785369,77.751376,1,Whitefield,153.2043896,0,0,0,0,0,1,0,0,0,1,0,0,0,0,0,0,0,0,0,1,0,0,0,0,0,0,0,1
12.9623447,77.5945534,1,Halasuru Gate,127.27001373333333,0,0,0,0,0,1,0,0,1,0,0,0,0,0,0,0,0,0,1,0,0,0,0,0,0,0,0,1
12.9819654,77.594477,3,Cubbon Park,67.71260665,1,0,0,0,0,0,1,0,0,0,0,0,0,0,0,0,0,0,1,0,0,0,0,0,0,0,0,1
12.9554704,77.5921748,1,Wilson Garden,135.9581113,0,0,0,0,0,1,0,0,1,0,0,0,0,0,0,0,0,0,1,0,0,0,0,0,0,0,0,1
12.9581237,77.5739029,1,V.V.Puram (C.Pet),97.63435158333333,0,0,0,0,0,1,0,0,1,0,0,0,0,0,0,0,0,0,1,0,0,0,0,0,0,0,0,1
12.9361824,77.5344466,3,Banashankari,180.0,0,0,0,0,0,1,0,0,1,0,0,0,0,0,0,0,0,0,0,0,0,0,0,0,0,1,0,1
13.04547,77.5073579,3,Chikkabanavara,126.4462145,0,0,0,0,0,1,0,0,0,1,0,0,0,0,0,0,0,0,0,0,0,0,1,0,0,0,0,2
12.9576503,77.55271,3,Chamarajpet,29.369336083333334,0,0,0,0,0,1,0,0,0,0,0,1,0,0,0,0,0,0,1,0,0,0,0,0,0,0,0,1
12.9446873,77.5972817,1,Wilson Garden,173.29966389999998,0,0,0,0,0,1,0,0,0,1,0,0,0,0,0,0,0,0,1,0,0,0,0,0,0,0,0,1
12.9533519,77.5421555,3,Byatarayanapura,59.16374196666666,0,0,0,0,0,1,0,0,0,0,0,1,0,0,0,0,0,0,0,0,0,0,0,0,0,0,1,1
12.9560112,77.5463879,3,Byatarayanapura,174.89421681666667,0,0,0,0,0,1,0,0,0,0,0,0,0,1,0,0,0,0,0,0,0,0,0,0,0,0,1,1
12.9775236,77.5854059,1,Cubbon Park,81.47448211666666,1,0,0,0,0,0,1,0,0,0,0,0,0,0,0,0,0,0,1,0,0,0,0,0,0,0,0,1
13.0362686,77.5248329,3,Peenya,18.19665601666667,0,0,0,0,0,1,0,0,0,0,0,0,0,0,1,0,0,0,0,0,0,0,0,0,0,1,0,2
13.0414837,77.5167294,3,Peenya,52.713643133333335,0,0,0,0,0,1,0,0,0,0,0,1,0,0,0,0,0,0,0,0,0,0,0,0,0,1,0,1
13.0658815,77.5931957,3,Kodigehalli,61.27009841666666,1,0,0,0,0,0,1,0,0,0,0,0,0,0,0,0,0,0,0,0,0,1,0,0,0,0,0,1
12.9317517,77.5797388,1,Jayanagara,119.25386498333334,0,0,0,0,0,1,0,0,0,0,0,0,0,0,0,0,1,0,0,0,0,0,0,1,0,0,0,1
13.008543,77.5717493,1,Malleshwaram,120.37544103333333,0,0,0,0,0,1,0,0,0,0,0,0,0,0,1,0,0,0,0,0,0,0,0,0,0,0,1,1
13.0084952,77.5717525,1,Malleshwaram,178.82039443333332,0,0,0,0,0,1,0,0,0,0,0,0,0,0,1,0,0,0,0,0,0,0,0,0,0,0,1,1
13.0302535,77.5372617,3,Yeshwanthpura,168.89055161666664,0,0,0,0,0,1,0,0,0,0,0,0,0,1,0,0,0,0,0,0,0,0,0,0,0,1,0,1
12.8407422,77.6761962,1,Electronic City,22.123204533333332,0,0,0,0,0,1,0,0,0,0,0,0,0,0,0,0,1,0,0,0,0,0,0,0,0,0,0,2
12.8701554,77.6532595,3,Electronic City,88.40484938333334,0,0,0,0,0,1,0,0,0,1,0,0,0,0,0,0,0,0,0,0,0,0,0,0,1,0,0,1
12.9663399,77.6242556,1,Ashok Nagar,126.15680003333334,0,0,0,0,0,1,0,0,0,0,0,1,0,0,0,0,0,1,0,0,0,0,0,0,0,0,0,1
12.9666049,77.6242042,1,Halasur,123.46737905,0,0,0,0,0,1,0,0,0,0,0,1,0,0,0,0,0,1,0,0,0,0,0,0,0,0,0,1
12.9678267,77.5873567,3,Halasuru Gate,35.16567031666667,0,0,0,0,0,1,0,0,1,0,0,0,0,0,0,0,0,0,1,0,0,0,0,0,0,0,0,1
12.9744655,77.6140393,3,Cubbon Park,132.15939191666666,0,0,0,0,0,1,0,0,0,0,0,1,0,0,0,0,0,1,0,0,0,0,0,0,0,0,0,1
12.9076761,77.6279048,3,Madiwala,171.24347185,0,0,0,0,0,1,0,0,0,0,0,0,1,0,0,0,0,0,0,0,0,0,0,0,1,0,0,1
12.9661294,77.606825,3,Ashok Nagar,149.35801096666668,0,0,0,0,0,1,0,0,0,0,0,0,1,0,0,0,0,1,0,0,0,0,0,0,0,0,0,1
12.9043166,77.6017758,3,Mico Layout,151.27811226666665,0,0,0,0,0,1,0,0,1,0,0,0,0,0,0,0,0,0,0,0,0,0,0,0,1,0,0,1
13.0087048,77.5691774,1,Malleshwaram,71.16974789999999,0,0,0,0,0,1,0,0,1,0,0,0,0,0,0,0,0,0,0,0,0,0,0,0,0,0,1,1
12.9664091,77.587021,3,Halasuru Gate,113.12598026666666,1,0,0,0,0,0,1,0,0,0,0,0,0,0,0,0,0,0,1,0,0,0,0,0,0,0,0,1
12.9644682,77.586015,3,Halasuru Gate,43.43354016666667,0,0,0,0,0,1,0,0,1,0,0,0,0,0,0,0,0,0,1,0,0,0,0,0,0,0,0,1
13.0349817,77.5292713,3,Peenya,127.30818040000001,0,0,0,0,0,1,0,0,1,0,0,0,0,0,0,0,0,0,0,0,0,0,0,0,0,1,0,1
13.0262013,77.6363894,3,Banaswadi,91.35186411666668,0,0,0,0,0,1,0,0,0,0,0,1,0,0,0,0,0,0,0,0,0,1,0,0,0,0,0,1
12.9734483,77.5813283,1,Upparpet,50.2345196,0,0,0,0,0,1,0,0,1,0,0,0,0,0,0,0,0,0,1,0,0,0,0,0,0,0,0,2
13.0171019,77.5568573,3,Yeshwanthpura,30.345930816666666,0,0,0,0,0,1,0,0,1,0,0,0,0,0,0,0,0,0,0,0,0,0,0,0,0,0,1,1
12.876905,77.5950298,3,J.P. Nagar,170.0048668166667,0,0,0,0,0,1,0,0,0,0,0,1,0,0,0,0,0,0,0,0,0,0,0,0,1,0,0,1
12.9907,77.6559808,3,Banaswadi,178.82023295,0,0,0,0,0,1,0,0,0,0,0,0,0,0,1,0,0,1,0,0,0,0,0,0,0,0,0,2
12.9907017,77.6560017,3,Banaswadi,176.79510123333333,0,0,0,0,0,1,0,0,0,0,0,0,0,0,1,0,0,1,0,0,0,0,0,0,0,0,0,2
12.9063875,77.5728996,3,K.S. Layout,134.24687856666665,0,0,0,0,0,1,0,0,0,0,0,0,0,1,0,0,0,0,0,0,0,0,0,1,0,0,0,1
13.0955104,77.5974436,3,Yelahanka,123.60230804999999,0,0,0,0,0,1,0,0,1,0,0,0,0,0,0,0,0,0,0,0,0,0,1,0,0,0,0,1
13.0740531,77.5925701,3,Yelahanka,166.17673388333333,0,0,0,0,0,1,0,0,0,0,1,0,0,0,0,0,0,0,0,0,0,1,0,0,0,0,0,1
12.9761908,77.5872317,1,Cubbon Park,152.71564671666664,0,0,0,0,0,1,0,0,0,0,0,0,0,0,0,0,1,0,1,0,0,0,0,0,0,0,0,1
12.9761698,77.5872674,1,Cubbon Park,150.76576345,0,0,0,0,0,1,0,0,0,0,0,0,0,0,0,0,1,0,1,0,0,0,0,0,0,0,0,1
12.9636427,77.5841997,3,Halasuru Gate,99.41600825,0,0,0,0,0,1,0,0,1,0,0,0,0,0,0,0,0,0,1,0,0,0,0,0,0,0,0,1
13.2645011,77.7187932,1,Devanahalli Airport,107.3207998,0,0,0,0,0,1,0,0,0,1,0,0,0,0,0,0,0,0,0,0,0,0,0,0,0,0,0,2
13.0730221,77.5927079,3,Yelahanka,121.79576106666667,0,0,0,0,0,1,0,0,0,1,0,0,0,0,0,0,0,0,0,0,0,1,0,0,0,0,0,1
12.982525,77.5696167,1,Sheshadripuram,44.53869965,0,0,0,0,0,1,0,0,0,0,0,0,1,0,0,0,0,0,1,0,0,0,0,0,0,0,0,2
12.9573967,77.55177,1,Banashankari,53.10385245,0,0,0,0,0,1,0,0,1,0,0,0,0,0,0,0,0,0,1,0,0,0,0,0,0,0,0,1
12.9486171,77.6026398,1,Wilson Garden,178.34732236666665,0,0,0,0,0,1,0,0,0,1,0,0,0,0,0,0,0,0,1,0,0,0,0,0,0,0,0,1
12.9486278,77.6027062,1,Adugodi,174.99982598333332,0,0,0,0,0,1,0,0,0,1,0,0,0,0,0,0,0,0,1,0,0,0,0,0,0,0,0,1
13.0180751,77.5835767,3,Sadashivanagar,114.13534746666666,0,0,0,0,0,1,0,0,0,0,0,0,0,0,1,0,0,0,0,0,0,0,0,0,0,0,1,1
12.936279,77.6072722,1,Adugodi,50.319520649999994,0,0,0,0,0,1,0,0,1,0,0,0,0,0,0,0,0,0,0,0,0,0,0,0,1,0,0,1
12.9662562,77.6248471,1,Halasur,162.49725995,0,0,0,0,0,1,0,0,0,0,0,0,0,0,1,0,0,1,0,0,0,0,0,0,0,0,0,2
13.00778,77.6916494,1,K.R. Pura,147.05596561666667,0,0,0,0,0,1,0,0,0,1,0,0,0,0,0,0,0,0,0,0,1,0,0,0,0,0,0,2
13.122685,77.61158,3,Yelahanka,20.413769233333333,0,0,0,0,0,1,0,0,1,0,0,0,0,0,0,0,0,0,0,0,0,0,1,0,0,0,0,2
12.9740568,77.5817343,1,Upparpet,52.04973218333334,0,0,0,0,0,1,0,0,1,0,0,0,0,0,0,0,0,0,1,0,0,0,0,0,0,0,0,2
12.990177,77.6548824,3,Banaswadi,79.01349935,1,0,0,0,0,0,1,0,0,0,0,0,0,0,0,0,0,1,0,0,0,0,0,0,0,0,0,3
12.9581282,77.6059481,3,Ashok Nagar,130.79246855,0,0,0,0,0,1,0,0,0,1,0,0,0,0,0,0,0,1,0,0,0,0,0,0,0,0,0,1
12.9738982,77.5694867,1,Chamarajpet,71.04905861666666,0,0,0,0,0,1,0,0,1,0,0,0,0,0,0,0,0,0,1,0,0,0,0,0,0,0,0,1
12.9900878,77.654618,3,Banaswadi,171.20309376666668,0,0,0,0,0,1,0,0,0,1,0,0,0,0,0,0,0,1,0,0,0,0,0,0,0,0,0,1
13.0175906,77.555508,3,Yeshwanthpura,58.346169333333336,0,0,0,0,0,1,0,0,1,0,0,0,0,0,0,0,0,0,0,0,0,0,0,0,0,0,1,1
12.9557995,77.5458224,3,Byatarayanapura,176.99896785,0,0,0,0,0,1,0,0,0,0,0,0,0,1,0,0,0,0,0,0,0,0,0,0,0,0,1,1
12.9870133,77.6484533,3,Banaswadi,133.9952839,0,0,0,0,0,1,0,0,1,0,0,0,0,0,0,0,0,1,0,0,0,0,0,0,0,0,0,2
12.932995,77.6882117,3,HAL Old Airport,139.18754678333335,0,0,0,0,0,1,0,0,1,0,0,0,0,0,0,0,0,0,0,1,0,0,0,0,0,0,0,1
13.0319933,77.5343491,3,Yeshwanthpura,165.37098705,0,0,0,0,0,1,0,0,0,1,0,0,0,0,0,0,0,0,0,0,0,0,0,0,0,1,0,2
13.0410992,77.517224,3,Chikkabanavara,133.77565451666666,0,0,0,0,0,1,0,0,0,1,0,0,0,0,0,0,0,0,0,0,0,0,1,0,0,0,0,2
13.0404332,77.5180931,3,Chikkabanavara,131.43241419999998,0,0,0,0,0,1,0,0,0,1,0,0,0,0,0,0,0,0,0,0,0,0,1,0,0,0,0,1
12.9743459,77.5782828,1,Upparpet,64.19872528333333,0,0,0,0,0,1,0,0,0,0,1,0,0,0,0,0,0,0,1,0,0,0,0,0,0,0,0,1
13.1398463,77.6175835,3,Chikkajala,16.327909866666666,1,0,0,0,0,0,1,0,0,0,0,0,0,0,0,0,0,0,0,0,0,0,0,0,0,0,0,3
13.1399908,77.6176147,3,Chikkajala,14.426824566666665,1,0,0,0,0,0,1,0,0,0,0,0,0,0,0,0,0,0,0,0,0,0,0,0,0,0,0,1
12.9554841,77.5857974,1,Wilson Garden,44.04752773333333,0,0,0,0,0,1,0,0,1,0,0,0,0,0,0,0,0,0,1,0,0,0,0,0,0,0,0,1
13.0462359,77.5078697,3,Chikkabanavara,131.9479092,0,0,0,0,0,1,0,0,0,0,0,0,0,1,0,0,0,0,0,0,0,0,1,0,0,0,0,1
12.9727895,77.5945381,3,Cubbon Park,23.041984366666668,0,0,0,0,0,1,0,0,0,0,0,1,0,0,0,0,0,0,1,0,0,0,0,0,0,0,0,1
12.8998101,77.6009496,3,Mico Layout,121.20776783333334,0,0,0,0,0,1,0,0,0,0,0,1,0,0,0,0,0,0,0,0,0,0,0,0,1,0,0,1
12.9841284,77.7508311,1,Whitefield,166.98936768333334,0,0,0,0,0,1,0,1,0,0,0,0,0,0,0,0,0,0,0,1,0,0,0,0,0,0,0,1
12.9842379,77.7508293,1,Mahadevapura,32.76764323333334,0,0,0,0,0,1,0,1,0,0,0,0,0,0,0,0,0,0,0,1,0,0,0,0,0,0,0,1
12.9265543,77.5483644,3,Banashankari,152.00788078333332,0,0,0,0,0,1,0,0,1,0,0,0,0,0,0,0,0,0,0,0,0,0,0,0,0,0,1,1
13.0302057,77.5380543,3,Yeshwanthpura,157.44635481666668,0,0,0,0,0,1,0,0,0,1,0,0,0,0,0,0,0,0,0,0,0,0,0,0,0,1,0,1
12.8553985,77.6651426,1,Electronic City,60.23542993333333,0,0,0,0,0,1,0,0,0,1,0,0,0,0,0,0,0,0,0,0,0,0,0,0,0,0,0,1
12.9171875,77.5868681,1,Jayanagara,42.636129950000004,0,1,0,0,0,0,1,0,0,0,0,0,0,0,0,0,0,0,0,0,0,0,0,1,0,0,0,1
12.9567465,77.6974973,3,HAL Old Airport,68.7993675,1,0,0,0,0,0,1,0,0,0,0,0,0,0,0,0,0,0,0,1,0,0,0,0,0,0,0,3
12.9573218,77.5520803,3,Byatarayanapura,147.78816786666667,0,0,0,0,0,1,0,0,1,0,0,0,0,0,0,0,0,0,1,0,0,0,0,0,0,0,0,1
12.9135866,77.5590245,1,K.S. Layout,19.04382405,0,0,0,0,0,1,0,0,1,0,0,0,0,0,0,0,0,0,0,0,0,0,0,1,0,0,0,1
12.9557367,77.5460608,3,Byatarayanapura,24.4252093,0,0,0,0,0,1,0,0,1,0,0,0,0,0,0,0,0,0,0,0,0,0,0,0,0,0,1,1
12.9813333,77.6115333,3,Shivajinagar,144.97963906666666,0,0,0,0,0,1,0,0,1,0,0,0,0,0,0,0,0,0,1,0,0,0,0,0,0,0,0,1
12.9574675,77.5519898,3,Byatarayanapura,90.33891258333333,0,0,0,0,0,1,0,0,1,0,0,0,0,0,0,0,0,0,1,0,0,0,0,0,0,0,0,1
12.94077639,77.5313357,3,Byatarayanapura,51.137137599999996,0,0,0,0,0,1,0,0,0,1,0,0,0,0,0,0,0,0,0,0,0,0,0,0,0,1,0,2
12.9681581,77.5869647,3,Halasuru Gate,123.97513876666667,0,0,0,0,0,1,0,0,0,0,0,1,0,0,0,0,0,0,1,0,0,0,0,0,0,0,0,1
12.9754056,77.5759283,1,Upparpet,10.2221026,0,0,0,0,0,1,0,0,1,0,0,0,0,0,0,0,0,0,1,0,0,0,0,0,0,0,0,1
12.9355386,77.6246717,3,Adugodi,21.25293735,0,0,0,0,0,1,0,0,1,0,0,0,0,0,0,0,0,0,0,0,0,0,0,0,1,0,0,1
12.9685001,77.6059821,3,Ashok Nagar,75.20685893333332,1,0,0,0,0,0,1,0,0,0,0,0,0,0,0,0,0,1,0,0,0,0,0,0,0,0,0,3
12.959367,77.6544923,3,Jeevanbheemanagar,148.96525248333333,0,0,0,0,0,1,0,0,0,0,0,1,0,0,0,0,0,1,0,0,0,0,0,0,0,0,0,2
13.0404472,77.6243123,3,Hennuru,128.81642445,0,0,0,0,0,1,0,0,0,0,0,0,0,0,1,0,0,0,0,0,0,1,0,0,0,0,0,1
12.8978019,77.6003528,3,Mico Layout,129.42053333333334,0,0,0,0,0,1,0,0,0,0,0,0,1,0,0,0,0,0,0,0,0,0,0,0,1,0,0,1
12.9600197,77.7015047,3,HAL Old Airport,53.12340725,0,0,0,0,0,1,0,0,1,0,0,0,0,0,0,0,0,0,0,1,0,0,0,0,0,0,0,1
13.019645,77.5318817,1,Rajajinagar,13.687693916666666,0,0,0,0,0,1,0,0,1,0,0,0,0,0,0,0,0,0,0,0,0,0,0,0,0,1,0,1
13.0294335,77.631072,3,K.G. Halli,51.91812203333333,0,0,0,0,0,1,0,0,1,0,0,0,0,0,0,0,0,0,0,0,0,1,0,0,0,0,0,1
13.0180643,77.5593662,3,Yeshwanthpura,63.94471371666667,0,0,0,0,0,1,0,0,1,0,0,0,0,0,0,0,0,0,0,0,0,0,0,0,0,0,1,2
12.9533262,77.5870701,1,Wilson Garden,120.20136555,0,0,0,0,0,1,0,0,0,0,0,0,0,0,0,0,1,0,1,0,0,0,0,0,0,0,0,1
13.0735552,77.5929815,3,Hebbala,156.39460101666666,0,0,0,0,0,1,0,0,0,0,0,0,1,0,0,0,0,0,0,0,0,1,0,0,0,0,0,1
13.073505,77.5929067,3,Hebbala,153.14708956666666,0,0,0,0,0,1,0,0,0,0,0,0,0,1,0,0,0,0,0,0,0,1,0,0,0,0,0,1
12.9928507,77.5741189,1,Sheshadripuram,53.43984021666667,0,0,0,0,0,1,0,0,1,0,0,0,0,0,0,0,0,0,1,0,0,0,0,0,0,0,0,1
13.0783781,77.5924995,3,Yelahanka,149.37762598333333,0,0,0,0,0,1,0,0,0,0,0,0,0,0,1,0,0,0,0,0,0,1,0,0,0,0,0,1
12.9672736,77.5873098,3,Halasuru Gate,42.883703016666665,0,0,0,0,0,1,0,1,0,0,0,0,0,0,0,0,0,0,1,0,0,0,0,0,0,0,0,1
12.9813476,77.6285708,3,Halasur,159.15534153333334,0,0,0,0,0,1,0,0,0,0,0,0,0,0,0,0,1,1,0,0,0,0,0,0,0,0,0,1
13.0297868,77.5380071,3,Yeshwanthpura,40.50562813333333,0,0,0,0,0,1,0,0,0,0,0,0,1,0,0,0,0,0,0,0,0,0,0,0,0,1,0,2
12.9754681,77.5828411,1,Halasuru Gate,12.721489483333333,0,0,0,0,0,1,0,0,1,0,0,0,0,0,0,0,0,0,1,0,0,0,0,0,0,0,0,1
12.989814,77.5203367,3,Kamakshipalya,143.86379045,0,0,0,0,0,1,0,0,0,0,0,1,0,0,0,0,0,0,0,0,0,0,0,0,0,1,0,1
13.0046705,77.5936294,1,R.T. Nagar,129.7553985,0,0,0,0,0,1,0,0,1,0,0,0,0,0,0,0,0,0,1,0,0,0,0,0,0,0,0,1
12.99274321,77.53414506,1,Vijayanagara,116.97396016666667,1,0,0,0,0,0,1,0,0,0,0,0,0,0,0,0,0,0,0,0,0,0,0,0,0,1,0,1
12.8948344,77.63653245,3,HSR Layout,11.889777766666667,0,0,0,0,0,1,0,0,0,0,0,0,1,0,0,0,0,0,0,0,0,0,0,0,1,0,0,2
13.0458928,77.5915999,3,Hebbala,138.27618875000002,0,0,0,0,0,1,0,0,0,0,0,0,1,0,0,0,0,0,0,0,0,1,0,0,0,0,0,2
12.9170396,77.5851193,1,Jayanagara,62.597001066666664,0,0,0,0,0,1,0,0,1,0,0,0,0,0,0,0,0,0,0,0,0,0,0,1,0,0,0,1
12.92247,77.6692567,3,Bellandur,114.98783913333334,0,0,0,0,0,1,0,0,1,0,0,0,0,0,0,0,0,0,0,1,0,0,0,0,0,0,0,2
12.9700254,77.5875052,3,Halasuru Gate,147.01102605,0,0,0,0,0,1,0,0,0,0,0,1,0,0,0,0,0,0,1,0,0,0,0,0,0,0,0,1
12.9682367,77.5702465,1,Chamarajpet,55.54801945,0,1,0,0,0,0,1,0,0,0,0,0,0,0,0,0,0,0,1,0,0,0,0,0,0,0,0,1
12.9770196,77.5463672,3,Magadi Road,177.06773293333333,0,0,0,0,0,1,0,0,1,0,0,0,0,0,0,0,0,0,0,0,0,0,0,0,0,0,1,1
12.977455,77.5474483,3,Magadi Road,173.73240633333336,0,0,0,0,0,1,0,0,1,0,0,0,0,0,0,0,0,0,0,0,0,0,0,0,0,0,1,1
12.9372517,77.57974,1,Basavanagudi,126.69820115,0,0,0,0,0,1,0,0,1,0,0,0,0,0,0,0,0,0,1,0,0,0,0,0,0,0,0,1
12.93726,77.5797733,1,Basavanagudi,125.72207241666666,0,0,0,0,0,1,0,0,1,0,0,0,0,0,0,0,0,0,1,0,0,0,0,0,0,0,0,1
12.9441559,77.5678438,1,Basavanagudi,176.33037944999998,0,0,0,0,0,1,0,0,1,0,0,0,0,0,0,0,0,0,1,0,0,0,0,0,0,0,0,1
12.9270757,77.6205527,3,Madiwala,47.083670383333335,0,0,0,0,0,1,0,0,1,0,0,0,0,0,0,0,0,0,0,0,0,0,0,0,1,0,0,1
12.9271711,77.62072,3,Madiwala,140.28060101666668,0,0,0,0,0,1,0,0,1,0,0,0,0,0,0,0,0,0,0,0,0,0,0,0,1,0,0,1
13.0426056,77.5147909,3,Chikkabanavara,148.12754248333334,0,0,0,0,0,1,0,0,1,0,0,0,0,0,0,0,0,0,0,0,0,0,1,0,0,0,0,1
13.1007263,77.5822978,1,Yelahanka,85.21886508333334,1,0,0,0,0,0,1,0,0,0,0,0,0,0,0,0,0,0,0,0,0,0,1,0,0,0,0,1
12.9540456,77.543412,3,Byatarayanapura,5.5721584166666664,0,0,0,0,0,1,0,0,0,1,0,0,0,0,0,0,0,0,0,0,0,0,0,0,0,0,1,1
12.9094178,77.6276237,3,HSR Layout,180.0,1,0,0,0,0,0,1,0,0,0,0,0,0,0,0,0,0,0,0,0,0,0,0,0,1,0,0,1
13.09311,77.5958233,3,Yelahanka,7.866056400000001,0,0,0,0,0,1,0,0,0,0,0,0,0,0,1,0,0,0,0,0,0,0,1,0,0,0,0,1
13.0295992,77.5383803,3,Yeshwanthpura,134.3789917,0,0,0,0,0,1,0,0,0,1,0,0,0,0,0,0,0,0,0,0,0,0,0,0,0,1,0,1
12.9162395,77.6153012,1,Mico Layout,119.49622886666666,0,0,0,0,0,1,0,0,0,0,0,0,0,0,0,0,1,0,0,0,0,0,0,0,1,0,0,1
13.1020833,77.5996333,3,Yelahanka,180.0,0,0,0,0,0,1,0,0,0,0,0,0,1,0,0,0,0,0,0,0,0,0,1,0,0,0,0,2
12.9289906,77.6825867,3,HAL Old Airport,130.36355293333332,0,0,0,0,0,1,0,0,0,0,0,0,1,0,0,0,0,0,0,1,0,0,0,0,0,0,0,2
12.9290021,77.6826011,3,HAL Old Airport,126.25022958333334,0,0,0,0,0,1,0,0,0,0,0,0,1,0,0,0,0,0,0,1,0,0,0,0,0,0,0,2
12.9290099,77.6826192,3,HAL Old Airport,122.51941101666667,0,0,0,0,0,1,0,0,0,0,0,1,0,0,0,0,0,0,0,1,0,0,0,0,0,0,0,2
12.9286984,77.6821511,3,HAL Old Airport,167.41604594999998,0,0,0,0,0,1,0,0,0,0,0,0,1,0,0,0,0,0,0,1,0,0,0,0,0,0,0,1
12.9568784,77.7027456,3,HAL Old Airport,78.65082263333333,0,0,0,0,0,1,0,0,1,0,0,0,0,0,0,0,0,0,0,1,0,0,0,0,0,0,0,1
12.9639654,77.5829334,3,Halasuru Gate,137.31773755,0,0,0,0,0,1,0,0,0,0,0,0,0,0,0,0,1,0,1,0,0,0,0,0,0,0,0,1
12.9745698,77.5696734,1,Chamarajpet,134.53037023333334,0,0,0,0,0,1,0,0,1,0,0,0,0,0,0,0,0,0,1,0,0,0,0,0,0,0,0,2
12.9609277,77.6384884,3,Halasur,4.570926633333333,0,0,0,0,0,1,0,0,1,0,0,0,0,0,0,0,0,1,0,0,0,0,0,0,0,0,0,1
12.9170427,77.5867444,1,Jayanagara,144.76423538333333,0,1,0,0,0,0,1,0,0,0,0,0,0,0,0,0,0,0,0,0,0,0,0,1,0,0,0,1
12.988039,77.577525,1,Sheshadripuram,179.18542756666665,0,0,0,0,0,1,0,0,0,0,0,0,1,0,0,0,0,0,1,0,0,0,0,0,0,0,0,1
13.1220733,77.6112867,3,Yelahanka,127.58345213333334,0,0,0,0,0,1,0,0,0,1,0,0,0,0,0,0,0,0,0,0,0,0,1,0,0,0,0,2
12.9834776,77.5946468,3,Cubbon Park,90.37927065000001,0,0,0,0,0,1,0,1,0,0,0,0,0,0,0,0,0,0,1,0,0,0,0,0,0,0,0,1
13.0403531,77.5181545,3,Chikkabanavara,162.48125383333334,0,0,0,0,0,1,0,0,0,0,0,0,0,0,0,0,1,0,0,0,0,0,1,0,0,0,0,1
13.0408407,77.5176053,3,Chikkabanavara,155.88998908333332,0,0,0,0,0,1,0,0,0,0,0,0,0,0,0,0,1,0,0,0,0,0,1,0,0,0,0,1
12.9862946,77.5223519,3,Kamakshipalya,169.33253553333333,0,0,0,0,0,1,0,0,1,0,0,0,0,0,0,0,0,0,0,0,0,0,0,0,0,1,0,1
12.9757645,77.5644199,3,Magadi Road,174.24420223333334,0,0,0,0,0,1,0,0,0,0,0,0,1,0,0,0,0,0,1,0,0,0,0,0,0,0,0,2
12.936177,77.6070675,1,Mico Layout,154.85084073333334,0,0,1,0,0,0,1,0,0,0,0,0,0,0,0,0,0,0,0,0,0,0,0,0,1,0,0,1
12.9939792,77.6182493,1,Pulikeshinagar(F.Town),149.99535671666666,0,0,0,0,0,1,0,0,0,0,0,1,0,0,0,0,0,1,0,0,0,0,0,0,0,0,0,1
12.9668244,77.6064478,3,Ashok Nagar,159.96182528333333,0,0,0,0,0,1,0,0,0,0,0,0,0,0,0,0,1,1,0,0,0,0,0,0,0,0,0,2
12.9766048,77.6098223,3,Cubbon Park,154.61170771666667,0,0,0,0,0,1,0,0,0,1,0,0,0,0,0,0,0,1,0,0,0,0,0,0,0,0,0,1
12.9758856,77.610114,3,Cubbon Park,150.10332535,0,0,0,0,0,1,0,0,0,1,0,0,0,0,0,0,0,1,0,0,0,0,0,0,0,0,0,1
12.9448383,77.597145,1,Wilson Garden,40.86747448333333,0,0,0,0,0,1,0,0,1,0,0,0,0,0,0,0,0,0,1,0,0,0,0,0,0,0,0,1
13.0186649,77.5576997,3,Yeshwanthpura,175.24571783333334,0,0,0,0,0,1,0,0,1,0,0,0,0,0,0,0,0,0,0,0,0,0,0,0,0,0,1,1
13.0218824,77.5328228,1,Rajajinagar,50.3255556,0,0,0,0,0,1,0,0,0,0,0,0,1,0,0,0,0,0,0,0,0,0,0,0,0,1,0,1
13.1217116,77.6112022,3,Yelahanka,68.16662336666667,0,0,0,0,0,1,0,0,0,0,0,1,0,0,0,0,0,0,0,0,0,0,1,0,0,0,0,1
13.0949315,77.597112,3,Yelahanka,103.64486746666667,0,0,0,0,0,1,0,0,0,0,0,0,0,0,1,0,0,0,0,0,0,0,1,0,0,0,0,2
13.0391896,77.5181172,3,Peenya,140.73458963333331,0,0,0,0,0,1,0,0,0,0,0,1,0,0,0,0,0,0,0,0,0,0,0,0,0,1,0,1
13.0238743,77.6432731,3,Banaswadi,121.74386893333333,0,1,0,0,0,0,1,0,0,0,0,0,0,0,0,0,0,0,0,0,0,1,0,0,0,0,0,1
13.076532,77.5928613,3,Yelahanka,180.0,0,0,0,0,0,1,0,0,0,1,0,0,0,0,0,0,0,0,0,0,0,1,0,0,0,0,0,1
13.0322132,77.5341335,3,Yeshwanthpura,152.81965595000003,0,0,0,0,0,1,0,0,0,0,0,1,0,0,0,0,0,0,0,0,0,0,0,0,0,1,0,2
13.0393213,77.5195841,3,Peenya,36.67476746666667,1,0,0,0,0,0,1,0,0,0,0,0,0,0,0,0,0,0,0,0,0,0,0,0,0,1,0,3
12.9593112,77.6549544,3,Jeevanbheemanagar,174.84497716666667,0,0,0,0,0,1,0,0,1,0,0,0,0,0,0,0,0,1,0,0,0,0,0,0,0,0,0,2
12.958055,77.668315,3,HAL Old Airport,58.87047775,0,0,0,0,0,1,0,0,0,0,0,0,1,0,0,0,0,0,0,0,1,0,0,0,0,0,0,1
12.9429577,77.5973088,1,Wilson Garden,174.48546921666667,0,0,0,0,0,1,0,0,0,1,0,0,0,0,0,0,0,0,0,0,0,0,0,0,1,0,0,1
12.9155498,77.6237407,3,HSR Layout,178.46620805,0,0,0,0,0,1,0,0,0,1,0,0,0,0,0,0,0,0,0,0,0,0,0,0,1,0,0,1
12.9155403,77.6237458,3,HSR Layout,173.4180036333333,0,0,0,0,0,1,0,0,0,1,0,0,0,0,0,0,0,0,0,0,0,0,0,0,1,0,0,2
13.0383585,77.6255924,3,K.G. Halli,152.67317215,0,0,0,0,0,1,0,0,0,0,0,0,0,0,1,0,0,0,0,0,0,1,0,0,0,0,0,1
12.9364825,77.5174527,3,Byatarayanapura,38.7856253,0,0,0,0,0,1,0,0,1,0,0,0,0,0,0,0,0,0,0,0,0,0,0,0,0,1,0,1
12.984249,77.6425182,3,Jeevanbheemanagar,43.62368715,0,0,0,0,0,1,0,0,0,0,1,0,0,0,0,0,0,1,0,0,0,0,0,0,0,0,0,1
12.9273919,77.6204823,3,Madiwala,170.5547348,0,0,0,0,0,1,0,0,1,0,0,0,0,0,0,0,0,0,0,0,0,0,0,0,1,0,0,1
12.9550664,77.5957899,1,Malleshwaram,114.97272678333334,0,0,0,0,0,1,0,0,1,0,0,0,0,0,0,0,0,1,0,0,0,0,0,0,0,0,0,1
12.9568493,77.596148,1,Malleshwaram,105.08629838333333,0,0,0,0,0,1,0,0,1,0,0,0,0,0,0,0,0,1,0,0,0,0,0,0,0,0,0,1
13.0136323,77.5670674,3,Sadashivanagar,15.29187335,0,0,0,0,0,1,0,0,1,0,0,0,0,0,0,0,0,0,0,0,0,0,0,0,0,0,1,1
13.242711,77.7045586,1,Devanahalli Airport,123.49946846666667,0,0,0,0,0,1,0,0,0,0,0,1,0,0,0,0,0,0,0,0,0,0,0,0,0,0,0,2
12.9549589,77.5805541,1,City Market,9.065334083333333,0,0,0,0,0,1,0,0,1,0,0,0,0,0,0,0,0,0,1,0,0,0,0,0,0,0,0,1
12.9643483,77.5968067,3,Ashok Nagar,40.43931741666667,0,0,0,0,0,1,0,0,0,0,0,0,0,0,1,0,0,1,0,0,0,0,0,0,0,0,0,1
12.9151157,77.6060964,1,Mico Layout,360.0,0,0,0,0,1,0,1,0,0,0,0,0,0,0,0,0,0,0,0,0,0,0,0,0,1,0,0,1
12.9336917,77.6863341,3,HAL Old Airport,77.93821268333333,0,0,0,0,1,0,1,0,0,0,0,0,0,0,0,0,0,0,0,1,0,0,0,0,0,0,0,1
13.0749633,77.59257,3,Yelahanka,15.615314166666668,1,0,0,0,0,0,1,0,0,0,0,0,0,0,0,0,0,0,0,0,0,1,0,0,0,0,0,3
12.983039,77.5603629,1,Magadi Road,166.37005655,0,0,0,0,0,1,0,0,0,0,0,0,1,0,0,0,0,0,0,0,0,0,0,0,0,0,1,1
12.9909938,77.5717929,1,Sheshadripuram,84.26732303333333,0,0,0,0,0,1,0,0,1,0,0,0,0,0,0,0,0,0,1,0,0,0,0,0,0,0,0,1
12.9769123,77.5860171,1,Halasuru Gate,9.7192566,0,0,0,0,0,1,0,0,0,0,0,0,0,1,0,0,0,0,1,0,0,0,0,0,0,0,0,1
13.0097232,77.6972405,1,K.R. Pura,84.81419685,0,0,0,0,0,1,0,0,0,0,0,0,0,1,0,0,0,0,0,0,1,0,0,0,0,0,0,1
12.9584638,77.7157794,3,HAL Old Airport,121.10525411666667,0,0,0,0,0,1,0,0,0,0,0,0,0,0,1,0,0,0,0,1,0,0,0,0,0,0,0,1
12.9278561,77.6160612,3,Madiwala,157.13099548333332,0,0,0,0,0,1,0,0,1,0,0,0,0,0,0,0,0,0,0,0,0,0,0,0,1,0,0,1
13.0950829,77.5972815,3,Yelahanka,59.43833245,1,0,0,0,0,0,1,0,0,0,0,0,0,0,0,0,0,0,0,0,0,0,1,0,0,0,0,3
12.9452864,77.5962783,1,Wilson Garden,161.05900673333332,0,0,0,0,0,1,0,0,1,0,0,0,0,0,0,0,0,0,1,0,0,0,0,0,0,0,0,1
12.9635772,77.584958,3,Halasuru Gate,140.01282165,0,0,0,0,0,1,0,0,0,0,0,0,0,0,0,0,1,0,1,0,0,0,0,0,0,0,0,1
13.0098119,77.5710695,1,Sadashivanagar,77.63881098333333,1,0,0,0,0,0,1,0,0,0,0,0,0,0,0,0,0,0,0,0,0,0,0,0,0,0,1,1
12.9457163,77.5284767,3,Byatarayanapura,72.52724768333333,0,0,0,0,0,1,0,0,0,0,0,0,0,1,0,0,0,0,0,0,0,0,0,0,0,0,1,1
13.0185739,77.5554486,3,Magadi Road,104.03651961666667,0,0,0,0,0,1,0,0,1,0,0,0,0,0,0,0,0,0,0,0,0,0,0,0,0,0,1,1
12.9660743,77.5897016,3,Halasuru Gate,95.9884565,1,0,0,0,0,0,1,0,0,0,0,0,0,0,0,0,0,0,1,0,0,0,0,0,0,0,0,3
12.9653519,77.584495,3,Halasuru Gate,156.81240198333336,0,0,0,0,0,1,0,0,0,0,0,0,0,0,1,0,0,0,1,0,0,0,0,0,0,0,0,1
12.8538664,77.666348,1,Electronic City,121.11515155000001,0,0,0,0,0,1,0,0,0,1,0,0,0,0,0,0,0,0,0,0,0,0,0,0,0,0,0,2
12.9370726,77.6928507,3,HAL Old Airport,168.39210805,0,0,0,0,0,1,0,0,0,0,0,0,0,0,0,0,1,0,0,1,0,0,0,0,0,0,0,1
12.982262,77.5642474,1,Magadi Road,132.40751281666667,0,0,0,0,0,1,0,0,0,0,0,1,0,0,0,0,0,0,1,0,0,0,0,0,0,0,0,1
12.9822405,77.5642784,1,Magadi Road,127.49113058333334,0,0,0,0,0,1,0,0,0,0,0,1,0,0,0,0,0,0,1,0,0,0,0,0,0,0,0,1
12.9366267,77.6929083,3,HAL Old Airport,78.27243788333334,0,0,0,0,0,1,0,0,0,1,0,0,0,0,0,0,0,0,0,1,0,0,0,0,0,0,0,1
12.9529966,77.5416452,3,Byatarayanapura,14.931522066666668,0,0,0,0,0,1,0,0,0,0,1,0,0,0,0,0,0,0,0,0,0,0,0,0,0,0,1,1
12.9814473,77.5645179,1,Magadi Road,159.52557335,0,0,0,0,0,1,0,0,0,0,0,1,0,0,0,0,0,0,1,0,0,0,0,0,0,0,0,1
13.0146648,77.5733395,1,Sadashivanagar,37.40827121666667,0,0,0,0,0,1,0,0,0,1,0,0,0,0,0,0,0,0,0,0,0,0,0,0,0,0,1,2
13.014764,77.5823588,3,Sadashivanagar,132.14748840000001,0,0,0,0,0,1,0,0,0,0,0,0,0,0,1,0,0,0,0,0,0,0,0,0,0,0,1,1
13.0976265,77.5918504,3,Kodigehalli,32.2879019,0,0,0,0,0,1,0,0,1,0,0,0,0,0,0,0,0,0,0,0,0,0,1,0,0,0,0,2
13.017835,77.6595083,3,Banaswadi,158.75532433333333,0,0,0,0,0,1,0,0,0,1,0,0,0,0,0,0,0,0,0,0,1,0,0,0,0,0,0,1
12.9273352,77.680075,3,Bellandur,23.4285513,0,0,0,0,0,1,0,0,0,0,0,0,0,1,0,0,0,0,0,1,0,0,0,0,0,0,0,1
12.9821285,77.6236031,1,Halasur,149.85386713333335,0,0,0,0,0,1,0,0,0,0,1,0,0,0,0,0,0,1,0,0,0,0,0,0,0,0,0,1
13.0170371,77.5569446,3,Yeshwanthpura,178.86633036666666,0,0,0,0,0,1,0,0,1,0,0,0,0,0,0,0,0,0,0,0,0,0,0,0,0,0,1,1
13.0147261,77.5839062,3,Sadashivanagar,136.78986316666666,0,0,0,0,0,1,0,0,0,0,0,1,0,0,0,0,0,0,0,0,0,0,0,0,0,0,1,1
12.9625956,77.6191002,1,Ashok Nagar,110.24613635,1,0,0,0,0,0,1,0,0,0,0,0,0,0,0,0,0,1,0,0,0,0,0,0,0,0,0,3
13.0145617,77.5730783,1,Sadashivanagar,13.487757566666666,0,0,0,0,0,1,0,0,1,0,0,0,0,0,0,0,0,0,0,0,0,0,0,0,0,0,1,2
13.0956313,77.5977895,3,Yelahanka,133.75243205,0,0,0,0,0,1,0,0,0,1,0,0,0,0,0,0,0,0,0,0,0,0,1,0,0,0,0,1
13.0170676,77.5844418,3,R.T. Nagar,167.81260961666666,0,0,0,0,0,1,0,0,0,0,0,0,0,0,1,0,0,0,0,0,0,0,1,0,0,0,0,1
13.0316655,77.535387,3,Yeshwanthpura,138.93581903333333,0,0,0,0,0,1,0,0,0,1,0,0,0,0,0,0,0,0,0,0,0,0,0,0,0,1,0,2
13.0302108,77.5379527,3,Yeshwanthpura,167.89438871666667,0,0,0,0,0,1,0,0,0,0,0,0,0,1,0,0,0,0,0,0,0,0,0,0,0,1,0,2
13.0345185,77.5300683,3,Yeshwanthpura,81.33313686666666,1,0,0,0,0,0,1,0,0,0,0,0,0,0,0,0,0,0,0,0,0,0,0,0,0,1,0,1
13.102133,77.5865455,1,Yelahanka,36.74988463333333,0,0,0,0,0,1,0,0,0,0,0,0,0,0,1,0,0,0,0,0,0,0,1,0,0,0,0,1
12.98255063,77.63770496,3,Jeevanbheemanagar,3.140068266666667,0,0,0,0,0,1,0,0,1,0,0,0,0,0,0,0,0,1,0,0,0,0,0,0,0,0,0,1
13.0148748,77.5725866,1,Sadashivanagar,12.550240633333335,0,0,0,0,0,1,0,0,0,1,0,0,0,0,0,0,0,0,0,0,0,0,0,0,0,0,1,2
13.1022979,77.58612,1,Yelahanka,3.3893408166666665,0,0,0,0,0,1,0,0,1,0,0,0,0,0,0,0,0,0,0,0,0,0,1,0,0,0,0,1
13.068325,77.5928917,3,Kodigehalli,174.34975803333333,0,0,0,0,0,1,0,0,0,1,0,0,0,0,0,0,0,0,0,0,0,1,0,0,0,0,0,2
13.0439467,77.5571367,3,Jalahalli,141.95324636666666,0,1,0,0,0,0,1,0,0,0,0,0,0,0,0,0,0,0,0,0,0,1,0,0,0,0,0,1
12.959612,77.5559197,3,Chamarajpet,74.20677181666666,0,0,0,0,0,1,0,0,0,0,0,0,0,0,1,0,0,0,1,0,0,0,0,0,0,0,0,1
12.9147863,77.6239065,3,Mico Layout,129.28507661666666,0,0,0,0,0,1,0,0,1,0,0,0,0,0,0,0,0,0,0,0,0,0,0,0,1,0,0,1
13.0143705,77.5836467,3,Sadashivanagar,167.08227528333333,0,0,0,0,0,1,0,0,0,0,0,1,0,0,0,0,0,0,0,0,0,0,0,0,0,0,1,1
13.0460115,77.5561219,3,Jalahalli,6.094190583333333,0,0,0,0,0,1,0,0,0,0,0,1,0,0,0,0,0,0,0,0,0,1,0,0,0,0,0,1
12.9713543,77.6194707,3,Halasur,152.68805506666666,0,0,0,0,0,1,0,0,0,0,0,0,0,0,1,0,0,1,0,0,0,0,0,0,0,0,0,1
12.955904,77.7172765,3,Whitefield,162.0267134,0,0,0,0,0,1,0,0,0,0,0,0,0,0,1,0,0,0,0,1,0,0,0,0,0,0,0,1
12.9075832,77.6282825,3,Madiwala,15.520445366666667,0,0,0,0,0,1,0,0,1,0,0,0,0,0,0,0,0,0,0,0,0,0,0,0,1,0,0,1
12.9641281,77.5814045,3,Halasuru Gate,81.50184441666667,0,0,0,0,0,1,0,0,1,0,0,0,0,0,0,0,0,0,1,0,0,0,0,0,0,0,0,1
12.9169267,77.5839617,1,J.P. Nagar,157.4440912,0,0,0,0,0,1,0,0,0,0,0,0,0,1,0,0,0,0,0,0,0,0,0,1,0,0,0,1
12.9610467,77.5272883,3,High ground,150.8777458666667,0,0,0,0,0,1,0,0,1,0,0,0,0,0,0,0,0,0,0,0,0,0,0,0,0,0,1,2
12.9879048,77.7338598,1,Mahadevapura,26.36466031666667,0,0,0,0,0,1,0,0,0,1,0,0,0,0,0,0,0,0,0,1,0,0,0,0,0,0,0,2
13.0165143,77.5615383,3,Yeshwanthpura,50.51885516666667,0,0,0,0,0,1,0,0,0,0,0,1,0,0,0,0,0,0,0,0,0,0,0,0,0,0,1,1
12.955154,77.5856293,1,Wilson Garden,51.39911233333333,0,0,0,0,0,1,0,0,1,0,0,0,0,0,0,0,0,0,1,0,0,0,0,0,0,0,0,1
12.957596,77.5187665,1,Byatarayanapura,151.73868025,0,0,0,0,0,1,0,0,0,1,0,0,0,0,0,0,0,0,0,0,0,0,0,0,0,1,0,1
13.0456023,77.5639625,3,Jalahalli,126.10210171666667,0,0,0,0,0,1,0,0,0,1,0,0,0,0,0,0,0,0,0,0,0,1,0,0,0,0,0,1
13.0807267,77.5932829,3,Yelahanka,74.97160621666667,0,0,0,0,0,1,0,0,0,0,0,0,0,1,0,0,0,0,0,0,0,1,0,0,0,0,0,1
13.063775,77.5935833,3,Hebbala,116.95864045,0,0,0,0,0,1,0,0,0,1,0,0,0,0,0,0,0,0,0,0,0,1,0,0,0,0,0,2
12.9546171,77.5442979,3,Byatarayanapura,11.41171555,0,0,0,0,0,1,0,0,1,0,0,0,0,0,0,0,0,0,0,0,0,0,0,0,0,0,1,2
12.9439816,77.5679382,1,Basavanagudi,98.24602408333334,0,0,0,0,0,1,0,0,1,0,0,0,0,0,0,0,0,0,1,0,0,0,0,0,0,0,0,1
13.0145669,77.58389955,3,Sadashivanagar,67.97322405,0,0,0,0,0,1,0,0,0,0,0,0,0,0,0,0,1,0,0,0,0,0,0,0,0,0,1,2
13.0300667,77.536945,3,Yeshwanthpura,134.13460036666666,0,0,0,0,0,1,0,0,0,0,0,0,0,0,1,0,0,0,0,0,0,0,0,0,0,1,0,2
12.9703833,77.605025,3,Ashok Nagar,150.25146518333335,0,0,0,0,0,1,0,0,0,0,0,0,0,0,1,0,0,1,0,0,0,0,0,0,0,0,0,1
13.010081,77.6974059,1,K.R. Pura,156.51750121666666,0,0,0,0,0,1,0,0,0,0,0,0,0,1,0,0,0,0,0,0,1,0,0,0,0,0,0,2
12.955625,77.5857017,1,Wilson Garden,16.688940616666667,0,0,0,0,0,1,0,0,1,0,0,0,0,0,0,0,0,0,1,0,0,0,0,0,0,0,0,1
13.0953387,77.5974602,3,Yelahanka,180.0,0,0,0,0,0,1,0,0,0,1,0,0,0,0,0,0,0,0,0,0,0,0,1,0,0,0,0,1
13.0100354,77.6973682,1,K.R. Pura,178.12562215,0,0,0,0,0,1,0,0,0,0,0,0,0,1,0,0,0,0,0,0,1,0,0,0,0,0,0,1
13.0084993,77.6956301,1,K.R. Pura,127.14900161666667,0,0,0,0,0,1,0,0,0,1,0,0,0,0,0,0,0,0,0,0,1,0,0,0,0,0,0,2
12.986725,77.647919,3,Jeevanbheemanagar,136.57407801666668,0,0,0,0,0,1,0,0,1,0,0,0,0,0,0,0,0,1,0,0,0,0,0,0,0,0,0,1
12.9510507,77.5373979,3,Byatarayanapura,134.93701926666665,0,0,0,0,0,1,0,0,1,0,0,0,0,0,0,0,0,0,0,0,0,0,0,0,0,0,1,1
12.9380373,77.5213201,3,Byatarayanapura,126.61304768333333,0,0,0,0,0,1,0,0,0,1,0,0,0,0,0,0,0,0,0,0,0,0,0,0,0,1,0,1
13.0299607,77.5384933,3,Yeshwanthpura,145.39218588333333,0,0,0,0,0,1,0,0,0,0,1,0,0,0,0,0,0,0,0,0,0,0,0,0,0,1,0,2
12.9077387,77.5857106,3,J.P. Nagar,20.7539686,0,0,0,0,0,1,0,0,0,0,0,0,0,0,1,0,0,0,0,0,0,0,0,1,0,0,0,2
13.0416746,77.6224826,3,Hennuru,160.2575977333333,0,0,0,0,0,1,0,0,0,0,0,0,1,0,0,0,0,0,0,0,0,1,0,0,0,0,0,1
13.1049914,77.6006433,3,Yelahanka,141.16059665,0,0,0,0,0,1,0,0,1,0,0,0,0,0,0,0,0,0,0,0,0,0,1,0,0,0,0,1
12.9620386,77.6418128,3,Jeevanbheemanagar,69.78363693333334,0,0,0,0,0,1,0,0,1,0,0,0,0,0,0,0,0,1,0,0,0,0,0,0,0,0,0,1
13.0187359,77.5581175,3,Yeshwanthpura,2.1166342,0,0,0,0,0,1,0,0,1,0,0,0,0,0,0,0,0,0,0,0,0,0,0,0,0,0,1,1
12.9661357,77.5867781,3,Halasuru Gate,159.76517208333334,0,0,0,0,0,1,0,0,1,0,0,0,0,0,0,0,0,0,1,0,0,0,0,0,0,0,0,2
12.9869385,77.6482307,3,Banaswadi,135.10198301666665,0,0,0,0,0,1,0,0,0,0,0,0,1,0,0,0,0,1,0,0,0,0,0,0,0,0,0,1
13.0287662,77.5398698,3,Yeshwanthpura,75.34786806666666,0,0,0,0,0,1,0,0,0,0,0,1,0,0,0,0,0,0,0,0,0,0,0,0,0,1,0,2
12.9332367,77.612965,3,Adugodi,171.02348788333333,0,0,0,0,0,1,0,0,0,0,0,0,0,0,1,0,0,0,0,0,0,0,0,0,1,0,0,1
12.9650713,77.6067195,3,Ashok Nagar,70.3720422,0,0,0,0,0,1,0,0,1,0,0,0,0,0,0,0,0,1,0,0,0,0,0,0,0,0,0,1
12.9803266,77.5708272,1,Chamarajpet,105.80286051666667,0,0,0,0,0,1,0,0,0,0,1,0,0,0,0,0,0,0,1,0,0,0,0,0,0,0,0,1
13.1037794,77.6008869,3,Yelahanka,37.210154933333335,0,0,0,0,0,1,0,0,0,0,0,0,1,0,0,0,0,0,0,0,0,0,1,0,0,0,0,1
12.9670367,77.5875092,3,Halasuru Gate,137.32163151666666,0,0,0,0,0,1,0,0,0,0,0,1,0,0,0,0,0,0,1,0,0,0,0,0,0,0,0,1
12.98646261,77.54946852,3,Vijayanagara,61.66422065,0,0,0,0,0,1,0,0,0,0,1,0,0,0,0,0,0,0,0,0,0,0,0,0,0,0,1,1
12.9365506,77.5186746,3,Byatarayanapura,65.48658305,0,0,0,0,0,1,0,0,1,0,0,0,0,0,0,0,0,0,0,0,0,0,0,0,0,1,0,1
12.9762309,77.6018001,3,Cubbon Park,74.64067675,0,0,0,0,0,1,0,0,0,0,0,0,1,0,0,0,0,1,0,0,0,0,0,0,0,0,0,2
12.9808194,77.5706632,1,Chamarajpet,59.080220149999995,0,0,0,0,0,1,0,0,0,0,0,1,0,0,0,0,0,0,1,0,0,0,0,0,0,0,0,1
12.9530933,77.5417867,3,Byatarayanapura,122.27491031666666,0,0,0,0,0,1,0,0,1,0,0,0,0,0,0,0,0,0,0,0,0,0,0,0,0,0,1,1
12.9212433,77.6203446,3,Madiwala,175.76473991666666,0,0,0,0,0,1,0,0,0,0,0,0,0,1,0,0,0,0,0,0,0,0,0,0,1,0,0,1
13.0145624,77.5840694,3,Sadashivanagar,179.50796415000002,0,0,0,0,0,1,0,0,0,1,0,0,0,0,0,0,0,0,0,0,0,0,1,0,0,0,0,1
13.0167911,77.6605001,3,Banaswadi,21.757424,1,0,0,0,0,0,1,0,0,0,0,0,0,0,0,0,0,0,0,0,0,1,0,0,0,0,0,1
13.0146181,77.5844666,3,R.T. Nagar,176.69938516666667,0,0,0,0,0,1,0,0,0,1,0,0,0,0,0,0,0,0,0,0,0,0,1,0,0,0,0,1
12.9715363,77.5934875,3,Halasuru Gate,34.755479933333326,0,0,0,0,0,1,0,0,0,0,0,1,0,0,0,0,0,0,1,0,0,0,0,0,0,0,0,1
12.9621302,77.5335461,3,Byatarayanapura,13.018610533333334,0,0,0,0,0,1,0,0,1,0,0,0,0,0,0,0,0,0,0,0,0,0,0,0,0,0,1,1
13.0413731,77.6226451,3,Hennuru,97.18107958333333,0,1,0,0,0,0,1,0,0,0,0,0,0,0,0,0,0,0,0,0,0,1,0,0,0,0,0,1
12.9779515,77.6018514,3,Cubbon Park,143.22813985,0,0,0,0,0,1,0,0,1,0,0,0,0,0,0,0,0,1,0,0,0,0,0,0,0,0,0,1
12.9166251,77.5723081,1,Banashankari,139.61385639999997,0,0,0,0,0,1,0,0,1,0,0,0,0,0,0,0,0,0,0,0,0,0,0,0,0,0,1,2
13.1025682,77.5998215,3,Yelahanka,111.66404631666666,0,0,0,0,0,1,0,0,0,1,0,0,0,0,0,0,0,0,0,0,0,0,1,0,0,0,0,2
12.9396328,77.5979386,1,Wilson Garden,128.11152711666668,0,0,0,0,0,1,0,0,0,0,0,1,0,0,0,0,0,0,0,0,0,0,0,0,1,0,0,1
12.9924603,77.6011425,1,Pulikeshinagar(F.Town),170.52999503333334,0,0,0,0,0,1,0,1,0,0,0,0,0,0,0,0,0,0,1,0,0,0,0,0,0,0,0,1
12.9937533,77.60556,1,Pulikeshinagar(F.Town),137.66852028333332,0,0,0,0,0,1,0,0,1,0,0,0,0,0,0,0,0,0,0,0,0,1,0,0,0,0,0,1
12.9517504,77.4995444,1,Jnanabharathi,75.91999933333334,0,0,0,0,0,1,0,0,1,0,0,0,0,0,0,0,0,0,0,0,0,0,0,0,0,1,0,1
12.9666771,77.6086475,3,Ashok Nagar,23.28740005,0,0,0,0,0,1,0,0,0,0,0,0,0,0,1,0,0,1,0,0,0,0,0,0,0,0,0,2
12.9645367,77.5733653,3,Chamarajpet,34.048471166666666,0,0,0,0,0,1,0,0,0,0,0,1,0,0,0,0,0,0,1,0,0,0,0,0,0,0,0,1
13.0448184,77.5049414,3,Peenya,7.489767433333333,0,0,0,0,0,1,0,0,0,0,0,1,0,0,0,0,0,0,0,0,0,0,0,0,0,1,0,1
13.015894,77.553932,3,Yeshwanthpura,158.96565218333333,0,0,0,0,0,1,0,0,0,0,0,1,0,0,0,0,0,0,0,0,0,0,0,0,0,1,0,1
13.1182917,77.60889,3,Yelahanka,176.20802635,0,0,0,0,0,1,0,0,0,1,0,0,0,0,0,0,0,0,0,0,0,0,1,0,0,0,0,1
12.9607909,77.6378867,3,Halasur,144.85944098333331,0,0,0,0,0,1,0,0,1,0,0,0,0,0,0,0,0,1,0,0,0,0,0,0,0,0,0,1
12.98267965,77.63678454,3,Jeevanbheemanagar,10.712838766666666,0,0,0,0,0,1,0,0,0,1,0,0,0,0,0,0,0,1,0,0,0,0,0,0,0,0,0,1
12.8878143,77.5972105,3,Hulimavu,149.85175611666668,0,0,0,0,0,1,0,0,1,0,0,0,0,0,0,0,0,0,0,0,0,0,0,0,1,0,0,1
12.9630917,77.5670733,3,Chamarajpet,53.03763343333333,0,0,0,0,0,1,0,0,0,0,0,1,0,0,0,0,0,0,1,0,0,0,0,0,0,0,0,1
12.9757824,77.560073,3,Magadi Road,69.13833371666666,0,0,0,0,0,1,0,0,0,0,0,1,0,0,0,0,0,0,1,0,0,0,0,0,0,0,0,1
12.9604318,77.5042754,1,Jnanabharathi,146.44818733333335,0,0,0,0,0,1,0,0,1,0,0,0,0,0,0,0,0,0,0,0,0,0,0,0,0,1,0,1
12.9728699,77.5823308,1,Halasuru Gate,145.32679761666668,0,0,0,0,0,1,0,0,1,0,0,0,0,0,0,0,0,0,1,0,0,0,0,0,0,0,0,1
12.9654378,77.6175455,1,Halasur,22.930431433333336,0,0,0,0,0,1,0,0,0,0,0,0,1,0,0,0,0,1,0,0,0,0,0,0,0,0,0,1
12.8945629,77.6360149,3,Madiwala,88.26523053333334,1,0,0,0,0,0,1,0,0,0,0,0,0,0,0,0,0,0,0,0,0,0,0,0,1,0,0,3
12.894895,77.6361366,3,Madiwala,85.66224693333334,1,0,0,0,0,0,1,0,0,0,0,0,0,0,0,0,0,0,0,0,0,0,0,0,1,0,0,3
12.9264154,77.6170515,3,Madiwala,120.03522263333333,0,0,0,0,0,1,0,0,0,1,0,0,0,0,0,0,0,0,0,0,0,0,0,0,1,0,0,1
13.0104838,77.5837612,3,Sadashivanagar,162.62039746666667,0,0,0,0,0,1,0,0,0,0,0,0,0,1,0,0,0,0,0,0,0,0,0,0,0,0,1,2
13.0290134,77.5401683,3,Yeshwanthpura,29.652116483333334,0,0,0,0,0,1,0,0,0,1,0,0,0,0,0,0,0,0,0,0,0,0,0,0,0,1,0,1
12.9913072,77.657547,3,Banaswadi,121.92654996666667,0,0,0,0,0,1,0,0,0,1,0,0,0,0,0,0,0,1,0,0,0,0,0,0,0,0,0,1
12.9246233,77.6495417,3,HSR Layout,171.51255408333333,0,0,0,0,0,1,0,0,0,1,0,0,0,0,0,0,0,0,0,0,0,0,0,0,1,0,0,1
12.9855953,77.6443856,3,Banaswadi,179.91314693333334,0,0,0,0,0,1,0,0,0,0,0,0,0,0,1,0,0,1,0,0,0,0,0,0,0,0,0,1
12.9551862,77.7008688,3,HAL Old Airport,180.0,0,0,0,0,0,1,0,0,0,0,0,0,0,0,0,0,1,0,0,1,0,0,0,0,0,0,0,1
12.9556655,77.7005733,3,HAL Old Airport,38.99701985,0,0,0,0,0,1,0,0,1,0,0,0,0,0,0,0,0,0,0,1,0,0,0,0,0,0,0,1
13.0136878,77.5882148,1,R.T. Nagar,121.66426041666666,0,0,0,0,0,1,0,0,0,1,0,0,0,0,0,0,0,0,0,0,0,0,1,0,0,0,0,1
12.964348,77.5839948,3,Halasuru Gate,124.24396535,0,0,0,0,0,1,0,0,1,0,0,0,0,0,0,0,0,0,1,0,0,0,0,0,0,0,0,1
13.0986024,77.5978107,3,Yelahanka,179.08011836666668,0,0,0,0,0,1,0,0,1,0,0,0,0,0,0,0,0,0,0,0,0,0,1,0,0,0,0,2
12.9612142,77.701326,3,HAL Old Airport,147.92160796666667,0,0,0,0,0,1,0,0,1,0,0,0,0,0,0,0,0,0,0,1,0,0,0,0,0,0,0,1
13.083943,77.5939992,3,Yelahanka,131.42417623333333,0,0,0,0,0,1,0,0,0,0,0,0,0,0,1,0,0,0,0,0,0,1,0,0,0,0,0,2
13.018281,77.5556398,3,Yelahanka,54.968501149999994,0,0,0,0,0,1,0,0,1,0,0,0,0,0,0,0,0,0,0,0,0,0,0,0,0,0,1,1
12.9613279,77.5887137,1,Halasuru Gate,154.06247978333334,0,0,0,0,0,1,0,0,0,0,1,0,0,0,0,0,0,0,1,0,0,0,0,0,0,0,0,1
13.015132,77.5841563,3,Sadashivanagar,6.392379616666667,0,0,0,0,0,1,0,0,0,0,0,0,0,0,1,0,0,0,0,0,0,0,1,0,0,0,0,1
12.8695892,77.6546541,3,Electronic City,9.597317949999999,0,0,0,0,0,1,0,0,0,0,0,1,0,0,0,0,0,0,0,0,0,0,0,1,0,0,0,1
12.9873582,77.5783191,1,High ground,176.24812931666665,0,0,0,0,0,1,0,0,1,0,0,0,0,0,0,0,0,0,1,0,0,0,0,0,0,0,0,1
13.0429578,77.5125432,3,Peenya,169.64724488333334,0,0,0,0,0,1,0,0,0,1,0,0,0,0,0,0,0,0,0,0,0,0,0,0,0,1,0,1
13.010822,77.5838862,3,Sadashivanagar,3.10067255,0,0,0,0,0,1,0,0,0,0,0,0,0,0,0,0,1,0,0,0,0,0,0,0,0,0,1,1
13.0394398,77.5190679,3,Peenya,120.7716731,0,0,0,0,0,1,0,0,0,0,1,0,0,0,0,0,0,0,0,0,0,0,0,0,0,1,0,1
12.9589941,77.527017,3,Byatarayanapura,106.81586569999999,0,0,0,0,0,1,0,0,1,0,0,0,0,0,0,0,0,0,0,0,0,0,0,0,0,0,1,1
12.955215,77.5451935,3,Byatarayanapura,172.15735391666666,0,0,0,0,0,1,0,0,0,1,0,0,0,0,0,0,0,0,0,0,0,0,0,0,0,0,1,1
12.9817447,77.5949875,3,Cubbon Park,97.3695523,0,0,0,0,0,1,0,0,0,0,0,0,0,0,1,0,0,0,1,0,0,0,0,0,0,0,0,1
12.9884191,77.5888133,3,High ground,48.415913599999996,0,0,0,0,0,1,0,0,0,0,0,0,1,0,0,0,0,0,1,0,0,0,0,0,0,0,0,1
13.0428788,77.5893859,3,Kodigehalli,175.95849813333334,0,0,0,0,0,1,0,0,0,0,0,0,0,0,0,0,1,0,0,0,0,1,0,0,0,0,0,1
12.971497,77.6581488,1,Jeevanbheemanagar,2.6516332666666664,0,0,0,0,0,1,0,0,0,0,0,0,0,0,1,0,0,1,0,0,0,0,0,0,0,0,0,1
13.146265,77.617685,3,Chikkajala,180.0,0,0,0,0,0,1,0,0,0,0,0,0,0,0,0,1,0,0,0,0,0,0,0,0,0,0,0,1
13.018636,77.5583776,3,Yeshwanthpura,115.87354140000001,0,0,0,0,0,1,0,0,0,1,0,0,0,0,0,0,0,0,0,0,0,0,0,0,0,0,1,1
12.9514517,77.5372009,3,Byatarayanapura,14.455940533333335,0,0,0,0,0,1,0,0,1,0,0,0,0,0,0,0,0,0,0,0,0,0,0,0,0,0,1,1
12.9748139,77.5867914,1,Halasuru Gate,137.99985571666667,0,0,0,0,0,1,0,0,1,0,0,0,0,0,0,0,0,0,1,0,0,0,0,0,0,0,0,1
12.971263,77.594313,3,Cubbon Park,38.123049349999995,0,0,0,0,0,1,0,0,1,0,0,0,0,0,0,0,0,1,0,0,0,0,0,0,0,0,0,2
12.9777776,77.5483931,3,Magadi Road,130.05472185,0,0,0,0,0,1,0,0,0,0,0,1,0,0,0,0,0,0,0,0,0,0,0,0,0,0,1,1
12.9206898,77.6648697,3,Bellandur,176.83677189999997,0,0,0,0,0,1,0,0,1,0,0,0,0,0,0,0,0,0,0,1,0,0,0,0,0,0,0,1
13.0169635,77.5840841,3,R.T. Nagar,176.51010349999999,0,0,0,0,0,1,0,0,0,0,0,0,0,0,0,1,0,0,0,0,0,0,1,0,0,0,0,2
13.0162615,77.5840649,3,Sadashivanagar,6.232070666666667,0,0,0,0,0,1,0,0,0,0,0,0,0,0,0,1,0,0,0,0,0,0,1,0,0,0,0,1
12.9614485,77.5611572,3,Chamarajpet,37.45476503333334,0,0,0,0,0,1,0,0,0,0,0,0,0,1,0,0,0,0,1,0,0,0,0,0,0,0,0,1
12.955925,77.5461403,3,Byatarayanapura,44.45212466666667,0,0,0,0,0,1,0,0,0,0,0,0,0,0,0,0,1,0,0,0,0,0,0,0,0,0,1,2
12.936465,77.6068068,1,Adugodi,137.25479166666668,0,0,0,0,0,1,0,0,1,0,0,0,0,0,0,0,0,0,0,0,0,0,0,0,1,0,0,1
12.9365004,77.6067352,1,Adugodi,129.78650015,0,0,0,0,0,1,0,0,1,0,0,0,0,0,0,0,0,0,0,0,0,0,0,0,1,0,0,1
13.0993579,77.5974597,3,Yelahanka,53.110473666666664,0,0,0,0,0,1,0,0,1,0,0,0,0,0,0,0,0,0,0,0,0,0,1,0,0,0,0,1
13.0159084,77.5540158,3,Yeshwanthpura,31.9243745,0,0,0,0,0,1,0,0,0,0,0,1,0,0,0,0,0,0,0,0,0,0,0,0,0,1,0,1
13.1905183,77.6458767,3,Chikkajala,98.95300796666668,0,0,0,0,0,1,0,0,0,1,0,0,0,0,0,0,0,0,0,0,0,0,0,0,0,0,0,2
12.9840501,77.6412553,3,Jeevanbheemanagar,129.350793,0,0,0,0,0,1,0,0,0,0,0,0,1,0,0,0,0,1,0,0,0,0,0,0,0,0,0,1
13.0176175,77.5572677,3,Yeshwanthpura,26.654573000000003,0,0,0,0,0,1,0,0,1,0,0,0,0,0,0,0,0,0,0,0,0,0,0,0,0,0,1,1
12.9983888,77.5957696,1,R.T. Nagar,137.4620955,0,0,0,0,0,1,0,0,0,0,0,1,0,0,0,0,0,0,1,0,0,0,0,0,0,0,0,1
12.9635933,77.58495,3,Halasuru Gate,171.21309093333332,0,0,0,0,0,1,0,0,0,1,0,0,0,0,0,0,0,0,1,0,0,0,0,0,0,0,0,1
12.91712353,77.57359359,1,Jayanagara,159.09834605,0,0,0,0,0,1,0,0,1,0,0,0,0,0,0,0,0,0,0,0,0,0,0,1,0,0,0,1
12.9602451,77.5725364,1,V.V.Puram (C.Pet),146.31882671666665,0,0,0,0,0,1,0,0,1,0,0,0,0,0,0,0,0,0,1,0,0,0,0,0,0,0,0,2
12.9218203,77.6616633,3,Bellandur,65.06920246666667,1,0,0,0,0,0,1,0,0,0,0,0,0,0,0,0,0,0,0,0,0,0,0,0,1,0,0,1
12.9580907,77.553438,3,Magadi Road,156.0914656,0,0,0,0,0,1,0,0,1,0,0,0,0,0,0,0,0,0,1,0,0,0,0,0,0,0,0,1
13.0443183,77.5567474,3,Jalahalli,36.75914435,0,0,0,0,0,1,0,0,0,0,0,0,0,0,1,0,0,0,0,0,0,0,1,0,0,0,0,1
12.957945,77.5534514,3,Chamarajpet,150.89506383333335,0,0,0,0,0,1,0,0,1,0,0,0,0,0,0,0,0,0,1,0,0,0,0,0,0,0,0,1
13.0441564,77.5098069,3,Peenya,50.57958421666667,0,0,0,0,0,1,0,0,0,0,0,1,0,0,0,0,0,0,0,0,0,0,0,0,0,1,0,1
12.90665717,77.54687078,1,K.S. Layout,16.589146799999998,0,0,0,0,0,1,0,0,1,0,0,0,0,0,0,0,0,0,0,0,0,0,0,1,0,0,0,2
12.991379,77.6577427,3,Banaswadi,133.68659085,0,0,0,0,0,1,0,0,1,0,0,0,0,0,0,0,0,1,0,0,0,0,0,0,0,0,0,1
13.09554,77.5925667,1,Yelahanka,126.62336925,0,0,0,0,0,1,0,0,0,0,0,1,0,0,0,0,0,0,0,0,0,0,1,0,0,0,0,2
12.9531543,77.5384246,3,Byatarayanapura,150.48396223333333,0,0,0,0,0,1,0,0,0,1,0,0,0,0,0,0,0,0,0,0,0,0,0,0,0,0,1,1
12.9592974,77.5557433,3,Chamarajpet,166.55766291666666,0,0,0,0,0,1,0,0,1,0,0,0,0,0,0,0,0,0,1,0,0,0,0,0,0,0,0,1
12.9569635,77.5488279,3,Magadi Road,121.44408796666667,0,0,0,0,0,1,0,0,0,0,0,1,0,0,0,0,0,0,1,0,0,0,0,0,0,0,0,1
12.9569065,77.5491212,3,Magadi Road,179.65735379999998,0,0,0,0,0,1,0,0,0,0,0,1,0,0,0,0,0,0,1,0,0,0,0,0,0,0,0,1
12.9568062,77.5491629,3,Byatarayanapura,137.25990439999998,0,0,0,0,0,1,0,0,0,0,0,1,0,0,0,0,0,0,1,0,0,0,0,0,0,0,0,1
12.9678093,77.5681249,1,Chamarajpet,124.67001535,0,0,0,0,0,1,0,0,1,0,0,0,0,0,0,0,0,0,1,0,0,0,0,0,0,0,0,1
12.9183015,77.6419329,3,HSR Layout,39.28464615,0,0,0,0,0,1,0,0,0,0,0,0,1,0,0,0,0,0,0,0,0,0,0,0,1,0,0,1
12.9558795,77.5457956,3,Byatarayanapura,144.83369613333335,0,0,0,0,0,1,0,0,1,0,0,0,0,0,0,0,0,0,0,0,0,0,0,0,0,0,1,2
12.9807419,77.5490731,3,Magadi Road,9.58248465,0,0,0,0,0,1,0,0,1,0,0,0,0,0,0,0,0,0,0,0,0,0,0,0,0,0,1,1
12.9691233,77.5874239,3,Halasuru Gate,3.5625392166666665,0,0,0,0,0,1,0,0,0,0,0,0,0,0,1,0,0,0,1,0,0,0,0,0,0,0,0,1
13.009539,77.6970074,1,K.R. Pura,42.98520965,0,0,0,0,0,1,0,0,0,0,0,0,0,1,0,0,0,0,0,0,1,0,0,0,0,0,0,1
12.9869408,77.5189607,3,Kamakshipalya,30.007936166666664,0,0,0,0,0,1,0,0,0,0,0,0,0,0,1,0,0,0,0,0,0,0,0,0,0,1,0,1
13.0584517,77.59327,3,Kodigehalli,129.84189233333333,0,0,0,0,0,1,0,0,0,0,0,0,1,0,0,0,0,0,0,0,0,1,0,0,0,0,0,1
12.9667962,77.5873074,3,Halasuru Gate,132.70324435,0,0,0,0,0,1,0,0,1,0,0,0,0,0,0,0,0,0,1,0,0,0,0,0,0,0,0,1
12.9768435,77.5648295,3,Magadi Road,172.84855281666665,0,0,0,0,0,1,0,0,1,0,0,0,0,0,0,0,0,0,1,0,0,0,0,0,0,0,0,2
12.9761392,77.5645986,3,Magadi Road,140.95731608333332,0,0,0,0,0,1,0,0,0,0,0,0,1,0,0,0,0,0,1,0,0,0,0,0,0,0,0,1
12.9858849,77.5227976,3,Kamakshipalya,63.96499075,0,0,0,0,0,1,0,0,0,0,0,0,0,0,0,0,1,0,0,0,0,0,0,0,0,1,0,1
12.936608,77.5189474,3,Byatarayanapura,128.24740313333334,0,0,0,0,0,1,0,0,0,1,0,0,0,0,0,0,0,0,0,0,0,0,0,0,0,1,0,1
13.2572593,77.7120071,1,Devanahalli Airport,172.4146387,0,0,0,0,0,1,0,0,0,1,0,0,0,0,0,0,0,0,0,0,0,0,0,0,0,0,0,1
12.9144023,77.624318,3,HSR Layout,162.7539904666667,0,0,0,0,0,1,0,0,0,0,0,0,0,1,0,0,0,0,0,0,0,0,0,0,1,0,0,1
12.9425141,77.5254893,3,Byatarayanapura,36.38478976666667,0,0,0,0,0,1,0,0,0,0,0,1,0,0,0,0,0,0,0,0,0,0,0,0,0,1,0,1
12.9804045,77.5719092,1,Sheshadripuram,127.39625529999999,0,0,0,0,0,1,0,0,1,0,0,0,0,0,0,0,0,0,1,0,0,0,0,0,0,0,0,1
12.8890739,77.6394383,3,Hulimavu,132.32243791666667,0,0,0,0,0,1,0,0,0,0,0,0,0,1,0,0,0,0,0,0,0,0,0,0,1,0,0,1
12.9804762,77.5719475,1,Sheshadripuram,125.8604117,0,0,0,0,0,1,0,0,1,0,0,0,0,0,0,0,0,0,1,0,0,0,0,0,0,0,0,1
12.9282977,77.5459634,3,Banashankari,116.45913183333333,0,0,0,0,0,1,0,0,1,0,0,0,0,0,0,0,0,0,0,0,0,0,0,0,0,0,1,2
13.0424115,77.5925746,3,Hebbala,32.58043245,0,0,0,0,0,1,0,0,0,1,0,0,0,0,0,0,0,0,0,0,0,1,0,0,0,0,0,1
12.9734202,77.6215549,3,Halasur,132.54866938333333,0,0,0,0,0,1,0,0,0,0,1,0,0,0,0,0,0,0,1,0,0,0,0,0,0,0,0,1
12.90672447,77.54537324,1,K.S. Layout,131.94369748333332,0,0,0,0,0,1,0,0,0,0,0,0,1,0,0,0,0,0,0,0,0,0,0,1,0,0,0,1
12.9859417,77.5512283,3,Rajajinagar,121.6934538,0,0,0,0,0,1,0,0,0,0,0,0,0,1,0,0,0,0,0,0,0,0,0,0,0,0,1,1
12.955889,77.718815,3,Whitefield,126.98070031666666,0,0,0,0,0,1,0,0,1,0,0,0,0,0,0,0,0,0,0,1,0,0,0,0,0,0,0,1
13.039208,77.5183806,3,Peenya,17.136627316666665,0,0,0,0,0,1,0,0,0,0,0,0,0,0,0,1,0,0,0,0,0,0,0,0,0,1,0,2
13.0410608,77.6168504,3,Hennuru,137.56485261666666,0,0,0,0,0,1,0,0,0,0,0,0,1,0,0,0,0,0,0,0,0,1,0,0,0,0,0,1
12.9771399,77.5991126,3,Cubbon Park,67.11880395,1,0,0,0,0,0,1,0,0,0,0,0,0,0,0,0,0,1,0,0,0,0,0,0,0,0,0,3
12.9923411,77.712944,1,Mahadevapura,127.65762606666667,0,0,0,0,0,1,0,0,0,1,0,0,0,0,0,0,0,0,0,1,0,0,0,0,0,0,0,1
13.0461559,77.5043676,1,Peenya,63.04091908333333,0,0,0,0,0,1,0,0,1,0,0,0,0,0,0,0,0,0,0,0,0,0,0,0,0,1,0,1
13.0295451,77.538472,3,Yeshwanthpura,122.97076475,0,0,0,0,0,1,0,0,0,0,1,0,0,0,0,0,0,0,0,0,0,0,0,0,0,1,0,1
13.0377638,77.6267149,3,Hennuru,178.19677675,0,0,0,0,0,1,0,0,0,1,0,0,0,0,0,0,0,0,0,0,0,1,0,0,0,0,0,1
12.9422816,77.6972978,3,HAL Old Airport,66.10421948333334,0,0,0,0,0,1,0,0,1,0,0,0,0,0,0,0,0,0,0,1,0,0,0,0,0,0,0,1
13.03768,77.6264683,3,Hennuru,176.95448706666667,0,0,0,0,0,1,0,0,0,1,0,0,0,0,0,0,0,0,0,0,0,1,0,0,0,0,0,1
12.9705526,77.5869031,3,Halasuru Gate,4.311332166666667,0,0,0,0,0,1,0,0,0,0,0,0,1,0,0,0,0,0,1,0,0,0,0,0,0,0,0,1
12.9067083,77.6288629,3,Madiwala,134.8039505,0,0,0,0,0,1,0,0,1,0,0,0,0,0,0,0,0,0,0,0,0,0,0,0,1,0,0,1
13.021745,77.5322883,1,Rajajinagar,169.35647759999998,0,0,0,0,0,1,0,0,1,0,0,0,0,0,0,0,0,0,0,0,0,0,0,0,0,1,0,2
12.9530767,77.5418967,3,Byatarayanapura,101.3939446,0,0,0,0,0,1,0,0,0,0,0,0,0,1,0,0,0,0,0,0,0,0,0,0,0,0,1,1
12.9862929,77.6462931,3,Banaswadi,134.54024863333333,0,0,0,0,0,1,0,0,1,0,0,0,0,0,0,0,0,1,0,0,0,0,0,0,0,0,0,1
12.9433721,77.5263333,3,Byatarayanapura,125.16162055,0,0,0,0,0,1,0,0,0,0,0,0,0,1,0,0,0,0,0,0,0,0,0,0,0,1,0,1
13.0440662,77.5088438,3,Peenya,171.89883571666667,0,0,0,0,0,1,0,0,0,0,1,0,0,0,0,0,0,0,0,0,0,0,0,0,0,1,0,2
13.0110103,77.5836395,3,Sadashivanagar,71.66695605,0,0,0,0,0,1,0,0,0,0,0,0,0,0,0,1,0,0,0,0,0,0,0,0,0,0,1,2
12.9769842,77.6087452,3,Cubbon Park,131.26713705,0,0,0,0,0,1,0,0,0,0,0,0,0,0,0,1,0,1,0,0,0,0,0,0,0,0,0,1
13.0444098,77.5091487,3,Peenya,15.909199300000001,0,0,0,0,0,1,0,0,0,0,0,0,0,0,1,0,0,0,0,0,0,0,0,0,0,1,0,2
13.0147278,77.5839424,3,Sadashivanagar,126.435185,0,0,0,0,0,1,0,0,0,1,0,0,0,0,0,0,0,0,0,0,0,0,0,0,0,0,1,1
13.0139284,77.5837687,3,Sadashivanagar,26.8771284,0,0,0,0,0,1,0,0,0,0,0,0,1,0,0,0,0,0,0,0,0,0,0,0,0,0,1,2
13.0095235,77.6971236,1,K.R. Pura,22.19168823333333,0,0,0,0,0,1,0,0,1,0,0,0,0,0,0,0,0,0,0,0,1,0,0,0,0,0,0,1
13.0279028,77.5353479,3,Yeshwanthpura,52.31364178333333,0,0,0,0,0,1,0,0,1,0,0,0,0,0,0,0,0,0,0,0,0,0,0,0,0,1,0,2
12.9571883,77.5924233,1,Wilson Garden,0.9619578,0,0,0,0,0,1,0,1,0,0,0,0,0,0,0,0,0,0,1,0,0,0,0,0,0,0,0,1
12.9570052,77.592585,1,Wilson Garden,8.666933766666666,0,0,0,0,0,1,0,1,0,0,0,0,0,0,0,0,0,1,0,0,0,0,0,0,0,0,0,1
13.0282752,77.6325668,3,Hennuru,137.10305248333333,0,0,0,0,0,1,0,0,0,0,0,1,0,0,0,0,0,0,0,0,0,1,0,0,0,0,0,1
12.9825195,77.5680083,1,Sheshadripuram,134.22963686666668,0,0,0,0,0,1,0,0,1,0,0,0,0,0,0,0,0,0,1,0,0,0,0,0,0,0,0,1
12.9183119,77.6213645,3,Madiwala,37.48756958333333,0,0,0,0,0,1,0,1,0,0,0,0,0,0,0,0,0,0,0,0,0,0,0,0,1,0,0,3
12.9817415,77.57036,1,Sheshadripuram,123.77275693333333,0,0,0,0,0,1,0,0,1,0,0,0,0,0,0,0,0,0,1,0,0,0,0,0,0,0,0,1
12.989235,77.5503267,3,Vijayanagara,53.39779753333333,0,0,0,0,0,1,0,0,1,0,0,0,0,0,0,0,0,0,0,0,0,0,0,0,0,0,1,1
12.9622433,77.5628658,3,Chamarajpet,7.550525633333334,0,0,0,0,0,1,0,0,0,1,0,0,0,0,0,0,0,0,1,0,0,0,0,0,0,0,0,1
12.9648247,77.5860978,3,Halasuru Gate,18.3150515,0,0,0,0,0,1,0,0,0,0,0,0,1,0,0,0,0,0,1,0,0,0,0,0,0,0,0,1
13.0082175,77.5718546,1,Sadashivanagar,25.91794045,0,0,0,0,0,1,0,0,0,0,0,1,0,0,0,0,0,0,0,0,0,0,0,0,0,0,1,2
13.041165,77.61586,3,Hennuru,97.41877703333333,1,0,0,0,0,0,1,0,0,0,0,0,0,0,0,0,0,0,0,0,0,1,0,0,0,0,0,1
12.92517281,77.55040954,3,Banashankari,57.282264366666666,0,0,0,0,0,1,0,0,0,0,0,0,0,0,1,0,0,0,0,0,0,0,0,0,0,0,1,1
12.9318961,77.5445289,3,Banashankari,146.17011165,0,0,0,0,0,1,0,0,0,0,0,0,0,1,0,0,0,0,0,0,0,0,0,0,0,0,1,1
12.96781849,77.58867461,3,Halasuru Gate,150.03107323333333,0,0,1,0,0,0,1,0,0,0,0,0,0,0,0,0,0,0,1,0,0,0,0,0,0,0,0,1
12.9760586,77.58741676,1,Cubbon Park,150.03148505,0,0,1,0,0,0,1,0,0,0,0,0,0,0,0,0,0,0,1,0,0,0,0,0,0,0,0,1
12.9267553,77.5480187,3,Banashankari,56.04167118333333,0,0,0,0,0,1,0,0,0,0,0,1,0,0,0,0,0,0,0,0,0,0,0,0,0,0,1,1
12.8728187,77.651366,3,Electronic City,36.529660166666666,0,0,0,0,0,1,0,0,1,0,0,0,0,0,0,0,0,0,0,0,0,0,0,0,1,0,0,1
12.916606,77.5727067,1,Banashankari,160.31680730000002,0,0,0,0,0,1,0,0,0,0,0,0,1,0,0,0,0,0,0,0,0,0,0,0,0,0,1,1
13.0100068,77.697073,1,K.R. Pura,135.83035236666666,0,0,0,0,0,1,0,0,0,1,0,0,0,0,0,0,0,0,0,0,1,0,0,0,0,0,0,1
12.98424,77.7525821,1,Mahadevapura,149.31440495,0,0,0,0,0,1,0,0,0,1,0,0,0,0,0,0,0,0,0,1,0,0,0,0,0,0,0,1
12.9156294,77.6232459,3,Mico Layout,166.27164915,0,0,0,0,0,1,0,0,0,0,0,0,1,0,0,0,0,0,0,0,0,0,0,0,1,0,0,1
13.0105137,77.5836903,3,Sadashivanagar,148.14372121666665,0,0,0,0,0,1,0,0,0,1,0,0,0,0,0,0,0,0,0,0,0,0,0,0,0,0,1,3
12.9153864,77.6238372,3,HSR Layout,120.1838377,0,0,0,0,0,1,0,0,0,0,0,0,0,0,0,0,1,0,0,0,0,0,0,0,1,0,0,1
12.9185257,77.5640918,3,Banashankari,176.14893361666665,0,0,0,0,0,1,0,0,0,0,0,0,0,0,0,0,1,0,0,0,0,0,0,0,0,0,1,1
12.9800837,77.5708938,1,Chamarajpet,88.99168374999999,0,0,0,0,0,1,0,1,0,0,0,0,0,0,0,0,0,0,1,0,0,0,0,0,0,0,0,2
13.0158983,77.5634567,3,Sadashivanagar,160.66108831666668,0,0,0,0,0,1,0,0,0,0,0,1,0,0,0,0,0,0,0,0,0,0,0,0,0,0,1,2
13.0124854,77.5690706,1,Sadashivanagar,32.26246835,0,0,0,0,0,1,0,0,0,0,0,0,1,0,0,0,0,0,0,0,0,0,0,0,0,0,1,1
12.9604518,77.5568989,3,Chamarajpet,20.894928466666666,0,0,0,0,0,1,0,0,1,0,0,0,0,0,0,0,0,0,1,0,0,0,0,0,0,0,0,1
12.9588379,77.5167415,1,Byatarayanapura,75.49992103333334,0,0,0,0,0,1,0,0,1,0,0,0,0,0,0,0,0,0,0,0,0,0,0,0,0,1,0,1
12.9820162,77.5946442,3,Cubbon Park,144.20537336666666,0,0,0,0,0,1,0,0,0,0,0,0,0,0,1,0,0,0,1,0,0,0,0,0,0,0,0,1
12.9567627,77.5487381,3,Magadi Road,132.8740078,0,0,0,0,0,1,0,0,1,0,0,0,0,0,0,0,0,0,1,0,0,0,0,0,0,0,0,1
12.9600442,77.5152153,1,Jnanabharathi,129.90301501666667,0,0,0,0,0,1,0,0,1,0,0,0,0,0,0,0,0,0,0,0,0,0,0,0,0,1,0,1
12.9098679,77.5728551,3,K.S. Layout,130.10997948333335,0,0,0,0,0,1,0,0,0,0,1,0,0,0,0,0,0,0,0,0,0,0,0,1,0,0,0,2
12.9241444,77.6284508,1,Madiwala,129.42049681666668,0,0,0,0,0,1,0,0,0,0,0,0,1,0,0,0,0,0,0,0,0,0,0,0,1,0,0,1
13.0170526,77.6610443,3,Banaswadi,9.365974849999999,0,0,0,0,0,1,0,0,1,0,0,0,0,0,0,0,0,0,0,0,1,0,0,0,0,0,0,2
13.0379791,77.5213339,3,Peenya,158.14963961666666,0,0,0,0,0,1,0,0,0,1,0,0,0,0,0,0,0,0,0,0,0,0,0,0,0,1,0,1
12.985467,77.6440847,3,Banaswadi,122.18287021666667,0,0,0,0,0,1,0,0,0,0,0,1,0,0,0,0,0,1,0,0,0,0,0,0,0,0,0,2
12.9650521,77.5841699,3,Halasuru Gate,162.97072823333335,0,0,0,0,0,1,0,0,1,0,0,0,0,0,0,0,0,0,1,0,0,0,0,0,0,0,0,2
12.9596289,77.5935194,1,Halasuru Gate,161.25635055,0,0,0,0,0,1,0,0,1,0,0,0,0,0,0,0,0,0,1,0,0,0,0,0,0,0,0,1
12.9678645,77.58707,3,Halasuru Gate,165.26469141666666,0,0,0,0,0,1,0,0,1,0,0,0,0,0,0,0,0,0,1,0,0,0,0,0,0,0,0,1
12.975301,77.5528909,3,Magadi Road,72.36508631666668,0,0,0,0,0,1,0,0,1,0,0,0,0,0,0,0,0,0,0,0,0,0,0,0,0,0,1,1
12.9591628,77.6564583,3,Jeevanbheemanagar,177.33337723333335,0,0,0,0,0,1,0,0,0,0,0,1,0,0,0,0,0,1,0,0,0,0,0,0,0,0,0,1
13.1903941,77.645517,3,Chikkajala,163.82280086666665,0,0,0,0,0,1,0,0,0,0,0,0,0,0,1,0,0,0,0,0,0,0,0,0,0,0,0,1
13.0431399,77.5569094,3,Jalahalli,147.48904273333335,0,0,0,0,0,1,0,0,1,0,0,0,0,0,0,0,0,0,0,0,0,0,1,0,0,0,0,2
12.9846285,77.5721881,1,Sheshadripuram,142.20614181666667,0,0,0,0,0,1,0,0,0,0,0,1,0,0,0,0,0,0,1,0,0,0,0,0,0,0,0,2
13.0428559,77.5141114,3,Chikkabanavara,130.38508016666665,0,0,0,0,0,1,0,0,0,0,0,1,0,0,0,0,0,0,0,0,0,0,1,0,0,0,0,1
12.9280618,77.619855,3,Adugodi,156.38609073333333,0,0,0,0,0,1,0,0,0,0,0,0,0,1,0,0,0,0,0,0,0,0,0,0,1,0,0,1
13.0994681,77.5996034,3,Yelahanka,146.24199405,0,0,0,0,0,1,0,0,0,0,0,1,0,0,0,0,0,0,0,0,0,0,1,0,0,0,0,2
12.9542104,77.5853556,1,City Market,139.6534639333333,0,0,0,0,0,1,0,0,0,0,0,0,1,0,0,0,0,0,1,0,0,0,0,0,0,0,0,1
12.9541751,77.5854747,1,Wilson Garden,137.64752556666664,0,0,0,0,0,1,0,0,0,0,0,0,0,1,0,0,0,0,1,0,0,0,0,0,0,0,0,1
12.9279733,77.6200661,3,Adugodi,146.66055148333334,0,0,0,0,0,1,0,0,0,1,0,0,0,0,0,0,0,0,0,0,0,0,0,0,1,0,0,1
12.9527203,77.5416774,3,Byatarayanapura,147.0236228166667,0,0,0,0,0,1,0,0,0,0,1,0,0,0,0,0,0,0,0,0,0,0,0,0,0,0,1,2
13.0115219,77.6982565,1,K.R. Pura,2.1333690666666665,0,0,0,0,0,1,0,0,0,1,0,0,0,0,0,0,0,0,0,0,1,0,0,0,0,0,0,1
13.0116632,77.6983952,1,K.R. Pura,126.38312078333334,0,0,0,0,0,1,0,0,0,1,0,0,0,0,0,0,0,0,0,0,1,0,0,0,0,0,0,1
13.0439017,77.553985,3,Jalahalli,137.30773033333335,0,0,0,0,0,1,0,0,0,1,0,0,0,0,0,0,0,0,0,0,0,0,1,0,0,0,0,1
13.0676698,77.5933693,3,Hebbala,61.2137216,1,0,0,0,0,0,1,0,0,0,0,0,0,0,0,0,0,0,0,0,0,1,0,0,0,0,0,1
13.0106783,77.5837517,3,Sadashivanagar,127.84036465000001,0,0,0,0,0,1,0,0,0,1,0,0,0,0,0,0,0,0,0,0,0,0,0,0,0,0,1,2
12.9579569,77.5525429,3,Magadi Road,123.6785783,0,0,0,0,0,1,0,0,0,0,0,0,0,0,0,0,1,0,1,0,0,0,0,0,0,0,0,1
13.0462883,77.5559138,3,Jalahalli,33.22631478333333,0,0,0,0,0,1,0,0,0,0,0,0,1,0,0,0,0,0,0,0,0,0,1,0,0,0,0,1
13.097869,77.5991048,3,Yelahanka,139.06113456666665,0,0,0,0,0,1,0,0,0,1,0,0,0,0,0,0,0,0,0,0,0,0,1,0,0,0,0,1
12.9596295,77.5870868,1,Halasuru Gate,164.77681658333333,0,0,0,0,0,1,0,0,0,0,0,0,0,1,0,0,0,0,1,0,0,0,0,0,0,0,0,1
13.0283245,77.5191569,1,Peenya,74.80607221666668,0,0,0,0,0,1,0,0,1,0,0,0,0,0,0,0,0,0,0,0,0,0,0,0,0,1,0,2
13.0985256,77.5967956,3,Yelahanka,172.63359305,0,0,0,0,0,1,0,0,1,0,0,0,0,0,0,0,0,0,0,0,0,0,1,0,0,0,0,2
12.97570957,77.56103534,3,Magadi Road,66.17483445,0,0,0,0,0,1,0,0,1,0,0,0,0,0,0,0,0,0,1,0,0,0,0,0,0,0,0,2
12.9716991,77.5939954,3,Halasuru Gate,145.65342793333332,0,0,0,0,0,1,0,0,0,1,0,0,0,0,0,0,0,0,1,0,0,0,0,0,0,0,0,1
12.9757999,77.5874675,1,Halasuru Gate,39.06277933333333,0,0,0,0,0,1,0,0,1,0,0,0,0,0,0,0,0,0,1,0,0,0,0,0,0,0,0,1
13.0361728,77.5253839,3,Peenya,5.6882595333333335,0,0,0,0,0,1,0,0,0,0,0,0,0,1,0,0,0,0,0,0,0,0,0,0,0,1,0,2
12.9879355,77.5806882,1,High ground,69.60687666666666,0,0,0,0,0,1,0,0,0,0,0,0,0,0,1,0,0,0,1,0,0,0,0,0,0,0,0,2
12.987799,77.5807004,1,High ground,165.73519161666667,0,0,0,0,0,1,0,0,0,0,0,0,0,0,1,0,0,0,1,0,0,0,0,0,0,0,0,1
12.9639277,77.5838883,3,Halasuru Gate,139.46311771666666,0,0,0,0,0,1,0,0,0,0,0,0,0,0,1,0,0,0,1,0,0,0,0,0,0,0,0,1
12.8397656,77.6770241,1,Electronic City,180.0,0,0,0,0,0,1,0,0,0,1,0,0,0,0,0,0,0,0,0,0,0,0,0,0,0,0,0,1
12.90665577,77.54570637,1,K.S. Layout,131.71085216666668,0,0,0,0,0,1,0,0,1,0,0,0,0,0,0,0,0,0,0,0,0,0,0,1,0,0,0,1
12.8696027,77.6535417,3,Electronic City,24.13871885,0,0,0,0,0,1,0,0,0,0,0,1,0,0,0,0,0,0,0,0,0,0,0,0,1,0,0,1
12.9677167,77.5879114,3,Halasuru Gate,54.60528863333333,0,0,0,0,0,1,0,0,1,0,0,0,0,0,0,0,0,0,1,0,0,0,0,0,0,0,0,1
13.121748,77.6112371,3,Yelahanka,12.500674383333335,0,0,0,0,0,1,0,0,0,0,0,1,0,0,0,0,0,0,0,0,0,0,1,0,0,0,0,1
12.9656291,77.5868576,3,Halasuru Gate,162.50422636666664,0,0,0,0,0,1,0,0,0,0,0,0,0,0,1,0,0,0,1,0,0,0,0,0,0,0,0,1
12.9610754,77.5591434,3,Chamarajpet,10.356196149999999,0,0,0,0,0,1,0,0,0,0,0,1,0,0,0,0,0,0,1,0,0,0,0,0,0,0,0,1
13.0948709,77.5970935,3,Yelahanka,126.92184346666666,0,0,0,0,0,1,0,0,0,0,0,0,0,0,1,0,0,0,0,0,0,0,1,0,0,0,0,1
12.9682207,77.5862301,3,Halasuru Gate,156.38438853333335,0,0,0,0,0,1,0,0,1,0,0,0,0,0,0,0,0,0,1,0,0,0,0,0,0,0,0,1
12.9712674,77.5664824,1,Magadi Road,150.3374326,0,0,0,0,0,1,0,0,0,0,0,1,0,0,0,0,0,0,1,0,0,0,0,0,0,0,0,1
13.1219076,77.6113324,3,Yelahanka,138.53940493333332,0,0,0,0,0,1,0,0,1,0,0,0,0,0,0,0,0,0,0,0,0,0,1,0,0,0,0,1
12.9537637,77.7002069,3,HAL Old Airport,149.59250243333332,0,0,0,0,0,1,0,0,0,0,0,0,0,1,0,0,0,0,0,1,0,0,0,0,0,0,0,1
12.9836459,77.6396991,3,Jeevanbheemanagar,174.24167796666669,0,0,0,0,0,1,0,0,0,0,0,0,0,0,0,0,1,1,0,0,0,0,0,0,0,0,0,1
12.8718258,77.6512363,3,Electronic City,162.5665779,0,0,0,0,0,1,0,0,0,0,0,0,0,1,0,0,0,0,0,0,0,0,0,0,1,0,0,1
12.973691,77.6145877,3,Halasur,128.25445038333334,0,0,0,0,0,1,0,0,0,1,0,0,0,0,0,0,0,0,1,0,0,0,0,0,0,0,0,1
12.9420143,77.6971725,3,HAL Old Airport,39.86270186666666,0,0,0,0,0,1,0,0,0,0,0,1,0,0,0,0,0,0,0,1,0,0,0,0,0,0,0,1
12.97945013,77.56429952,1,Magadi Road,179.98264593333334,0,0,0,0,0,1,0,0,1,0,0,0,0,0,0,0,0,0,1,0,0,0,0,0,0,0,0,1
13.030269,77.6306842,3,K.G. Halli,19.595001083333333,0,0,0,0,0,1,0,0,0,0,0,0,1,0,0,0,0,0,0,0,0,1,0,0,0,0,0,1
13.0248541,77.5110395,1,Peenya,147.57358346666666,0,0,0,0,0,1,0,0,1,0,0,0,0,0,0,0,0,0,0,0,0,0,0,0,0,1,0,2
12.9109835,77.6267571,3,HSR Layout,125.31234568333333,0,0,0,0,0,1,0,0,1,0,0,0,0,0,0,0,0,0,0,0,0,0,0,0,1,0,0,1
13.0108338,77.5502638,3,Malleshwaram,171.0140309,0,0,0,0,0,1,0,0,0,0,1,0,0,0,0,0,0,0,0,0,0,0,0,0,0,1,0,1
13.0155673,77.5633378,3,Sadashivanagar,163.66247678333332,0,0,0,0,0,1,0,0,0,0,0,1,0,0,0,0,0,0,0,0,0,0,0,0,0,0,1,2
13.0155868,77.5632866,3,Sadashivanagar,161.95749734999998,0,0,0,0,0,1,0,0,0,0,0,1,0,0,0,0,0,0,0,0,0,0,0,0,0,0,1,2
13.0935833,77.597035,3,Yelahanka,8.450361483333333,0,0,0,0,0,1,0,0,0,0,1,0,0,0,0,0,0,0,0,0,0,0,1,0,0,0,0,2
12.938604,77.5982884,1,Wilson Garden,176.5819150833333,0,0,0,0,0,1,0,0,1,0,0,0,0,0,0,0,0,0,1,0,0,0,0,0,0,0,0,2
12.9554605,77.5921855,1,Wilson Garden,87.37563088333333,0,0,0,0,0,1,0,0,1,0,0,0,0,0,0,0,0,0,1,0,0,0,0,0,0,0,0,2
12.9163048,77.6362865,3,HSR Layout,81.59911578333335,0,0,0,0,0,1,0,0,1,0,0,0,0,0,0,0,0,0,0,0,0,0,0,0,1,0,0,1
13.0391417,77.5896083,3,Kodigehalli,7.9433346333333334,0,0,0,0,0,1,0,0,0,0,0,1,0,0,0,0,0,0,0,0,0,0,1,0,0,0,0,1
12.9512713,77.6212992,1,Adugodi,169.16853395,0,1,0,0,0,0,1,0,0,0,0,0,0,0,0,0,0,1,0,0,0,0,0,0,0,0,0,1
13.0348604,77.5295743,3,Peenya,15.30609795,0,0,0,0,0,1,0,0,0,0,0,1,0,0,0,0,0,0,0,0,0,0,0,0,0,1,0,1
12.953035,77.541695,3,Byatarayanapura,7.529350916666667,0,0,0,0,0,1,0,0,0,0,1,0,0,0,0,0,0,0,0,0,0,0,0,0,0,0,1,1
13.0377031,77.5221845,3,Peenya,30.706076783333334,0,0,0,0,0,1,0,0,0,0,0,0,0,0,1,0,0,0,0,0,0,0,0,0,0,1,0,2
13.0299338,77.537971,3,Yeshwanthpura,66.04253946666667,0,0,0,0,0,1,0,0,0,1,0,0,0,0,0,0,0,0,0,0,0,0,0,0,0,1,0,1
12.9657332,77.5747475,3,City Market,28.788176466666666,0,0,0,0,0,1,0,0,1,0,0,0,0,0,0,0,0,0,1,0,0,0,0,0,0,0,0,1
12.9721457,77.6194894,3,Halasur,171.70894556666664,0,0,0,0,0,1,0,0,0,0,0,1,0,0,0,0,0,1,0,0,0,0,0,0,0,0,0,2
12.9652339,77.586865,3,Halasuru Gate,13.244365666666665,0,0,0,0,0,1,0,0,0,0,0,0,1,0,0,0,0,0,1,0,0,0,0,0,0,0,0,1
13.0691,77.59272,3,Kodigehalli,123.74521628333333,0,0,0,0,0,1,0,0,0,0,0,0,0,0,0,1,0,0,0,0,0,1,0,0,0,0,0,2
13.0293502,77.6317432,3,Hennuru,121.82102841666666,0,0,0,0,0,1,0,0,1,0,0,0,0,0,0,0,0,0,0,0,0,1,0,0,0,0,0,1
13.0379883,77.6261287,3,Hennuru,36.24259953333333,0,0,0,0,0,1,0,0,1,0,0,0,0,0,0,0,0,0,0,0,0,1,0,0,0,0,0,1
13.0379807,77.6261216,3,Hennuru,34.866297716666665,0,0,0,0,0,1,0,0,1,0,0,0,0,0,0,0,0,0,0,0,0,1,0,0,0,0,0,1
12.9765011,77.60121,3,Cubbon Park,78.62757426666667,0,0,0,0,0,1,0,0,0,0,0,0,1,0,0,0,0,1,0,0,0,0,0,0,0,0,0,2
12.9951683,77.60826,1,Pulikeshinagar(F.Town),50.02411501666666,0,0,0,0,0,1,0,0,1,0,0,0,0,0,0,0,0,0,0,0,0,1,0,0,0,0,0,1
12.9555144,77.54578,3,Byatarayanapura,130.68120215000002,0,0,0,0,0,1,0,0,0,1,0,0,0,0,0,0,0,0,0,0,0,0,0,0,0,0,1,1
12.9256233,77.62557,1,Adugodi,122.78890066666666,0,0,0,0,0,1,0,0,1,0,0,0,0,0,0,0,0,0,0,0,0,0,0,0,1,0,0,1
12.9520071,77.5407089,3,Byatarayanapura,152.92802461666668,0,0,0,0,0,1,0,0,0,0,0,0,0,1,0,0,0,0,0,0,0,0,0,0,0,0,1,1
13.0350335,77.5298058,3,Peenya,178.54651678333332,0,0,0,0,0,1,0,0,0,0,0,0,1,0,0,0,0,0,0,0,0,0,0,0,0,1,0,2
12.9531981,77.5418085,3,Byatarayanapura,19.0847936,0,0,0,0,0,1,0,0,0,0,0,1,0,0,0,0,0,0,0,0,0,0,0,0,0,0,1,1
12.9832805,77.5768463,1,High ground,142.50536019999998,0,0,0,0,0,1,0,0,0,0,0,0,0,0,0,0,1,0,1,0,0,0,0,0,0,0,0,1
13.045595,77.5082543,3,Chikkabanavara,21.45971185,0,0,0,0,0,1,0,0,0,0,0,0,0,0,1,0,0,0,0,0,0,0,1,0,0,0,0,1
12.9696417,77.591225,3,Halasuru Gate,144.73928971666666,0,0,0,0,0,1,0,0,0,1,0,0,0,0,0,0,0,0,1,0,0,0,0,0,0,0,0,1
13.0280651,77.5409989,3,Yeshwanthpura,167.59409673333332,0,0,0,0,0,1,0,0,0,0,1,0,0,0,0,0,0,0,0,0,0,0,0,0,0,1,0,1
13.0717897,77.6336631,3,Hennuru,162.32522736666667,0,0,0,0,0,1,0,0,0,0,0,0,0,0,0,0,1,0,0,0,0,1,0,0,0,0,0,1
13.1219633,77.6108767,3,Yelahanka,128.60272453333334,0,0,0,0,0,1,0,0,0,0,0,0,0,0,1,0,0,0,0,0,0,0,1,0,0,0,0,2
13.0167089,77.56125,3,Yeshwanthpura,17.231514116666666,0,0,0,0,0,1,0,0,0,0,0,0,1,0,0,0,0,0,0,0,0,0,0,0,0,0,1,2
13.0400136,77.5184541,3,Chikkabanavara,139.34993215,0,0,0,0,0,1,0,0,0,0,0,0,0,0,1,0,0,0,0,0,0,0,1,0,0,0,0,2
12.9042732,77.6273591,3,Madiwala,1.4245817833333334,0,0,0,0,0,1,0,0,0,1,0,0,0,0,0,0,0,0,0,0,0,0,0,0,1,0,0,1
12.904245,77.627325,3,Madiwala,160.47745558333332,0,0,0,0,0,1,0,0,0,1,0,0,0,0,0,0,0,0,0,0,0,0,0,0,1,0,0,1
12.94357128,77.52651089,3,Byatarayanapura,89.9522413,0,0,0,0,0,1,0,0,0,0,1,0,0,0,0,0,0,0,0,0,0,0,0,0,0,1,0,2
12.8696266,77.6544993,3,Electronic City,59.550443333333334,0,0,0,0,0,1,0,0,0,0,0,1,0,0,0,0,0,0,0,0,0,0,0,1,0,0,0,1
13.0331916,77.5410117,3,Yeshwanthpura,89.7169197,0,0,0,0,0,1,0,0,1,0,0,0,0,0,0,0,0,0,0,0,0,0,0,0,0,1,0,2
12.9151344,77.6238216,3,HSR Layout,169.90835746666667,0,0,0,0,0,1,0,0,0,0,0,0,0,0,0,0,1,0,0,0,0,0,0,0,1,0,0,1
13.0172915,77.5607419,3,Sadashivanagar,132.61654776666666,0,0,0,0,0,1,0,0,0,0,0,1,0,0,0,0,0,0,0,0,0,0,0,0,0,0,1,1
12.9368014,77.519002,3,Byatarayanapura,131.23609858333333,0,0,0,0,0,1,0,0,0,0,0,0,0,0,0,0,1,0,0,0,0,0,0,0,0,1,0,1
12.9757417,77.5623567,3,Magadi Road,31.16099865,0,0,0,0,0,1,0,0,1,0,0,0,0,0,0,0,0,0,1,0,0,0,0,0,0,0,0,1
12.9234334,77.5801682,1,Jayanagara,56.05031413333334,0,0,0,0,0,1,0,0,1,0,0,0,0,0,0,0,0,0,0,0,0,0,0,1,0,0,0,1
12.9210909,77.6202132,3,Madiwala,114.57613495000001,0,0,0,0,0,1,0,0,0,0,0,0,0,1,0,0,0,0,0,0,0,0,0,0,1,0,0,1
12.9651426,77.5861138,3,Halasuru Gate,139.06465876666667,0,0,0,0,0,1,0,0,0,0,0,0,0,0,1,0,0,0,1,0,0,0,0,0,0,0,0,1
12.953675,77.717451,3,Whitefield,175.93713313333333,0,0,0,0,0,1,0,0,0,0,0,0,0,0,0,0,1,0,0,1,0,0,0,0,0,0,0,1
12.9726064,77.6083965,3,Ashok Nagar,166.07579946666667,0,0,0,0,0,1,0,0,1,0,0,0,0,0,0,0,0,1,0,0,0,0,0,0,0,0,0,1
12.9720341,77.6195253,3,Halasur,35.652395733333336,0,0,0,0,0,1,0,0,0,0,0,1,0,0,0,0,0,1,0,0,0,0,0,0,0,0,0,1
12.9494619,77.5367796,3,Byatarayanapura,32.90016421666667,0,0,0,0,0,1,0,0,1,0,0,0,0,0,0,0,0,0,0,0,0,0,0,0,0,0,1,1
12.9537683,77.5428163,3,Byatarayanapura,173.17914695,0,0,0,0,0,1,0,0,0,0,1,0,0,0,0,0,0,0,0,0,0,0,0,0,0,0,1,1
12.9880208,77.5097003,3,Kamakshipalya,81.95171803333332,0,0,0,0,0,1,0,0,0,1,0,0,0,0,0,0,0,0,0,0,0,0,0,0,0,1,0,1
13.0661392,77.5930153,3,Kodigehalli,121.64893265,0,0,1,0,0,0,1,0,0,0,0,0,0,0,0,0,0,0,0,0,0,1,0,0,0,0,0,1
12.9531,77.5387567,3,Byatarayanapura,175.83239444999998,0,0,0,0,0,1,0,0,1,0,0,0,0,0,0,0,0,0,0,0,0,0,0,0,0,0,1,1
12.9463439,77.5959129,1,Wilson Garden,91.13215373333334,0,0,0,0,0,1,0,0,1,0,0,0,0,0,0,0,0,0,1,0,0,0,0,0,0,0,0,1
12.9439104,77.5276695,3,Byatarayanapura,122.02218841666667,0,0,0,0,0,1,0,0,1,0,0,0,0,0,0,0,0,0,0,0,0,0,0,0,0,1,0,2
13.0243398,77.6430457,3,Banaswadi,154.45437815,0,0,0,0,0,1,0,0,0,0,0,0,1,0,0,0,0,0,0,0,0,1,0,0,0,0,0,1
13.0185251,77.555344,1,Jnanabharathi,96.69553445,0,0,0,0,0,1,0,0,1,0,0,0,0,0,0,0,0,0,0,0,0,0,0,0,0,0,1,2
13.0765848,77.5928971,3,Yelahanka,33.596919400000004,0,0,0,0,0,1,0,0,0,0,0,0,0,0,1,0,0,0,0,0,0,1,0,0,0,0,0,2
12.9538997,77.5433473,3,Byatarayanapura,175.09047565,0,0,0,0,0,1,0,0,0,0,0,1,0,0,0,0,0,0,0,0,0,0,0,0,0,0,1,1
12.972265,77.5940561,3,Cubbon Park,126.44097481666667,0,0,0,0,0,1,0,0,0,0,0,0,0,0,1,0,0,0,1,0,0,0,0,0,0,0,0,2
12.9064531,77.5944581,3,J.P. Nagar,163.72549873333335,0,0,0,0,0,1,0,0,0,0,0,0,1,0,0,0,0,0,0,0,0,0,0,1,0,0,0,2
12.9894785,77.581634,1,High ground,54.27138111666667,0,0,0,0,0,1,0,0,0,0,0,0,0,1,0,0,0,0,1,0,0,0,0,0,0,0,0,1
12.9893966,77.5816778,1,High ground,50.9890599,0,0,0,0,0,1,0,0,0,0,0,0,0,1,0,0,0,0,1,0,0,0,0,0,0,0,0,1
12.9892875,77.58177,1,High ground,49.200977216666665,0,0,0,0,0,1,0,0,0,0,0,0,0,1,0,0,0,0,1,0,0,0,0,0,0,0,0,1
12.9358179,77.5140104,3,Byatarayanapura,120.7008251,0,0,0,0,0,1,0,1,0,0,0,0,0,0,0,0,0,0,0,0,0,0,0,0,0,1,0,1
12.9761296,77.5644983,3,Magadi Road,1.7148693166666669,0,0,0,0,0,1,0,0,1,0,0,0,0,0,0,0,0,0,1,0,0,0,0,0,0,0,0,1
13.0436334,77.5085101,3,Peenya,33.985266100000004,0,0,0,0,0,1,0,0,0,0,0,0,0,0,1,0,0,0,0,0,0,0,0,0,0,1,0,2
13.0356304,77.5240893,3,Peenya,159.86101026666665,0,0,0,0,0,1,0,0,0,0,0,0,0,0,1,0,0,0,0,0,0,0,0,0,0,1,0,2
12.9755916,77.626261,3,Halasur,46.4795299,0,0,0,0,0,1,0,0,0,0,1,0,0,0,0,0,0,1,0,0,0,0,0,0,0,0,0,1
12.9930741,77.5953395,1,High ground,140.87877841666665,0,0,0,0,0,1,0,0,0,0,0,1,0,0,0,0,0,0,1,0,0,0,0,0,0,0,0,1
12.9772619,77.5855295,1,Halasuru Gate,30.651319966666666,1,0,0,0,0,0,1,0,0,0,0,0,0,0,0,0,0,0,1,0,0,0,0,0,0,0,0,1
12.9380854,77.6280395,3,Adugodi,41.87327523333333,0,0,0,0,0,1,0,0,1,0,0,0,0,0,0,0,0,0,0,0,0,0,0,0,1,0,0,1
12.9787617,77.5849233,1,High ground,178.77242038333333,0,0,0,0,0,1,0,0,0,0,0,0,0,0,0,1,0,0,1,0,0,0,0,0,0,0,0,1
12.9785728,77.5851419,1,Cubbon Park,18.1132444,0,0,0,0,0,1,0,0,0,0,0,0,0,0,0,1,0,0,1,0,0,0,0,0,0,0,0,1
13.0414092,77.5170524,3,Chikkabanavara,165.70142968333332,0,0,0,0,0,1,0,0,0,0,0,1,0,0,0,0,0,0,0,0,0,0,1,0,0,0,0,1
12.9874171,77.5877396,3,High ground,150.46761543333332,0,0,0,0,0,1,0,0,0,0,0,0,0,1,0,0,0,0,1,0,0,0,0,0,0,0,0,1
12.9820444,77.5674354,1,Magadi Road,72.14271391666666,1,0,0,0,0,0,1,0,0,0,0,0,0,0,0,0,0,0,1,0,0,0,0,0,0,0,0,3
12.9200999,77.6207323,3,Madiwala,22.29174835,0,0,0,0,0,1,0,0,1,0,0,0,0,0,0,0,0,0,0,0,0,0,0,0,1,0,0,1
12.9755981,77.5540052,3,Magadi Road,35.64787915,0,0,0,0,0,1,1,0,0,0,0,0,0,0,0,0,0,0,0,0,0,0,0,0,0,0,1,1
13.0079755,77.6922005,1,K.R. Pura,61.508581766666666,0,0,0,0,0,1,0,0,1,0,0,0,0,0,0,0,0,0,0,0,1,0,0,0,0,0,0,2
12.953135,77.543355,1,High ground,69.16107873333334,0,0,0,0,0,1,0,0,1,0,0,0,0,0,0,0,0,0,0,0,0,0,0,0,0,0,1,1
12.9592633,77.65562,3,Jeevanbheemanagar,21.842817266666668,0,0,0,0,0,1,0,0,0,0,0,0,0,0,0,1,0,1,0,0,0,0,0,0,0,0,0,1
12.9122363,77.5998295,3,Mico Layout,176.72355518333333,0,0,0,0,0,1,0,0,0,0,0,0,0,0,1,0,0,0,0,0,0,0,0,1,0,0,0,2
12.9552234,77.620708,1,Ashok Nagar,173.97667708333333,0,0,0,0,0,1,0,0,0,0,0,0,0,1,0,0,0,1,0,0,0,0,0,0,0,0,0,1
12.9264655,77.5968284,1,Jayanagara,360.0,0,0,0,0,1,0,1,0,0,0,0,0,0,0,0,0,0,0,0,0,0,0,0,1,0,0,0,1
13.0399989,77.5181856,3,Peenya,6.345362283333333,0,0,0,0,0,1,0,0,1,0,0,0,0,0,0,0,0,0,0,0,0,0,0,0,0,1,0,1
12.9859119,77.5515322,3,Rajajinagar,172.16074526666668,0,0,0,0,0,1,0,0,0,0,0,0,0,1,0,0,0,0,0,0,0,0,0,0,0,0,1,1
12.9798615,77.5726578,1,Upparpet,161.1493602,0,0,0,0,0,1,0,0,0,0,1,0,0,0,0,0,0,0,1,0,0,0,0,0,0,0,0,1
12.979777,77.5727436,1,Upparpet,158.37223805,0,0,0,0,0,1,0,0,0,0,1,0,0,0,0,0,0,0,1,0,0,0,0,0,0,0,0,1
12.9794645,77.5729979,1,Upparpet,159.0731822333333,0,0,0,0,0,1,0,0,0,0,0,1,0,0,0,0,0,0,1,0,0,0,0,0,0,0,0,2
12.8775217,77.5953483,3,Hulimavu,163.8722981,0,0,0,0,0,1,0,0,1,0,0,0,0,0,0,0,0,0,0,0,0,0,0,0,1,0,0,1
13.1008376,77.5997292,3,Yelahanka,38.393301550000004,1,0,0,0,0,0,1,0,0,0,0,0,0,0,0,0,0,0,0,0,0,0,1,0,0,0,0,3
12.9756917,77.5479034,3,Magadi Road,169.83956690000002,0,0,0,0,0,1,0,0,1,0,0,0,0,0,0,0,0,0,0,0,0,0,0,0,0,0,1,1
13.0089831,77.5804427,1,Sadashivanagar,14.366989850000001,0,0,0,0,0,1,0,0,0,1,0,0,0,0,0,0,0,0,0,0,0,0,0,0,0,0,1,2
13.0147468,77.5841493,3,Sadashivanagar,115.13290099999999,0,0,0,0,0,1,0,0,0,1,0,0,0,0,0,0,0,0,0,0,0,0,1,0,0,0,0,1
12.976525,77.5863883,1,Halasuru Gate,109.37136253333333,0,0,0,0,0,1,0,0,0,0,0,0,0,1,0,0,0,0,1,0,0,0,0,0,0,0,0,1
13.0400284,77.518141,3,Peenya,43.36787996666667,0,0,0,0,0,1,0,0,0,0,0,0,0,0,0,0,1,0,0,0,0,0,0,0,0,1,0,1
12.9652497,77.5997154,3,Ashok Nagar,124.81482901666666,0,0,0,0,0,1,0,0,0,0,1,0,0,0,0,0,0,1,0,0,0,0,0,0,0,0,0,1
12.9437231,77.5679238,1,Basavanagudi,78.53860913333332,0,0,0,0,0,1,0,0,1,0,0,0,0,0,0,0,0,0,1,0,0,0,0,0,0,0,0,1
12.9640752,77.5696,3,Chamarajpet,164.93823650000002,0,0,0,0,0,1,0,0,0,1,0,0,0,0,0,0,0,0,1,0,0,0,0,0,0,0,0,1
12.9652524,77.5865938,3,Halasuru Gate,54.04092538333334,0,0,0,0,0,1,0,0,1,0,0,0,0,0,0,0,0,0,1,0,0,0,0,0,0,0,0,1
12.9889233,77.5081603,3,Kamakshipalya,125.2718676,0,0,0,0,0,1,0,0,0,0,0,1,0,0,0,0,0,0,0,0,0,0,0,0,0,1,0,1
12.9910794,77.6565499,3,Banaswadi,174.09751033333333,0,0,0,0,0,1,0,0,0,0,0,0,1,0,0,0,0,1,0,0,0,0,0,0,0,0,0,1
12.9548221,77.5448369,3,Byatarayanapura,163.84383178333334,0,0,0,0,0,1,0,0,0,0,0,0,0,1,0,0,0,0,0,0,0,0,0,0,0,0,1,1
13.1069226,77.6021895,3,Yelahanka,154.19246489999998,0,0,0,0,0,1,0,0,0,0,0,0,0,1,0,0,0,0,0,0,0,0,1,0,0,0,0,1
12.9779433,77.58451,1,Halasuru Gate,22.256770483333334,0,0,0,0,0,1,0,0,0,0,0,0,0,1,0,0,0,0,1,0,0,0,0,0,0,0,0,1
13.0145642,77.584139,3,Sadashivanagar,165.72196010000002,0,0,0,0,0,1,0,0,0,0,0,0,0,0,0,1,0,0,0,0,0,0,1,0,0,0,0,2
12.9197361,77.6209668,3,Madiwala,48.62803473333334,0,0,0,0,0,1,0,0,0,0,0,0,1,0,0,0,0,0,0,0,0,0,0,0,1,0,0,1
12.9911083,77.6568817,3,Banaswadi,141.05243118333334,0,0,0,0,0,1,0,0,0,0,0,0,1,0,0,0,0,1,0,0,0,0,0,0,0,0,0,1
12.9614255,77.5627796,3,Chamarajpet,63.322104683333336,0,0,0,0,0,1,0,0,0,0,0,0,1,0,0,0,0,0,1,0,0,0,0,0,0,0,0,1
13.1400852,77.6176868,3,Chikkajala,148.21522011666667,0,0,0,0,0,1,0,0,0,0,0,0,1,0,0,0,0,0,0,0,0,0,0,0,0,0,0,2
13.091295,77.5952417,3,Yelahanka,30.054063183333334,1,0,0,0,0,0,1,0,0,0,0,0,0,0,0,0,0,0,0,0,0,0,1,0,0,0,0,3
12.9360492,77.535686,3,Banashankari,151.16248631666667,0,0,0,0,0,1,0,0,0,0,0,0,0,0,0,0,1,0,0,0,0,0,0,0,0,0,1,1
13.0075342,77.5485942,3,Rajajinagar,153.33804286666665,0,0,0,0,0,1,0,0,0,0,1,0,0,0,0,0,0,0,0,0,0,0,0,0,0,1,0,1
12.9820333,77.5671933,1,Magadi Road,171.76280898333334,0,0,0,0,0,1,0,0,0,0,1,0,0,0,0,0,0,0,1,0,0,0,0,0,0,0,0,1
12.9413783,77.5975317,1,Wilson Garden,135.53087445,0,0,0,0,0,1,0,0,0,0,0,1,0,0,0,0,0,0,0,0,0,0,0,0,1,0,0,1
13.0038827,77.5499401,3,Malleshwaram,153.97566743333334,0,0,0,0,0,1,0,0,1,0,0,0,0,0,0,0,0,0,0,0,0,0,0,0,0,1,0,1
13.0187672,77.5576035,3,Yeshwanthpura,82.14613223333335,0,0,0,0,0,1,0,0,1,0,0,0,0,0,0,0,0,0,0,0,0,0,0,0,0,0,1,1
13.0286172,77.6315961,3,K.G. Halli,157.8288855,0,0,0,0,0,1,0,0,1,0,0,0,0,0,0,0,0,0,0,0,0,1,0,0,0,0,0,1
13.0284821,77.6316321,3,K.G. Halli,100.85719166666667,0,0,0,0,0,1,0,0,1,0,0,0,0,0,0,0,0,0,0,0,0,1,0,0,0,0,0,1
13.0423424,77.5147078,3,Peenya,149.91480288333332,0,0,0,0,0,1,0,0,0,0,0,1,0,0,0,0,0,0,0,0,0,0,0,0,0,1,0,1
13.0454566,77.5074545,3,Chikkabanavara,147.06864716666666,0,0,0,0,0,1,0,0,1,0,0,0,0,0,0,0,0,0,0,0,0,0,1,0,0,0,0,1
13.0537964,77.5933894,3,Kodigehalli,178.81362593333333,0,0,0,0,0,1,0,0,0,0,0,0,1,0,0,0,0,0,0,0,0,1,0,0,0,0,0,1
13.0537775,77.593432,3,Kodigehalli,176.3463984,0,0,0,0,0,1,0,0,0,0,0,0,1,0,0,0,0,0,0,0,0,1,0,0,0,0,0,1
12.9064117,77.5438583,1,K.S. Layout,167.64799241666665,0,0,0,0,0,1,0,0,1,0,0,0,0,0,0,0,0,0,0,0,0,0,0,1,0,0,0,1
12.9329825,77.6882706,3,HAL Old Airport,153.82361416666666,0,0,0,0,0,1,0,0,1,0,0,0,0,0,0,0,0,0,0,1,0,0,0,0,0,0,0,1
13.0452492,77.507926,3,Chikkabanavara,145.41458345,0,0,0,0,0,1,0,0,0,1,0,0,0,0,0,0,0,0,0,0,0,0,1,0,0,0,0,2
12.9570831,77.7004329,3,HAL Old Airport,11.0878252,0,0,0,0,0,1,0,0,1,0,0,0,0,0,0,0,0,0,0,1,0,0,0,0,0,0,0,2
12.9668138,77.6205865,1,Halasur,141.19955364999998,0,0,0,0,0,1,0,0,0,0,0,0,0,0,0,1,0,1,0,0,0,0,0,0,0,0,0,1
12.8945185,77.598201,3,J.P. Nagar,106.49350696666667,1,0,0,0,0,0,1,0,0,0,0,0,0,0,0,0,0,0,0,0,0,0,0,0,1,0,0,1
13.0179155,77.5563817,3,Shivajinagar,62.137162849999996,0,0,0,0,0,1,0,0,1,0,0,0,0,0,0,0,0,0,0,0,0,0,0,0,0,0,1,1
13.0178929,77.5562632,3,Shivajinagar,60.29478791666667,0,0,0,0,0,1,0,0,1,0,0,0,0,0,0,0,0,0,0,0,0,0,0,0,0,0,1,1
12.9761508,77.6016943,3,Cubbon Park,133.68449721666667,0,0,0,0,0,1,0,0,1,0,0,0,0,0,0,0,0,1,0,0,0,0,0,0,0,0,0,1
12.9639082,77.5819049,3,Halasuru Gate,2.5229375,0,0,0,0,0,1,0,0,0,0,0,1,0,0,0,0,0,0,1,0,0,0,0,0,0,0,0,1
12.9634157,77.5835349,3,Halasuru Gate,60.66095205,0,0,0,0,0,1,0,0,1,0,0,0,0,0,0,0,0,0,1,0,0,0,0,0,0,0,0,1
12.9949399,77.6081378,1,Pulikeshinagar(F.Town),173.79135446666666,0,0,0,0,0,1,0,0,0,0,0,1,0,0,0,0,0,0,0,0,0,1,0,0,0,0,0,1
13.0176661,77.5560062,3,Shivajinagar,32.96514766666667,0,0,0,0,0,1,0,0,1,0,0,0,0,0,0,0,0,0,0,0,0,0,0,0,0,0,1,1
12.9594013,77.7012209,3,HAL Old Airport,155.10547966666667,0,0,0,0,0,1,0,0,0,0,0,1,0,0,0,0,0,0,0,1,0,0,0,0,0,0,0,1
12.99452,77.6051983,1,R.T. Nagar,150.65418409999998,0,0,0,0,0,1,0,0,0,0,0,0,0,1,0,0,0,0,1,0,0,0,0,0,0,0,0,1
13.0290884,77.5427061,3,Yeshwanthpura,129.48889455,0,0,0,0,0,1,0,0,0,1,0,0,0,0,0,0,0,0,0,0,0,0,0,0,0,1,0,2
12.919942,77.5624417,3,Banashankari,130.66156371666665,0,0,0,0,0,1,0,0,0,1,0,0,0,0,0,0,0,0,0,0,0,0,0,1,0,0,0,1
12.9794464,77.5912522,1,Cubbon Park,174.91783941666665,0,0,0,0,0,1,0,0,0,0,0,0,0,0,1,0,0,0,1,0,0,0,0,0,0,0,0,1
12.9787147,77.5914034,1,Cubbon Park,171.35301396666668,0,0,0,0,0,1,0,0,0,0,0,0,0,0,1,0,0,0,1,0,0,0,0,0,0,0,0,1
12.9882925,77.731744,1,Mahadevapura,169.1583362,0,0,0,0,0,1,0,0,1,0,0,0,0,0,0,0,0,0,0,1,0,0,0,0,0,0,0,1
13.0144727,77.5836984,3,Sadashivanagar,71.08655019999999,0,0,0,0,0,1,0,0,1,0,0,0,0,0,0,0,0,0,0,0,0,0,0,0,0,0,1,2
12.9846924,77.5723255,1,Sheshadripuram,159.44091091666667,0,0,0,0,0,1,0,0,1,0,0,0,0,0,0,0,0,0,1,0,0,0,0,0,0,0,0,1
12.9821704,77.5951415,3,Cubbon Park,11.7920497,0,0,0,0,0,1,0,0,1,0,0,0,0,0,0,0,0,0,1,0,0,0,0,0,0,0,0,2
13.032092,77.6216355,1,K.G. Halli,135.51495588333333,0,0,0,0,0,1,0,0,1,0,0,0,0,0,0,0,0,0,0,0,0,1,0,0,0,0,0,1
12.8535988,77.666219,1,Electronic City,114.9645575,1,0,0,0,0,0,1,0,0,0,0,0,0,0,0,0,0,0,0,0,0,0,0,0,0,0,0,3
12.9670383,77.6213517,1,Halasur,29.7505507,0,0,0,0,0,1,0,0,0,1,0,0,0,0,0,0,0,1,0,0,0,0,0,0,0,0,0,1
12.9720741,77.6070253,3,Ashok Nagar,135.48061196666666,0,0,0,0,0,1,0,0,1,0,0,0,0,0,0,0,0,1,0,0,0,0,0,0,0,0,0,1
13.0189936,77.7075788,1,K.R. Pura,154.20150111666666,0,0,0,0,0,1,0,0,0,1,0,0,0,0,0,0,0,0,0,0,1,0,0,0,0,0,0,1
12.9882997,77.5093716,3,Kamakshipalya,120.78676021666666,0,0,0,0,0,1,0,0,0,0,0,0,1,0,0,0,0,0,0,0,0,0,0,0,0,1,0,1
13.018122,77.6578346,3,Banaswadi,137.90827255000002,0,0,0,0,0,1,0,0,0,0,0,0,1,0,0,0,0,0,0,0,1,0,0,0,0,0,0,1
13.0181804,77.5837847,3,Sadashivanagar,20.309034999999998,0,0,0,0,0,1,0,0,1,0,0,0,0,0,0,0,0,0,0,0,0,0,0,0,0,0,1,1
12.9154183,77.5654563,3,Banashankari,106.0838667,0,0,0,0,0,1,0,0,0,1,0,0,0,0,0,0,0,0,0,0,0,0,0,1,0,0,0,1
12.9633886,77.5834722,3,Halasuru Gate,136.21868238333334,0,0,0,0,0,1,0,0,0,0,0,0,0,1,0,0,0,0,1,0,0,0,0,0,0,0,0,1
13.0223223,77.5512338,3,Yeshwanthpura,36.74255311666666,0,0,0,0,0,1,0,0,0,1,0,0,0,0,0,0,0,0,0,0,0,0,0,0,0,1,0,1
13.0290894,77.5405327,3,Yeshwanthpura,43.00267638333333,0,0,0,0,0,1,0,0,0,0,0,1,0,0,0,0,0,0,0,0,0,0,0,0,0,1,0,1
12.9580733,77.5739611,1,V.V.Puram (C.Pet),129.82412953333335,0,0,0,0,0,1,0,0,1,0,0,0,0,0,0,0,0,0,1,0,0,0,0,0,0,0,0,1
12.9531571,77.5390721,3,Byatarayanapura,130.01143343333334,0,0,0,0,0,1,0,0,0,0,1,0,0,0,0,0,0,0,0,0,0,0,0,0,0,0,1,1
12.9967908,77.6141053,1,Pulikeshinagar(F.Town),67.49291361666667,0,0,0,0,0,1,0,0,0,0,0,1,0,0,0,0,0,0,0,0,0,1,0,0,0,0,0,2
12.9367619,77.6042231,3,Mico Layout,148.53977036666666,0,0,0,0,0,1,0,0,1,0,0,0,0,0,0,0,0,0,0,0,0,0,0,0,1,0,0,1
12.9978216,77.5516006,3,Rajajinagar,133.54281171666668,0,0,0,0,0,1,0,0,0,0,0,0,1,0,0,0,0,0,0,0,0,0,0,0,0,0,1,1
13.010846,77.5836326,3,Sadashivanagar,150.60469401666666,0,0,0,0,0,1,0,0,0,0,1,0,0,0,0,0,0,0,0,0,0,0,0,0,0,0,1,2
13.0112692,77.583467,3,Sadashivanagar,127.7122941,0,0,0,0,0,1,0,0,0,0,1,0,0,0,0,0,0,0,0,0,0,0,0,0,0,0,1,1
13.0113427,77.5834938,3,Sadashivanagar,179.2937952833333,0,0,0,0,0,1,0,0,1,0,0,0,0,0,0,0,0,0,0,0,0,0,0,0,0,0,1,1
13.0113427,77.5834938,3,Sadashivanagar,179.29407404999998,0,0,0,0,0,1,0,0,1,0,0,0,0,0,0,0,0,0,0,0,0,0,0,0,0,0,1,1
13.0433943,77.5526026,3,Jalahalli,132.42090741666667,0,0,0,0,0,1,0,0,0,1,0,0,0,0,0,0,0,0,0,0,0,0,1,0,0,0,0,1
13.118445,77.6084047,3,Yelahanka,135.15859426666665,0,0,0,0,0,1,0,0,0,1,0,0,0,0,0,0,0,0,0,0,0,0,1,0,0,0,0,1
12.986405,77.5888765,3,High ground,32.6073129,0,0,0,0,0,1,0,0,0,0,0,0,0,1,0,0,0,0,1,0,0,0,0,0,0,0,0,1
12.9382439,77.521922,3,Byatarayanapura,34.02031625,0,0,0,0,0,1,0,0,0,0,0,0,0,0,1,0,0,0,0,0,0,0,0,0,0,1,0,1
12.950635,77.53755,3,Byatarayanapura,65.45038186666666,0,1,0,0,0,0,1,0,0,0,0,0,0,0,0,0,0,0,0,0,0,0,0,0,0,0,1,1
12.95620419,77.5484401,3,Byatarayanapura,58.02250183333333,0,0,0,0,0,1,0,0,0,1,0,0,0,0,0,0,0,0,0,0,0,0,0,0,0,0,1,1
13.009748,77.5058788,1,Peenya,122.41308125,0,0,0,0,0,1,0,0,1,0,0,0,0,0,0,0,0,0,0,0,0,0,0,0,0,1,0,1
13.0015734,77.5531602,1,Malleshwaram,203.1981286666667,0,0,0,0,1,0,1,0,0,0,0,0,0,0,0,0,0,0,0,0,0,0,0,0,0,1,0,1
13.0714467,77.59293,3,Kodigehalli,60.01302466666667,1,0,0,0,0,0,1,0,0,0,0,0,0,0,0,0,0,0,0,0,0,1,0,0,0,0,0,1
12.8549049,77.6652258,1,Electronic City,26.693448083333333,0,0,0,0,0,1,0,0,0,1,0,0,0,0,0,0,0,0,0,0,0,0,0,0,0,0,0,1
12.9605952,77.5879005,1,Halasuru Gate,178.80637976666668,0,0,0,0,0,1,0,0,0,0,0,0,0,1,0,0,0,0,1,0,0,0,0,0,0,0,0,2
12.9651619,77.5682358,3,Chamarajpet,158.38261636666667,0,0,0,0,0,1,0,1,0,0,0,0,0,0,0,0,0,0,1,0,0,0,0,0,0,0,0,1
12.9651619,77.5682358,3,Chamarajpet,97.160357,1,0,0,0,0,0,1,0,0,0,0,0,0,0,0,0,0,0,1,0,0,0,0,0,0,0,0,1
12.9673651,77.5878585,3,Halasuru Gate,153.53890145,0,0,0,0,0,1,0,0,0,1,0,0,0,0,0,0,0,0,1,0,0,0,0,0,0,0,0,1
12.9572214,77.5518973,3,Byatarayanapura,109.5273437,1,0,0,0,0,0,1,0,0,0,0,0,0,0,0,0,0,0,1,0,0,0,0,0,0,0,0,1
12.9871352,77.572294,1,Sheshadripuram,12.882103016666667,0,0,0,0,0,1,0,0,1,0,0,0,0,0,0,0,0,0,1,0,0,0,0,0,0,0,0,1
12.9710787,77.5836129,1,Halasuru Gate,76.01247123333333,0,0,0,0,0,1,0,0,1,0,0,0,0,0,0,0,0,0,1,0,0,0,0,0,0,0,0,1
12.8923874,77.6378858,3,HSR Layout,179.633966,0,0,0,0,0,1,0,0,0,0,0,0,0,0,0,1,0,0,0,0,0,0,0,0,1,0,0,2
12.9493392,77.5930518,1,Wilson Garden,155.61484933333335,0,0,0,0,0,1,0,0,0,0,0,0,1,0,0,0,0,0,1,0,0,0,0,0,0,0,0,1
12.9593399,77.6551777,3,Jeevanbheemanagar,121.3615824,0,0,0,0,0,1,0,0,1,0,0,0,0,0,0,0,0,1,0,0,0,0,0,0,0,0,0,1
12.92537823,77.61795826,3,Madiwala,129.82808053333332,0,0,0,0,0,1,0,0,1,0,0,0,0,0,0,0,0,0,0,0,0,0,0,0,1,0,0,1
12.964232,77.5798997,3,Halasuru Gate,139.02686781666668,0,0,0,0,0,1,0,0,1,0,0,0,0,0,0,0,0,0,1,0,0,0,0,0,0,0,0,1
13.1404344,77.6172696,3,Chikkajala,169.5376611,0,0,0,0,0,1,0,0,0,0,0,0,1,0,0,0,0,0,0,0,0,0,0,0,0,0,0,2
12.9171327,77.5736571,1,Jayanagara,154.59375795,0,0,0,0,0,1,0,0,0,0,1,0,0,0,0,0,0,0,0,0,0,0,0,1,0,0,0,2
12.93788005,77.53190722,3,Byatarayanapura,150.75449079999999,0,0,0,0,0,1,0,0,0,1,0,0,0,0,0,0,0,0,0,0,0,0,0,0,0,1,0,2
13.043795,77.5596997,3,Jalahalli,129.03617243333332,0,0,0,0,0,1,0,0,1,0,0,0,0,0,0,0,0,0,0,0,0,1,0,0,0,0,0,1
13.0441174,77.5574899,3,Jalahalli,114.38313273333333,0,0,0,0,0,1,0,0,1,0,0,0,0,0,0,0,0,0,0,0,0,1,0,0,0,0,0,1
13.0161433,77.5840293,3,Sadashivanagar,178.12400033333333,0,0,0,0,0,1,0,0,0,0,0,0,0,0,1,0,0,0,0,0,0,0,1,0,0,0,0,1
12.9679836,77.5920808,3,Halasuru Gate,126.47278856666667,0,0,0,0,0,1,0,0,0,0,0,0,1,0,0,0,0,0,1,0,0,0,0,0,0,0,0,1
12.9052933,77.6276437,3,Madiwala,121.30120151666667,0,0,0,0,0,1,0,0,1,0,0,0,0,0,0,0,0,0,0,0,0,0,0,0,1,0,0,1
12.9682323,77.5918429,3,Halasuru Gate,121.19246625000001,0,0,0,0,0,1,0,0,0,0,0,0,1,0,0,0,0,0,1,0,0,0,0,0,0,0,0,1
13.0409834,77.6176005,3,Hennuru,179.58621691666667,0,0,0,0,0,1,0,0,0,0,0,0,0,0,1,0,0,0,0,0,0,1,0,0,0,0,0,1
12.8898883,77.563975,1,Thalagattapura,173.36063633333333,0,0,0,0,0,1,0,0,1,0,0,0,0,0,0,0,0,0,0,0,0,0,0,1,0,0,0,1
12.9654851,77.6254524,1,Halasur,29.411997316666668,0,0,0,0,0,1,0,0,0,1,0,0,0,0,0,0,0,1,0,0,0,0,0,0,0,0,0,1
12.9624886,77.5656329,3,Chamarajpet,11.68523875,0,0,0,0,0,1,0,0,1,0,0,0,0,0,0,0,0,0,1,0,0,0,0,0,0,0,0,1
12.9022284,77.6011471,3,Mico Layout,25.582617383333336,0,0,0,0,0,1,0,0,0,0,0,0,0,0,1,0,0,0,0,0,0,0,0,0,1,0,0,1
12.9794862,77.6032537,3,Shivajinagar,11.132504916666667,0,0,0,0,0,1,0,0,1,0,0,0,0,0,0,0,0,0,1,0,0,0,0,0,0,0,0,1
13.0456599,77.5070149,3,Chikkabanavara,20.30110525,0,0,0,0,0,1,0,0,0,0,1,0,0,0,0,0,0,0,0,0,0,0,1,0,0,0,0,2
12.9814749,77.6311345,3,Halasur,126.68949948333334,0,0,0,0,0,1,0,0,0,0,0,0,0,0,1,0,0,1,0,0,0,0,0,0,0,0,0,1
12.9801212,77.5555583,1,Magadi Road,16.8068625,0,0,0,0,0,1,0,0,0,0,0,0,0,0,1,0,0,0,0,0,0,0,0,0,0,0,1,1
12.9530288,77.5417742,3,Byatarayanapura,60.08275768333333,0,0,0,0,0,1,0,0,0,0,1,0,0,0,0,0,0,0,0,0,0,0,0,0,0,0,1,1
13.0440858,77.5569944,3,Jalahalli,24.984949416666666,0,0,0,0,0,1,0,0,0,1,0,0,0,0,0,0,0,0,0,0,0,1,0,0,0,0,0,1
13.095465,77.59462,3,Yelahanka,37.833098283333335,0,0,0,0,0,1,0,0,1,0,0,0,0,0,0,0,0,0,0,0,0,0,1,0,0,0,0,1
12.9562695,77.5771049,1,City Market,60.6943697,0,0,0,0,0,1,0,0,0,1,0,0,0,0,0,0,0,0,1,0,0,0,0,0,0,0,0,1
12.9706782,77.5873591,3,Halasuru Gate,171.80790353333333,0,0,0,0,0,1,0,0,0,0,0,0,0,1,0,0,0,0,1,0,0,0,0,0,0,0,0,2
12.9845704,77.5973823,3,Shivajinagar,137.9825047,0,0,0,0,0,1,0,0,0,0,0,1,0,0,0,0,0,0,1,0,0,0,0,0,0,0,0,1
12.9659604,77.5866912,3,Halasuru Gate,129.17820505,0,0,0,0,0,1,0,0,1,0,0,0,0,0,0,0,0,0,1,0,0,0,0,0,0,0,0,2
12.9310883,77.6868476,3,HAL Old Airport,169.32262381666666,0,0,0,0,0,1,0,0,0,1,0,0,0,0,0,0,0,0,0,1,0,0,0,0,0,0,0,1
12.915939,77.6161326,1,Mico Layout,9.158020716666666,0,0,0,0,0,1,0,0,0,0,0,0,1,0,0,0,0,0,0,0,0,0,0,0,1,0,0,1
12.9901791,77.5929688,1,High ground,23.29224866666667,0,0,0,0,0,1,0,0,0,0,0,0,1,0,0,0,0,0,1,0,0,0,0,0,0,0,0,2
13.1000543,77.5989273,3,Yelahanka,153.00516555000002,0,0,0,0,0,1,0,0,0,0,0,0,0,0,0,0,1,0,0,0,0,0,1,0,0,0,0,1
13.0315818,77.5348312,3,Yeshwanthpura,178.91381701666666,0,0,0,0,0,1,0,0,0,1,0,0,0,0,0,0,0,0,0,0,0,0,0,0,0,1,0,2
13.0107285,77.5837313,3,Sadashivanagar,133.47755936666667,0,0,0,0,0,1,0,0,0,0,0,0,0,0,0,0,1,0,0,0,0,0,0,0,0,0,1,1
13.0299844,77.540239,3,Yeshwanthpura,34.993629850000005,0,0,0,0,0,1,0,0,0,1,0,0,0,0,0,0,0,0,0,0,0,0,0,0,0,1,0,1
12.9522333,77.54072,3,Byatarayanapura,5.181943216666666,0,0,0,0,0,1,0,0,1,0,0,0,0,0,0,0,0,0,0,0,0,0,0,0,0,0,1,1
13.0170433,77.5539883,3,Yeshwanthpura,21.473084716666666,0,0,0,0,0,1,0,0,1,0,0,0,0,0,0,0,0,0,0,0,0,0,0,0,0,1,0,1
12.9801916,77.5854006,1,High ground,130.28028523333333,0,0,0,0,0,1,0,0,0,0,0,0,0,0,0,0,1,0,1,0,0,0,0,0,0,0,0,1
12.9800181,77.585907,1,Cubbon Park,128.27115523333333,0,0,0,0,0,1,0,0,0,0,0,0,0,0,0,0,1,0,1,0,0,0,0,0,0,0,0,1
12.9062833,77.6271617,3,Madiwala,19.638443066666664,0,0,1,0,0,0,1,0,0,0,0,0,0,0,0,0,0,0,0,0,0,0,0,0,1,0,0,1
12.9840039,77.640239,3,Jeevanbheemanagar,26.898228933333332,1,0,0,0,0,0,1,0,0,0,0,0,0,0,0,0,0,1,0,0,0,0,0,0,0,0,0,1
12.9783724,77.6422748,3,Jeevanbheemanagar,360.0,0,0,0,0,1,0,1,0,0,0,0,0,0,0,0,0,0,1,0,0,0,0,0,0,0,0,0,1
12.9760171,77.6124675,3,Shivajinagar,175.92791888333335,0,0,0,0,0,1,0,0,0,0,0,0,1,0,0,0,0,0,1,0,0,0,0,0,0,0,0,1
13.103002,77.5862525,1,Yelahanka,169.046595,0,0,0,0,0,1,0,0,0,1,0,0,0,0,0,0,0,0,0,0,0,0,1,0,0,0,0,1
12.9753317,77.6074433,3,Cubbon Park,151.00296773333332,0,0,0,0,0,1,0,0,0,0,0,0,1,0,0,0,0,1,0,0,0,0,0,0,0,0,0,1
12.9758096,77.6135061,3,Shivajinagar,38.2213697,0,0,0,0,0,1,0,0,0,0,0,0,0,0,0,0,1,0,1,0,0,0,0,0,0,0,0,1
12.8579389,77.6620332,1,Electronic City,69.4879925,0,0,0,0,0,1,0,0,0,0,0,1,0,0,0,0,0,0,0,0,0,0,0,0,0,0,0,1
13.0410203,77.6209527,3,Hennuru,151.03143481666666,0,0,0,0,0,1,0,0,0,1,0,0,0,0,0,0,0,0,0,0,0,1,0,0,0,0,0,2
13.0305009,77.5403726,3,Yeshwanthpura,15.214015783333334,0,0,0,0,0,1,0,0,0,0,0,1,0,0,0,0,0,0,0,0,0,0,0,0,0,1,0,1
12.9580524,77.5738577,1,V.V.Puram (C.Pet),143.71565950000002,0,0,0,0,0,1,0,0,1,0,0,0,0,0,0,0,0,0,1,0,0,0,0,0,0,0,0,1
13.0168856,77.5560218,3,Yeshwanthpura,18.1767132,0,0,0,0,0,1,0,0,0,0,0,0,0,0,1,0,0,0,0,0,0,0,0,0,0,0,1,1
13.0179617,77.6572369,3,Banaswadi,3.5276909833333336,0,0,0,0,0,1,0,0,0,0,0,0,0,1,0,0,0,0,0,0,0,1,0,0,0,0,0,1
12.9259676,77.5491487,3,Banashankari,124.82250855000001,0,0,0,0,0,1,0,0,0,0,0,0,0,0,0,0,1,0,0,0,0,0,0,0,0,0,1,1
12.9642133,77.5855333,3,Halasuru Gate,11.709120233333334,0,0,0,0,0,1,0,0,0,0,0,0,0,0,1,0,0,0,1,0,0,0,0,0,0,0,0,1
12.9282683,77.5460967,3,Banashankari,163.38568268333333,0,0,0,0,0,1,0,0,1,0,0,0,0,0,0,0,0,0,0,0,0,0,0,0,0,0,1,1
13.0413279,77.6153603,3,Hennuru,131.84796705,0,0,0,0,0,1,0,0,0,1,0,0,0,0,0,0,0,0,0,0,0,1,0,0,0,0,0,1
12.9807656,77.570627,1,Chamarajpet,172.90765191666665,0,0,0,0,0,1,0,0,0,0,1,0,0,0,0,0,0,0,1,0,0,0,0,0,0,0,0,1
13.0413233,77.6153582,3,Hennuru,171.84299531666665,0,0,0,0,0,1,0,0,0,1,0,0,0,0,0,0,0,0,0,0,0,1,0,0,0,0,0,1
13.0040658,77.6122612,1,K.G. Halli,162.3625773,0,0,0,0,0,1,0,0,1,0,0,0,0,0,0,0,0,0,0,0,0,1,0,0,0,0,0,1
12.958163,77.5546998,3,Chamarajpet,21.95295851666667,0,0,0,0,0,1,0,0,0,1,0,0,0,0,0,0,0,0,1,0,0,0,0,0,0,0,0,1
13.0430717,77.5914067,3,Hebbala,150.55622755000002,0,0,0,0,0,1,0,0,1,0,0,0,0,0,0,0,0,0,0,0,0,1,0,0,0,0,0,1
12.9369791,77.6273316,3,Adugodi,174.0799561,0,0,0,0,0,1,0,0,1,0,0,0,0,0,0,0,0,0,0,0,0,0,0,0,1,0,0,1
13.0248829,77.5112264,1,Peenya,81.31714885,0,0,0,0,0,1,0,0,0,0,0,1,0,0,0,0,0,0,0,0,0,0,0,0,0,1,0,2
12.9782935,77.5436533,3,Vijayanagara,100.30911363333333,0,0,0,0,0,1,0,0,1,0,0,0,0,0,0,0,0,0,0,0,0,0,0,0,0,0,1,1
13.0851517,77.5942417,3,Yelahanka,61.15111423333334,1,0,0,0,0,0,1,0,0,0,0,0,0,0,0,0,0,0,0,0,0,1,0,0,0,0,0,3
12.9763471,77.5648102,3,Magadi Road,60.353135316666666,0,0,0,0,0,1,0,0,0,0,0,0,0,1,0,0,0,0,1,0,0,0,0,0,0,0,0,1
12.96342,77.5684149,3,Chamarajpet,140.49444171666667,0,0,0,0,0,1,0,0,0,0,0,0,0,0,0,0,1,0,1,0,0,0,0,0,0,0,0,1
12.8407319,77.6765618,1,Electronic City,111.66607546666667,0,0,0,0,0,1,0,0,0,0,0,0,0,0,0,0,1,0,0,0,0,0,0,0,0,0,0,1
12.9802432,77.5710367,1,Chamarajpet,134.79575,0,0,0,0,0,1,0,0,0,0,0,0,0,1,0,0,0,0,1,0,0,0,0,0,0,0,0,1
12.9532472,77.5385721,3,Byatarayanapura,128.1004287,0,0,0,0,0,1,0,0,0,1,0,0,0,0,0,0,0,0,0,0,0,0,0,0,0,0,1,1
12.92053202,77.62054794,3,Madiwala,128.13874875,0,0,0,0,0,1,0,0,0,0,0,0,0,0,0,0,1,0,0,0,0,0,0,0,1,0,0,1
12.9637748,77.5839557,3,Halasuru Gate,14.00731165,0,0,0,0,0,1,0,0,0,1,0,0,0,0,0,0,0,0,1,0,0,0,0,0,0,0,0,2
13.039535,77.5188367,3,Peenya,43.5193229,0,0,0,0,0,1,0,0,0,0,1,0,0,0,0,0,0,0,0,0,0,0,0,0,0,1,0,1
12.98570454,77.52281837,3,Kamakshipalya,21.31967213333333,0,0,0,0,0,1,0,0,0,1,0,0,0,0,0,0,0,0,0,0,0,0,0,0,0,0,1,1
12.9987039,77.5421048,1,Vijayanagara,50.19797263333333,0,0,0,0,0,1,0,0,1,0,0,0,0,0,0,0,0,0,0,0,0,0,0,0,0,0,1,1
12.9658006,77.6092006,3,Ashok Nagar,64.40976768333333,0,0,0,0,0,1,0,0,0,0,0,0,0,1,0,0,0,1,0,0,0,0,0,0,0,0,0,2
12.9654768,77.5866092,3,Halasuru Gate,6.290766016666667,0,0,0,0,0,1,0,0,1,0,0,0,0,0,0,0,0,0,1,0,0,0,0,0,0,0,0,1
12.9758817,77.5827076,1,Upparpet,35.74058483333333,0,0,0,0,0,1,0,0,1,0,0,0,0,0,0,0,0,0,1,0,0,0,0,0,0,0,0,1
12.9164149,77.6095046,1,Mico Layout,14.684621466666666,0,0,0,0,0,1,0,0,0,0,0,0,0,1,0,0,0,0,0,0,0,0,0,0,1,0,0,1
13.097061,77.5990244,3,Yelahanka,47.56957551666667,0,0,0,0,0,1,0,0,0,0,0,0,1,0,0,0,0,0,0,0,0,0,1,0,0,0,0,1
12.988945,77.5080933,3,Kamakshipalya,71.71492216666667,0,0,0,0,0,1,0,0,0,0,0,0,0,0,0,0,1,0,0,0,0,0,0,0,0,1,0,1
13.0361721,77.5210965,3,Peenya,32.8362683,0,0,0,0,0,1,0,0,1,0,0,0,0,0,0,0,0,0,0,0,0,0,0,0,0,1,0,1
13.0360284,77.5212459,3,Peenya,26.078476000000002,0,0,0,0,0,1,0,0,1,0,0,0,0,0,0,0,0,0,0,0,0,0,0,0,0,1,0,1
12.8408359,77.6755563,1,Electronic City,177.69884691666667,0,0,0,0,0,1,0,0,0,1,0,0,0,0,0,0,0,0,0,0,0,0,0,0,0,0,0,1
12.9487705,77.5356957,3,Byatarayanapura,135.756851,0,0,0,0,0,1,0,0,0,0,0,1,0,0,0,0,0,0,0,0,0,0,0,0,0,0,1,1
12.9887519,77.5086749,3,Kamakshipalya,134.81243533333333,0,0,0,0,0,1,0,0,0,0,0,0,0,0,0,0,1,0,0,0,0,0,0,0,0,1,0,3
12.9851111,77.572661,1,Sheshadripuram,146.0185873,0,0,0,0,0,1,0,0,0,0,1,0,0,0,0,0,0,0,1,0,0,0,0,0,0,0,0,1
12.8416728,77.6761745,1,Electronic City,92.93065159999999,0,0,0,0,0,1,0,0,0,1,0,0,0,0,0,0,0,0,0,0,0,0,0,0,0,0,0,1
13.0456409,77.5067663,3,Chikkabanavara,177.93768756666665,0,0,0,0,0,1,0,0,1,0,0,0,0,0,0,0,0,0,0,0,0,0,1,0,0,0,0,2
13.0455952,77.5066942,3,Chikkabanavara,169.86118595000002,0,0,0,0,0,1,0,0,1,0,0,0,0,0,0,0,0,0,0,0,0,0,1,0,0,0,0,2
12.9155886,77.5696952,1,Banashankari,154.13191569999998,0,0,0,0,0,1,0,0,0,1,0,0,0,0,0,0,0,0,0,0,0,0,0,0,0,0,1,1
12.9250436,77.6336263,1,Adugodi,55.782216733333335,0,0,0,0,0,1,0,0,1,0,0,0,0,0,0,0,0,0,0,0,0,0,0,0,1,0,0,1
12.9261816,77.5487883,3,Banashankari,50.06267065,0,0,0,0,0,1,0,0,1,0,0,0,0,0,0,0,0,0,0,0,0,0,0,0,0,0,1,1
13.0846996,77.5935494,3,Yelahanka,97.11143675,0,0,0,0,0,1,0,0,0,0,0,0,0,1,0,0,0,0,0,0,0,0,1,0,0,0,0,1
13.014277,77.5710341,1,Sadashivanagar,17.571417983333333,0,0,0,0,0,1,0,0,0,0,0,0,0,0,1,0,0,0,0,0,0,0,0,0,0,0,1,1
12.9868689,77.5207125,3,Kamakshipalya,43.204929783333334,0,0,0,0,0,1,0,0,0,1,0,0,0,0,0,0,0,0,0,0,0,0,0,0,0,1,0,1
13.0401786,77.5898075,3,Hebbala,176.41912525,0,0,0,0,0,1,0,0,0,0,0,0,0,0,0,1,0,0,0,0,0,0,1,0,0,0,0,1
12.9582124,77.5537737,3,Magadi Road,153.3516428833333,0,0,0,0,0,1,0,0,1,0,0,0,0,0,0,0,0,0,1,0,0,0,0,0,0,0,0,1
12.9635736,77.5800627,3,City Market,22.565027816666667,0,0,0,0,0,1,0,0,0,0,0,0,0,0,1,0,0,0,1,0,0,0,0,0,0,0,0,1
12.9297671,77.6330898,1,Adugodi,215.32322236666667,0,0,0,0,1,0,1,0,0,0,0,0,0,0,0,0,0,0,0,0,0,0,0,0,1,0,0,1
12.960769,77.5591862,3,Chamarajpet,32.815805516666664,0,0,0,0,0,1,0,0,1,0,0,0,0,0,0,0,0,0,1,0,0,0,0,0,0,0,0,1
12.9459939,77.5272866,3,Byatarayanapura,143.81228266666668,0,0,0,0,0,1,0,0,0,1,0,0,0,0,0,0,0,0,0,0,0,0,0,0,0,0,1,1
12.9658372,77.6046388,3,Ashok Nagar,123.62687971666666,0,0,0,0,0,1,0,0,0,0,0,1,0,0,0,0,0,1,0,0,0,0,0,0,0,0,0,1
12.9847744,77.5746584,1,Sheshadripuram,123.01398625,0,0,0,0,0,1,0,0,1,0,0,0,0,0,0,0,0,0,1,0,0,0,0,0,0,0,0,1
12.9918713,77.6584789,3,Banaswadi,121.57447555,0,0,0,0,0,1,0,0,1,0,0,0,0,0,0,0,0,1,0,0,0,0,0,0,0,0,0,1
12.9918867,77.658525,3,Banaswadi,178.63069901666668,0,0,0,0,0,1,0,0,1,0,0,0,0,0,0,0,0,1,0,0,0,0,0,0,0,0,0,1
12.9918261,77.6584975,3,Banaswadi,176.06658421666668,0,0,0,0,0,1,0,0,1,0,0,0,0,0,0,0,0,1,0,0,0,0,0,0,0,0,0,1
12.9918633,77.6585867,3,Banaswadi,173.56636443333335,0,0,0,0,0,1,0,0,1,0,0,0,0,0,0,0,0,1,0,0,0,0,0,0,0,0,0,1
12.9700048,77.5681094,1,Chamarajpet,46.66483641666667,0,0,0,0,0,1,0,0,1,0,0,0,0,0,0,0,0,0,1,0,0,0,0,0,0,0,0,1
12.9473331,77.5943794,1,Wilson Garden,151.10260205,0,0,0,0,0,1,0,0,0,0,0,0,1,0,0,0,0,0,1,0,0,0,0,0,0,0,0,2
12.9671389,77.5881165,3,Halasuru Gate,148.1075357,0,0,0,0,0,1,0,0,1,0,0,0,0,0,0,0,0,0,1,0,0,0,0,0,0,0,0,1
13.0389132,77.5901535,3,Hebbala,169.6471736,0,0,0,0,0,1,0,0,0,0,0,1,0,0,0,0,0,0,0,0,0,0,1,0,0,0,0,1
13.0146125,77.5747089,1,Sadashivanagar,64.02628708333333,0,0,0,0,0,1,0,0,0,1,0,0,0,0,0,0,0,0,0,0,0,0,0,0,0,0,1,1
13.0311135,77.6306303,3,Hennuru,165.79754571666666,0,0,0,0,0,1,0,0,0,0,0,0,0,0,0,0,1,0,0,0,0,1,0,0,0,0,0,1
13.0466555,77.579201,3,Kodigehalli,52.345084899999996,1,0,0,0,0,0,1,0,0,0,0,0,0,0,0,0,0,0,0,0,0,0,1,0,0,0,0,1
12.9537563,77.5425611,3,Byatarayanapura,134.149293,0,0,0,0,0,1,0,0,0,1,0,0,0,0,0,0,0,0,0,0,0,0,0,0,0,0,1,1
12.9145333,77.6244151,3,HSR Layout,174.61533756666668,0,0,0,0,0,1,0,0,1,0,0,0,0,0,0,0,0,0,0,0,0,0,0,0,1,0,0,1
12.9257819,77.6765102,3,Bellandur,173.36250975,0,0,0,0,0,1,0,0,1,0,0,0,0,0,0,0,0,0,0,1,0,0,0,0,0,0,0,2
13.0805574,77.5930406,3,Yelahanka,168.06121521666668,0,0,0,0,0,1,0,0,0,0,0,1,0,0,0,0,0,0,0,0,0,1,0,0,0,0,0,1
12.9144667,77.6244317,3,HSR Layout,166.35498151666667,0,0,0,0,0,1,0,0,1,0,0,0,0,0,0,0,0,0,0,0,0,0,0,0,1,0,0,1
12.9583148,77.605948,3,Ashok Nagar,103.09514586666666,0,0,0,0,0,1,0,0,0,0,0,0,0,0,0,1,0,1,0,0,0,0,0,0,0,0,0,2
13.0184867,77.5316683,1,Rajajinagar,155.09577226666667,0,0,0,0,0,1,0,0,0,0,0,0,0,0,0,0,1,0,0,0,0,0,0,0,0,1,0,2
13.0198264,77.5524171,3,Yeshwanthpura,104.27178085,0,0,0,0,0,1,0,0,0,1,0,0,0,0,0,0,0,0,0,0,0,0,0,0,0,1,0,1
13.0212649,77.5320361,1,Rajajinagar,104.50401355000001,0,0,0,0,0,1,0,0,0,1,0,0,0,0,0,0,0,0,0,0,0,0,0,0,0,1,0,1
13.0168962,77.5569009,3,Yeshwanthpura,29.06766845,0,0,0,0,0,1,0,0,0,0,0,0,0,0,1,0,0,0,0,0,0,0,0,0,0,0,1,2
12.96767351,77.58722674,3,Halasuru Gate,120.0,0,0,0,1,0,0,1,0,0,0,0,0,0,0,0,0,0,0,1,0,0,0,0,0,0,0,0,1
12.96515466,77.59676528,3,Cubbon Park,165.85091321666667,0,0,0,0,0,1,0,0,0,0,0,0,0,0,1,0,0,1,0,0,0,0,0,0,0,0,0,1
12.9789323,77.6022673,3,Cubbon Park,166.0196769,0,0,0,0,0,1,0,0,1,0,0,0,0,0,0,0,0,1,0,0,0,0,0,0,0,0,0,2
12.95658312,77.59249002,1,Wilson Garden,147.36087493333335,0,0,0,0,0,1,0,1,0,0,0,0,0,0,0,0,0,1,0,0,0,0,0,0,0,0,0,1
12.97378758,77.57801069,1,Upparpet,180.0,0,0,0,0,0,1,0,0,0,0,0,1,0,0,0,0,0,0,1,0,0,0,0,0,0,0,0,1
12.96214881,77.59464987,1,Ashok Nagar,64.28443469999999,1,0,0,0,0,0,1,0,0,0,0,0,0,0,0,0,0,1,0,0,0,0,0,0,0,0,0,1
12.96312083,77.5881958,3,Halasuru Gate,140.35836323333334,0,0,0,0,0,1,0,0,0,0,0,0,0,0,0,1,0,0,1,0,0,0,0,0,0,0,0,1
12.9882871,77.5770102,1,Sheshadripuram,48.95618971666667,0,0,0,0,0,1,0,0,0,0,0,0,0,1,0,0,0,0,1,0,0,0,0,0,0,0,0,1
12.9624257,77.5946113,3,Halasuru Gate,51.759602683333334,0,0,0,0,0,1,0,0,1,0,0,0,0,0,0,0,0,0,1,0,0,0,0,0,0,0,0,1
12.9395521,77.6950925,3,HAL Old Airport,78.02181971666667,0,0,0,0,0,1,0,0,0,0,0,0,0,1,0,0,0,0,0,1,0,0,0,0,0,0,0,1
12.9912403,77.6576141,3,Banaswadi,168.43212873333331,0,0,0,0,0,1,0,0,0,0,0,0,0,1,0,0,0,1,0,0,0,0,0,0,0,0,0,1
12.991445,77.6579883,3,Banaswadi,165.13332583333334,0,0,0,0,0,1,0,0,0,0,0,0,0,1,0,0,0,1,0,0,0,0,0,0,0,0,0,1
13.008159,77.6952927,1,K.R. Pura,37.0500163,0,0,0,0,0,1,0,0,0,0,1,0,0,0,0,0,0,0,0,0,1,0,0,0,0,0,0,1
13.0695006,77.6335078,3,Hennuru,122.41863171666667,0,0,0,0,0,1,0,0,0,1,0,0,0,0,0,0,0,0,0,0,0,1,0,0,0,0,0,1
12.9478614,77.5340723,3,Byatarayanapura,158.88744605,0,0,0,0,0,1,0,0,0,0,1,0,0,0,0,0,0,0,0,0,0,0,0,0,0,0,1,1
13.057255,77.5466583,1,Jalahalli,31.144372966666666,0,0,0,0,0,1,0,0,0,0,0,0,0,0,0,1,0,0,0,0,0,1,0,0,0,0,0,1
12.9831508,77.5881278,3,Cubbon Park,107.76804146666667,1,0,0,0,0,0,1,0,0,0,0,0,0,0,0,0,0,0,1,0,0,0,0,0,0,0,0,3
12.9664333,77.6069683,3,Ashok Nagar,132.19742551666667,0,0,0,0,0,1,0,0,0,1,0,0,0,0,0,0,0,1,0,0,0,0,0,0,0,0,0,2
12.9457717,77.5273583,3,Byatarayanapura,76.18386368333333,0,0,0,0,0,1,0,0,0,0,0,1,0,0,0,0,0,0,0,0,0,0,0,0,0,0,1,2
12.945655,77.596045,1,Wilson Garden,12.559661516666667,0,0,0,0,0,1,0,0,1,0,0,0,0,0,0,0,0,0,1,0,0,0,0,0,0,0,0,2
12.9856007,77.5883524,3,High ground,147.74034036666666,0,0,0,0,0,1,0,0,0,0,0,0,1,0,0,0,0,0,1,0,0,0,0,0,0,0,0,1
12.9356876,77.5127053,3,Jnanabharathi,175.64860636666666,0,0,0,0,0,1,0,0,0,0,1,0,0,0,0,0,0,0,0,0,0,0,0,0,0,1,0,1
13.2406463,77.7025709,1,Devanahalli Airport,152.22920551666667,0,0,0,0,0,1,0,0,0,0,0,0,0,0,0,0,1,0,0,0,0,0,0,0,0,0,0,1
12.9163433,77.5858583,1,J.P. Nagar,144.43712975,0,0,0,0,0,1,0,0,1,0,0,0,0,0,0,0,0,0,0,0,0,0,0,1,0,0,0,1
12.9202334,77.589433,1,Jayanagara,24.171879049999998,0,0,1,0,0,0,1,0,0,0,0,0,0,0,0,0,0,0,0,0,0,0,0,1,0,0,0,1
13.0181617,77.5317339,1,Rajajinagar,127.16261361666668,0,0,0,0,0,1,0,0,0,1,0,0,0,0,0,0,0,0,0,0,0,0,0,0,0,1,0,3
12.9858727,77.5517909,3,Rajajinagar,130.34855801666666,0,0,0,0,0,1,0,0,0,0,0,0,0,1,0,0,0,0,0,0,0,0,0,0,0,0,1,1
12.9837375,77.596661,3,Cubbon Park,76.97170356666668,0,0,0,0,0,1,0,0,1,0,0,0,0,0,0,0,0,0,1,0,0,0,0,0,0,0,0,1
13.0996177,77.5885782,1,Yelahanka,158.30775906666668,0,0,0,0,0,1,0,0,1,0,0,0,0,0,0,0,0,0,0,0,0,0,1,0,0,0,0,1
12.9675551,77.5908857,3,Halasuru Gate,14.241182866666666,0,0,0,0,0,1,0,0,1,0,0,0,0,0,0,0,0,0,1,0,0,0,0,0,0,0,0,1
13.0346275,77.5296722,3,Yeshwanthpura,167.18919426666668,0,0,0,0,0,1,0,0,0,0,0,0,0,0,0,0,1,0,0,0,0,0,0,0,0,1,0,1
12.9608507,77.5884066,1,Halasuru Gate,176.02636403333332,0,0,0,0,0,1,0,0,0,0,0,1,0,0,0,0,0,0,1,0,0,0,0,0,0,0,0,1
12.9820806,77.5941962,3,Cubbon Park,169.54879098333333,0,0,0,0,0,1,0,0,0,0,0,0,0,0,1,0,0,0,1,0,0,0,0,0,0,0,0,1
12.9736958,77.5500099,3,Magadi Road,11.163700416666668,0,0,0,0,0,1,0,0,0,0,0,0,0,0,1,0,0,0,0,0,0,0,0,0,0,0,1,1
12.9255101,77.6173565,3,Madiwala,131.37395533333333,0,0,0,0,0,1,0,0,0,0,0,1,0,0,0,0,0,0,0,0,0,0,0,0,1,0,0,1
12.9866163,77.5722159,1,Sheshadripuram,12.038919366666667,0,0,0,0,0,1,0,0,1,0,0,0,0,0,0,0,0,0,1,0,0,0,0,0,0,0,0,1
12.9364705,77.5182299,3,Byatarayanapura,179.40882581666668,0,0,0,0,0,1,0,0,0,0,0,1,0,0,0,0,0,0,0,0,0,0,0,0,0,1,0,1
12.8730316,77.59432,3,Hulimavu,152.37260591666666,0,0,0,0,0,1,0,0,0,0,0,0,0,0,1,0,0,0,0,0,0,0,0,1,0,0,0,1
12.9853304,77.7526934,1,Mahadevapura,127.83038128333332,0,0,0,0,0,1,0,0,0,0,0,0,0,1,0,0,0,0,0,1,0,0,0,0,0,0,0,1
13.0131711,77.5837285,3,Sadashivanagar,74.98126361666667,0,0,0,0,0,1,0,0,0,0,0,1,0,0,0,0,0,0,0,0,0,0,0,0,0,0,1,1
13.0292432,77.5405226,3,Yeshwanthpura,40.03595935,1,0,0,0,0,0,1,0,0,0,0,0,0,0,0,0,0,0,0,0,0,0,0,0,0,1,0,1
12.9483033,77.5936751,1,Wilson Garden,122.81457548333333,0,0,0,0,0,1,0,0,0,1,0,0,0,0,0,0,0,0,1,0,0,0,0,0,0,0,0,1
12.9770258,77.57439,1,Upparpet,136.36113168333333,0,0,0,0,0,1,0,0,1,0,0,0,0,0,0,0,0,0,1,0,0,0,0,0,0,0,0,1
12.9549201,77.5445121,3,Byatarayanapura,144.26172866666667,0,0,0,0,0,1,0,0,0,0,0,0,0,0,1,0,0,0,0,0,0,0,0,0,0,0,1,1
12.893588,77.5989032,3,J.P. Nagar,121.81914683333333,0,0,0,0,0,1,0,0,1,0,0,0,0,0,0,0,0,0,0,0,0,0,0,0,1,0,0,2
12.9766497,77.6006059,3,Cubbon Park,168.21694036666668,0,0,0,0,0,1,0,0,0,0,0,0,0,1,0,0,0,1,0,0,0,0,0,0,0,0,0,1
12.9980438,77.5528186,3,Rajajinagar,136.60196471666669,0,0,0,0,0,1,0,0,1,0,0,0,0,0,0,0,0,0,0,0,0,0,0,0,0,0,1,1
12.998122,77.5527276,3,Rajajinagar,134.00553851666666,0,0,0,0,0,1,0,0,1,0,0,0,0,0,0,0,0,0,0,0,0,0,0,0,0,1,0,1
12.9981203,77.5527235,3,Rajajinagar,132.28486066666667,0,0,0,0,0,1,0,0,1,0,0,0,0,0,0,0,0,0,0,0,0,0,0,0,0,1,0,1
13.040181,77.5182591,3,Chikkabanavara,96.45104885,1,0,0,0,0,0,1,0,0,0,0,0,0,0,0,0,0,0,0,0,0,0,1,0,0,0,0,3
12.982252,77.5663007,1,Sheshadripuram,8.552649733333334,0,0,0,0,0,1,0,0,1,0,0,0,0,0,0,0,0,0,1,0,0,0,0,0,0,0,0,1
12.95574528,77.71852208,3,Whitefield,17.611252466666667,0,0,0,0,0,1,0,0,1,0,0,0,0,0,0,0,0,0,0,1,0,0,0,0,0,0,0,2
13.0348953,77.5294632,3,Peenya,4.0572209,0,0,0,0,0,1,0,0,1,0,0,0,0,0,0,0,0,0,0,0,0,0,0,0,0,1,0,1
12.9159184,77.6230582,3,Mico Layout,156.651915,0,0,0,0,0,1,0,0,1,0,0,0,0,0,0,0,0,0,0,0,0,0,0,0,1,0,0,1
12.9513236,77.4994628,1,Jnanabharathi,42.32033228333333,0,0,0,0,0,1,0,0,1,0,0,0,0,0,0,0,0,0,0,0,0,0,0,0,0,1,0,1
13.0271111,77.633527,3,Banaswadi,54.710606883333334,0,0,0,0,0,1,0,0,0,1,0,0,0,0,0,0,0,0,0,0,0,1,0,0,0,0,0,1
13.0344285,77.5302631,3,Yeshwanthpura,22.630626600000003,0,0,0,0,0,1,0,0,0,0,0,0,1,0,0,0,0,0,0,0,0,0,0,0,0,1,0,1
13.0343816,77.5303494,3,Yeshwanthpura,21.525672383333333,0,0,0,0,0,1,0,0,0,0,0,0,1,0,0,0,0,0,0,0,0,0,0,0,0,1,0,1
13.1220896,77.6104067,3,Yelahanka,10.504899233333333,0,0,0,0,0,1,0,0,0,1,0,0,0,0,0,0,0,0,0,0,0,0,1,0,0,0,0,2
13.0783123,77.5921644,3,Yelahanka,33.33801285,0,0,0,0,0,1,0,0,0,0,0,0,0,1,0,0,0,0,0,0,0,1,0,0,0,0,0,1
13.0176124,77.5598964,3,Yeshwanthpura,45.304458950000004,0,0,0,0,0,1,0,0,1,0,0,0,0,0,0,0,0,0,0,0,0,0,0,0,0,0,1,2
12.9531077,77.5417642,3,Byatarayanapura,27.371803333333332,0,0,0,0,0,1,0,0,0,0,1,0,0,0,0,0,0,0,0,0,0,0,0,0,0,0,1,1
12.9708113,77.6046352,3,Ashok Nagar,146.87560191666668,0,0,0,0,0,1,0,0,0,0,0,0,0,0,1,0,0,1,0,0,0,0,0,0,0,0,0,1
12.965855,77.619705,1,Halasur,126.51745251666667,0,0,0,0,0,1,0,0,1,0,0,0,0,0,0,0,0,1,0,0,0,0,0,0,0,0,0,1
12.9654566,77.5848874,3,Halasuru Gate,135.12120711666665,0,0,0,0,0,1,0,0,0,0,0,0,0,1,0,0,0,0,1,0,0,0,0,0,0,0,0,2
13.0174853,77.5841862,3,R.T. Nagar,157.79188536666666,0,0,0,0,0,1,0,0,0,0,0,0,0,1,0,0,0,0,0,0,0,0,1,0,0,0,0,1
12.9679011,77.5873307,3,Halasuru Gate,6.22358535,0,0,0,0,0,1,0,0,1,0,0,0,0,0,0,0,0,0,1,0,0,0,0,0,0,0,0,1
13.0958876,77.5975963,3,Yelahanka,6.093109766666667,0,0,0,0,0,1,0,0,0,0,0,0,0,0,1,0,0,0,0,0,0,0,1,0,0,0,0,1
13.095423,77.5976011,3,Yelahanka,57.20298101666666,0,0,0,0,0,1,0,0,0,1,0,0,0,0,0,0,0,0,0,0,0,0,1,0,0,0,0,1
12.9762084,77.5645308,3,Magadi Road,23.494592333333333,0,0,0,0,0,1,0,0,1,0,0,0,0,0,0,0,0,0,1,0,0,0,0,0,0,0,0,2
12.986545,77.64728037,3,Jeevanbheemanagar,125.65915085,0,0,0,0,0,1,0,0,0,0,0,0,0,0,0,0,1,1,0,0,0,0,0,0,0,0,0,1
12.9758261,77.5869087,1,Halasuru Gate,163.40282283333332,0,0,0,0,0,1,0,0,0,1,0,0,0,0,0,0,0,0,1,0,0,0,0,0,0,0,0,1
12.8910067,77.6383517,3,Hulimavu,159.6797922,0,0,0,0,0,1,0,0,0,0,0,0,1,0,0,0,0,0,0,0,0,0,0,0,1,0,0,2
13.0117764,77.5544196,3,Malleshwaram,139.7655552,0,0,0,0,0,1,0,0,0,0,1,0,0,0,0,0,0,0,0,0,0,0,0,0,0,1,0,1
12.9668949,77.5881611,3,Halasuru Gate,120.05816355,0,0,0,0,0,1,0,0,0,0,0,0,0,1,0,0,0,0,1,0,0,0,0,0,0,0,0,1
12.9830203,77.5923225,3,Cubbon Park,24.567187016666665,0,0,0,0,0,1,0,0,0,0,0,0,1,0,0,0,0,0,1,0,0,0,0,0,0,0,0,1
12.9741244,77.578679,1,Upparpet,27.483989266666665,0,0,0,0,0,1,0,0,0,0,1,0,0,0,0,0,0,0,1,0,0,0,0,0,0,0,0,1
12.9838987,77.5747584,1,Sheshadripuram,180.0,0,0,0,0,0,1,0,0,1,0,0,0,0,0,0,0,0,0,1,0,0,0,0,0,0,0,0,1
13.037647,77.5228461,3,Peenya,169.14852251666667,0,0,0,0,0,1,0,0,0,0,0,0,0,0,1,0,0,0,0,0,0,0,0,0,0,1,0,2
13.0954983,77.5943299,3,Yelahanka,50.716228816666664,0,0,0,0,0,1,0,0,0,0,0,0,1,0,0,0,0,0,0,0,0,0,1,0,0,0,0,2
12.9875168,77.5196853,3,Kamakshipalya,143.82381628333331,0,0,0,0,0,1,0,0,1,0,0,0,0,0,0,0,0,0,0,0,0,0,0,0,0,1,0,1
12.9345488,77.609821,3,Madiwala,64.53818363333333,0,0,0,0,0,1,0,0,1,0,0,0,0,0,0,0,0,0,0,0,0,0,0,0,1,0,0,1
12.983283,77.6033745,1,Shivajinagar,134.73347433333333,0,0,0,0,0,1,0,0,1,0,0,0,0,0,0,0,0,0,1,0,0,0,0,0,0,0,0,1
12.980467,77.5732257,1,Sheshadripuram,141.52410031666668,0,0,0,0,0,1,0,0,0,0,0,0,0,1,0,0,0,0,1,0,0,0,0,0,0,0,0,1
12.9128351,77.485156,3,Kengeri,143.27773870000001,0,0,0,0,0,1,0,0,1,0,0,0,0,0,0,0,0,0,0,0,0,0,0,0,0,1,0,1
13.0311401,77.5355559,3,Yeshwanthpura,155.95059431666667,0,0,0,0,0,1,0,0,0,1,0,0,0,0,0,0,0,0,0,0,0,0,0,0,0,1,0,1
12.9537877,77.5427674,3,Byatarayanapura,44.14427928333334,0,0,0,0,0,1,0,0,1,0,0,0,0,0,0,0,0,0,0,0,0,0,0,0,0,0,1,1
12.9791825,77.5852059,1,High ground,141.0247492,0,0,0,0,0,1,0,0,0,1,0,0,0,0,0,0,0,0,1,0,0,0,0,0,0,0,0,1
12.93798831,77.69940685,1,HAL Old Airport,140.55656478333333,0,0,0,0,0,1,0,0,0,0,0,0,0,0,0,0,1,0,0,1,0,0,0,0,0,0,0,2
13.1257833,77.6128,3,Yelahanka,124.99555186666666,0,0,0,0,0,1,0,0,0,1,0,0,0,0,0,0,0,0,0,0,0,0,1,0,0,0,0,2
13.0013268,77.6119897,1,Pulikeshinagar(F.Town),72.3468573,0,0,0,0,0,1,0,0,1,0,0,0,0,0,0,0,0,0,0,0,0,1,0,0,0,0,0,1
12.9522166,77.5408844,3,Byatarayanapura,146.97563921666668,0,0,0,0,0,1,0,0,1,0,0,0,0,0,0,0,0,0,0,0,0,0,0,0,0,0,1,1
12.9764205,77.5991521,3,Cubbon Park,133.64607053333333,0,0,0,0,0,1,0,0,0,1,0,0,0,0,0,0,0,1,0,0,0,0,0,0,0,0,0,1
13.0544417,77.5930777,3,Kodigehalli,158.1875485,0,0,0,0,0,1,0,0,0,0,0,0,0,0,0,0,1,0,0,0,0,1,0,0,0,0,0,1
12.9063758,77.6294866,3,HSR Layout,170.79457151666665,0,0,0,0,0,1,0,0,0,0,0,0,0,0,0,0,1,0,0,0,0,0,0,0,1,0,0,1
12.9289379,77.6003008,3,Jayanagara,157.89575208333332,0,0,0,0,0,1,0,0,1,0,0,0,0,0,0,0,0,0,1,0,0,0,0,0,0,0,0,1
12.9289166,77.600397,3,Jayanagara,155.99051401666665,0,0,0,0,0,1,0,0,1,0,0,0,0,0,0,0,0,0,1,0,0,0,0,0,0,0,0,1
12.9290681,77.6003272,3,Jayanagara,153.89281833333334,0,0,0,0,0,1,0,0,1,0,0,0,0,0,0,0,0,0,1,0,0,0,0,0,0,0,0,1
13.0397379,77.5185149,3,Peenya,155.07525429999998,0,0,0,0,0,1,0,0,0,0,1,0,0,0,0,0,0,0,0,0,0,0,0,0,0,1,0,1
12.9462213,77.5954317,1,Wilson Garden,125.75276971666668,0,0,0,0,0,1,0,0,0,1,0,0,0,0,0,0,0,0,1,0,0,0,0,0,0,0,0,2
13.0403758,77.518198,3,Chikkabanavara,162.97555098333333,0,0,0,0,0,1,0,0,1,0,0,0,0,0,0,0,0,0,0,0,0,0,1,0,0,0,0,1
12.9842769,77.5717217,1,Sheshadripuram,8.205007316666666,0,0,0,0,0,1,0,0,1,0,0,0,0,0,0,0,0,0,1,0,0,0,0,0,0,0,0,1
13.0835218,77.5940989,3,Yelahanka,66.32207913333333,1,0,0,0,0,0,1,0,0,0,0,0,0,0,0,0,0,0,0,0,0,1,0,0,0,0,0,1
13.017155,77.6602635,3,Banaswadi,27.495784800000003,0,0,0,0,0,1,0,0,0,1,0,0,0,0,0,0,0,0,0,0,1,0,0,0,0,0,0,1
12.959235,77.603915,3,Ashok Nagar,147.70865661666667,0,0,0,0,0,1,0,0,0,0,0,0,1,0,0,0,0,1,0,0,0,0,0,0,0,0,0,1
13.0711139,77.5924861,3,Kodigehalli,120.23387468333334,0,0,0,0,0,1,0,0,0,0,0,1,0,0,0,0,0,0,0,0,0,1,0,0,0,0,0,1
13.0705405,77.6365085,3,Hennuru,97.31546069999999,1,0,0,0,0,0,1,0,0,0,0,0,0,0,0,0,0,0,0,0,0,1,0,0,0,0,0,1
12.9165708,77.6017595,3,Mico Layout,131.96330435,0,0,0,0,0,1,0,0,1,0,0,0,0,0,0,0,0,0,0,0,0,0,0,0,1,0,0,1
12.9930435,77.5955639,1,High ground,37.32267656666667,0,0,0,0,0,1,0,0,1,0,0,0,0,0,0,0,0,0,1,0,0,0,0,0,0,0,0,1
12.9850716,77.5728682,1,Sheshadripuram,15.536178283333333,0,0,0,0,0,1,0,0,0,0,1,0,0,0,0,0,0,0,1,0,0,0,0,0,0,0,0,1
13.2643753,77.7178939,1,Devanahalli Airport,180.0,0,0,0,0,0,1,0,0,0,0,0,0,0,0,0,0,1,0,0,0,0,0,0,0,0,0,0,1
13.006697,77.5790373,1,Sadashivanagar,126.44127610000001,0,0,0,0,0,1,0,0,1,0,0,0,0,0,0,0,0,0,0,0,0,0,0,0,0,0,1,1
12.9519068,77.605028,3,Ashok Nagar,86.54174110000001,0,0,0,0,0,1,0,0,0,0,0,0,0,0,0,1,0,1,0,0,0,0,0,0,0,0,0,1
12.9849653,77.5556492,1,Rajajinagar,45.578564199999995,0,0,0,0,0,1,0,0,0,0,1,0,0,0,0,0,0,0,0,0,0,0,0,0,0,0,1,1
12.9580289,77.641463,3,Halasur,136.81606401666667,0,0,0,0,0,1,0,0,1,0,0,0,0,0,0,0,0,1,0,0,0,0,0,0,0,0,0,1
12.9569157,77.699063,3,HAL Old Airport,128.22549738333333,0,0,0,0,0,1,0,0,1,0,0,0,0,0,0,0,0,0,0,1,0,0,0,0,0,0,0,1
12.8925403,77.5987305,3,J.P. Nagar,144.96076616666667,0,0,0,0,0,1,0,0,0,0,0,1,0,0,0,0,0,0,0,0,0,0,0,0,1,0,0,2
12.9632575,77.5847532,3,Halasuru Gate,127.54384536666666,0,0,0,0,0,1,0,0,1,0,0,0,0,0,0,0,0,0,1,0,0,0,0,0,0,0,0,1
12.9847078,77.6456367,3,Jeevanbheemanagar,174.8659165,0,0,0,0,0,1,0,0,0,0,0,0,0,0,1,0,0,1,0,0,0,0,0,0,0,0,0,1
13.0113039,77.6987685,1,K.R. Pura,171.58859105000002,0,0,0,0,0,1,0,0,0,0,0,0,0,0,0,0,1,0,0,0,1,0,0,0,0,0,0,1
13.0144394,77.5838724,3,Sadashivanagar,125.89842873333333,0,0,0,0,0,1,0,0,0,1,0,0,0,0,0,0,0,0,0,0,0,0,0,0,0,0,1,1
12.9590598,77.5558196,3,Chamarajpet,121.98580845,0,0,0,0,0,1,0,0,0,0,0,0,1,0,0,0,0,0,1,0,0,0,0,0,0,0,0,2
12.9377126,77.5210857,3,Byatarayanapura,132.14269746666668,0,0,0,0,0,1,0,0,0,1,0,0,0,0,0,0,0,0,0,0,0,0,0,0,0,1,0,1
13.122859,77.6107018,3,Yelahanka,131.59272965,0,0,0,0,0,1,0,0,0,1,0,0,0,0,0,0,0,0,0,0,0,0,1,0,0,0,0,1
12.9146239,77.6247056,3,HSR Layout,162.29865168333333,0,0,0,0,0,1,0,0,0,0,0,0,0,1,0,0,0,0,0,0,0,0,0,0,1,0,0,1
12.980341,77.5717396,1,Sheshadripuram,155.5018778,0,0,0,0,0,1,0,0,0,0,0,0,0,1,0,0,0,0,1,0,0,0,0,0,0,0,0,1
12.9582488,77.5547261,3,Chamarajpet,149.608001,0,0,0,0,0,1,0,0,0,1,0,0,0,0,0,0,0,0,1,0,0,0,0,0,0,0,0,2
12.9802782,77.5718032,1,Sheshadripuram,142.39166615000002,0,0,0,0,0,1,0,0,0,0,0,0,0,1,0,0,0,0,1,0,0,0,0,0,0,0,0,1
13.0373812,77.6273298,3,Hennuru,174.96158849999998,0,0,0,0,0,1,0,0,0,0,0,1,0,0,0,0,0,0,0,0,0,1,0,0,0,0,0,1
13.035305,77.5275093,3,Peenya,9.538056933333333,0,0,0,0,0,1,0,0,0,0,0,0,0,0,1,0,0,0,0,0,0,0,0,0,0,1,0,1
12.9756365,77.5404412,3,Vijayanagara,163.51420103333334,0,0,0,0,0,1,0,0,0,1,0,0,0,0,0,0,0,0,0,0,0,0,0,0,0,0,1,1
13.0375218,77.5227216,3,Peenya,175.42472211666666,0,0,0,0,0,1,0,0,0,0,0,1,0,0,0,0,0,0,0,0,0,0,0,0,0,1,0,1
12.9208567,77.6651001,3,Bellandur,180.0,1,0,0,0,0,0,1,0,0,0,0,0,0,0,0,0,0,0,0,1,0,0,0,0,0,0,0,1
12.9383656,77.5216191,3,Byatarayanapura,136.62278366666666,0,0,0,0,0,1,0,0,0,1,0,0,0,0,0,0,0,0,0,0,0,0,0,0,0,1,0,2
12.9586717,77.5931683,1,Halasuru Gate,104.66418203333333,0,0,0,0,0,1,0,0,1,0,0,0,0,0,0,0,0,0,1,0,0,0,0,0,0,0,0,1
13.0976447,77.5912615,1,R.T. Nagar,49.61868238333333,0,0,0,0,0,1,0,0,1,0,0,0,0,0,0,0,0,0,0,0,0,0,1,0,0,0,0,1
12.9793739,77.6021749,3,Shivajinagar,123.35146453333333,0,0,0,0,0,1,0,0,0,0,0,1,0,0,0,0,0,0,1,0,0,0,0,0,0,0,0,1
12.9825565,77.6353914,3,Jeevanbheemanagar,19.606597833333336,0,0,0,0,0,1,0,0,1,0,0,0,0,0,0,0,0,1,0,0,0,0,0,0,0,0,0,1
13.0145744,77.5731244,1,Sadashivanagar,175.84242346666667,0,0,0,0,0,1,0,0,0,0,0,0,0,1,0,0,0,0,0,0,0,0,0,0,0,0,1,2
13.0145282,77.5731371,1,Sadashivanagar,141.11644579999998,0,0,0,0,0,1,0,0,0,0,0,0,0,1,0,0,0,0,0,0,0,0,0,0,0,0,1,2
13.0374095,77.6273374,3,Hennuru,172.95230688333334,0,0,0,0,0,1,0,0,0,0,0,1,0,0,0,0,0,0,0,0,0,1,0,0,0,0,0,1
13.0373806,77.6273317,3,Hennuru,170.04777719999998,0,0,0,0,0,1,0,0,0,0,0,1,0,0,0,0,0,0,0,0,0,1,0,0,0,0,0,1
12.9637808,77.5840201,3,Halasuru Gate,172.68471964999998,0,0,0,0,0,1,0,0,0,0,0,0,0,0,0,0,1,0,1,0,0,0,0,0,0,0,0,2
12.957596,77.6057847,3,Ashok Nagar,166.01277695,0,0,0,0,0,1,0,0,0,0,0,0,0,0,0,0,1,1,0,0,0,0,0,0,0,0,0,1
12.9609004,77.5838866,3,Halasuru Gate,180.0,0,0,0,0,0,1,0,0,1,0,0,0,0,0,0,0,0,0,1,0,0,0,0,0,0,0,0,1
13.0436637,77.5578221,3,Jalahalli,147.51042373333334,0,0,0,0,0,1,0,0,0,0,0,0,0,0,1,0,0,0,0,0,0,1,0,0,0,0,0,2
13.0403782,77.5179997,3,Chikkabanavara,132.29650848333333,0,0,0,0,0,1,0,0,0,0,0,0,0,0,1,0,0,0,0,0,0,0,1,0,0,0,0,2
12.9061052,77.5732456,3,K.S. Layout,12.265225249999999,0,0,0,0,0,1,0,0,0,0,0,0,0,0,1,0,0,0,0,0,0,0,0,1,0,0,0,1
13.103938,77.6005304,3,Yelahanka,61.51358136666667,1,0,0,0,0,0,1,0,0,0,0,0,0,0,0,0,0,0,0,0,0,0,1,0,0,0,0,3
12.9935392,77.5957784,1,High ground,139.19902303333336,0,0,0,0,0,1,0,0,1,0,0,0,0,0,0,0,0,0,1,0,0,0,0,0,0,0,0,1
12.9815094,77.6310739,3,Halasur,179.1458924833333,0,0,0,0,0,1,0,0,0,0,0,1,0,0,0,0,0,1,0,0,0,0,0,0,0,0,0,1
12.9820774,77.5700018,1,Sheshadripuram,147.2208338,0,0,0,0,0,1,0,0,0,0,0,1,0,0,0,0,0,0,1,0,0,0,0,0,0,0,0,1
12.9810524,77.5707182,1,Sheshadripuram,145.80806585,0,0,0,0,0,1,0,0,0,0,0,1,0,0,0,0,0,0,1,0,0,0,0,0,0,0,0,1
12.9810524,77.5707182,1,Sheshadripuram,144.88860518333334,0,0,0,0,0,1,0,0,0,0,0,0,1,0,0,0,0,0,1,0,0,0,0,0,0,0,0,1
12.983789,77.5901262,3,Cubbon Park,30.959790183333332,0,0,0,0,0,1,0,0,0,0,1,0,0,0,0,0,0,0,1,0,0,0,0,0,0,0,0,1
12.9328783,77.6882517,3,HAL Old Airport,14.823477983333333,0,0,0,0,0,1,0,0,0,0,0,0,0,0,1,0,0,0,0,1,0,0,0,0,0,0,0,1
12.9832675,77.5746214,1,Sheshadripuram,44.150084916666664,0,0,0,0,0,1,0,0,1,0,0,0,0,0,0,0,0,0,1,0,0,0,0,0,0,0,0,1
12.9709443,77.587546,1,Halasuru Gate,27.336794750000003,0,0,0,0,0,1,0,0,0,0,0,0,0,0,0,1,0,0,1,0,0,0,0,0,0,0,0,1
12.9603057,77.5875364,1,Halasuru Gate,126.87446528333334,0,0,0,0,0,1,0,0,0,0,0,1,0,0,0,0,0,0,1,0,0,0,0,0,0,0,0,1
12.9666565,77.5948157,3,Halasuru Gate,158.94323613333333,0,0,0,0,0,1,0,0,0,0,0,0,0,0,1,0,0,0,1,0,0,0,0,0,0,0,0,1
12.9696616,77.5847414,1,Halasuru Gate,147.17775501666668,0,0,0,0,0,1,0,0,0,0,1,0,0,0,0,0,0,0,1,0,0,0,0,0,0,0,0,1
12.9677185,77.5867701,3,Halasuru Gate,47.80724921666667,0,0,0,0,0,1,0,0,1,0,0,0,0,0,0,0,0,0,1,0,0,0,0,0,0,0,0,1
12.9677394,77.587136,3,Halasuru Gate,6.048961883333333,0,0,0,0,0,1,0,0,1,0,0,0,0,0,0,0,0,0,1,0,0,0,0,0,0,0,0,1
12.9371547,77.6271567,3,Adugodi,158.14985585000002,0,0,0,0,0,1,0,0,1,0,0,0,0,0,0,0,0,0,0,0,0,0,0,0,1,0,0,1
13.038844,77.5204107,3,Peenya,46.73368636666667,1,0,0,0,0,0,1,0,0,0,0,0,0,0,0,0,0,0,0,0,0,0,0,0,0,1,0,3
12.9572866,77.551329,3,Magadi Road,176.01252518333334,0,0,0,0,0,1,0,0,0,0,0,0,0,1,0,0,0,0,1,0,0,0,0,0,0,0,0,1
12.957458,77.5516367,3,Magadi Road,173.8440418666667,0,0,0,0,0,1,0,0,0,0,0,0,0,1,0,0,0,0,1,0,0,0,0,0,0,0,0,1
12.9574666,77.5513906,3,Magadi Road,141.42757643333334,0,0,0,0,0,1,0,0,0,0,0,0,0,1,0,0,0,0,1,0,0,0,0,0,0,0,0,1
12.9572533,77.5515533,3,Byatarayanapura,136.222964,0,0,0,0,0,1,0,0,0,0,0,0,0,1,0,0,0,0,1,0,0,0,0,0,0,0,0,1
12.9614516,77.6355409,1,Halasur,125.607151,0,0,0,0,0,1,0,0,0,0,0,0,1,0,0,0,0,1,0,0,0,0,0,0,0,0,0,1
12.9483534,77.5797302,1,Basavanagudi,178.34175898333334,0,0,0,0,0,1,0,0,0,1,0,0,0,0,0,0,0,0,1,0,0,0,0,0,0,0,0,1
12.9646867,77.575565,3,City Market,71.89760106666667,0,0,0,0,0,1,0,0,0,0,0,1,0,0,0,0,0,0,1,0,0,0,0,0,0,0,0,1
13.0284451,77.5412394,3,Yeshwanthpura,173.42698381666665,0,0,0,0,0,1,0,0,0,0,0,0,0,1,0,0,0,0,0,0,0,0,0,0,0,1,0,1
13.0274218,77.6343822,3,Hennuru,175.38277631666668,0,0,0,0,0,1,0,0,0,0,0,0,0,1,0,0,0,0,0,0,1,0,0,0,0,0,0,1
12.91950551,77.63809397,1,Madiwala,168.12830856666668,0,0,0,0,0,1,0,0,1,0,0,0,0,0,0,0,0,0,0,0,0,0,0,0,1,0,0,2
13.016758,77.5568293,3,Yeshwanthpura,38.45392828333333,0,0,0,0,0,1,0,0,0,0,0,0,1,0,0,0,0,0,0,0,0,0,0,0,0,0,1,1
12.9562,77.54666,3,Byatarayanapura,43.98374376666666,0,0,0,0,0,1,0,0,1,0,0,0,0,0,0,0,0,0,0,0,0,0,0,0,0,0,1,1
12.9547126,77.6207576,1,Ashok Nagar,169.15583613333334,0,0,0,0,0,1,0,0,0,0,0,0,0,1,0,0,0,1,0,0,0,0,0,0,0,0,0,1
12.9233939,77.5542916,3,Banashankari,44.5321139,0,0,0,0,0,1,0,0,1,0,0,0,0,0,0,0,0,0,0,0,0,0,0,0,0,0,1,1
12.9461785,77.5952524,1,Wilson Garden,173.3629059,0,0,0,0,0,1,0,0,0,0,0,0,0,1,0,0,0,0,1,0,0,0,0,0,0,0,0,1
12.9870531,77.5799662,1,High ground,16.580316616666668,0,0,0,0,0,1,0,0,0,0,0,0,1,0,0,0,0,0,1,0,0,0,0,0,0,0,0,1
12.9679208,77.5925041,3,Halasuru Gate,131.45749023333332,0,0,0,0,0,1,0,0,1,0,0,0,0,0,0,0,0,0,1,0,0,0,0,0,0,0,0,1
13.01686,77.584215,3,R.T. Nagar,125.99170558333334,0,0,0,0,0,1,0,0,0,1,0,0,0,0,0,0,0,0,0,0,0,0,1,0,0,0,0,1
13.0160246,77.5837002,3,Sadashivanagar,12.5869507,0,0,0,0,0,1,0,0,0,1,0,0,0,0,0,0,0,0,0,0,0,0,0,0,0,0,1,2
13.0165338,77.7038685,1,K.R. Pura,172.36447146666666,0,0,0,0,0,1,0,0,0,1,0,0,0,0,0,0,0,0,0,0,1,0,0,0,0,0,0,1
13.0166458,77.556596,3,Yeshwanthpura,20.0987703,0,0,0,0,0,1,0,0,0,0,0,0,0,0,1,0,0,0,0,0,0,0,0,0,0,0,1,1
12.9727963,77.5692798,1,Chamarajpet,6.931877533333333,0,0,0,0,0,1,0,0,0,0,0,1,0,0,0,0,0,0,1,0,0,0,0,0,0,0,0,1
12.9424214,77.5973837,1,Wilson Garden,74.30124980000001,0,0,0,0,0,1,0,0,1,0,0,0,0,0,0,0,0,0,0,0,0,0,0,0,1,0,0,1
12.9575878,77.5193327,1,Byatarayanapura,64.77979475,1,0,0,0,0,0,1,0,0,0,0,0,0,0,0,0,0,0,0,0,0,0,0,0,0,1,0,1
12.9833721,77.5968642,3,Cubbon Park,15.845159116666668,0,0,0,0,0,1,0,0,1,0,0,0,0,0,0,0,0,0,1,0,0,0,0,0,0,0,0,1
13.0288429,77.5396088,3,Yeshwanthpura,141.1724811,0,0,0,0,0,1,0,0,0,0,0,1,0,0,0,0,0,0,0,0,0,0,0,0,0,1,0,1
13.0407918,77.6217432,3,K.G. Halli,122.69044223333334,0,0,0,0,0,1,0,0,1,0,0,0,0,0,0,0,0,0,0,0,0,1,0,0,0,0,0,2
13.04109,77.62152,3,Hennuru,120.93663083333333,0,0,0,0,0,1,0,0,1,0,0,0,0,0,0,0,0,0,0,0,0,1,0,0,0,0,0,2
12.9031222,77.5733822,1,J.P. Nagar,7.0225841,0,0,0,0,0,1,0,0,1,0,0,0,0,0,0,0,0,0,0,0,0,0,0,0,1,0,0,1
12.9031121,77.5734395,1,J.P. Nagar,163.46965835,0,0,0,0,0,1,0,0,1,0,0,0,0,0,0,0,0,0,0,0,0,0,0,0,1,0,0,1
13.0108226,77.6618606,3,Banaswadi,152.40234373333334,0,0,0,0,0,1,0,0,0,1,0,0,0,0,0,0,0,1,0,0,0,0,0,0,0,0,0,1
12.9364699,77.5198595,3,Byatarayanapura,172.82209783333334,0,0,0,0,0,1,0,0,0,0,0,1,0,0,0,0,0,0,0,0,0,0,0,0,0,1,0,1
12.9606579,77.5592018,3,Chamarajpet,160.83684891666664,0,0,0,0,0,1,0,0,0,0,0,0,1,0,0,0,0,0,1,0,0,0,0,0,0,0,0,2
13.0117765,77.5545592,3,Malleshwaram,119.55588141666667,0,0,0,0,0,1,0,0,0,1,0,0,0,0,0,0,0,0,0,0,0,0,0,0,0,0,1,1
12.9923303,77.5746787,1,Sheshadripuram,8.934634983333332,0,0,0,0,0,1,0,0,1,0,0,0,0,0,0,0,0,0,1,0,0,0,0,0,0,0,0,1
12.9669509,77.5871244,3,Halasuru Gate,141.10186316666667,0,0,0,0,0,1,0,0,0,0,0,0,0,0,0,1,0,0,1,0,0,0,0,0,0,0,0,1
12.9162218,77.570226,1,Banashankari,141.47775910000001,0,0,0,0,0,1,0,0,1,0,0,0,0,0,0,0,0,0,0,0,0,0,0,0,0,0,1,1
12.9882218,77.5875527,3,High ground,143.33777285,0,0,0,0,0,1,0,0,0,0,0,0,1,0,0,0,0,0,1,0,0,0,0,0,0,0,0,1
12.9156014,77.5999341,3,Mico Layout,126.96314646666666,0,0,0,0,0,1,0,0,0,0,0,1,0,0,0,0,0,0,0,0,0,0,0,1,0,0,0,2
13.0157041,77.5842011,3,R.T. Nagar,174.99264928333332,0,0,0,0,0,1,0,0,0,0,0,0,0,0,1,0,0,0,0,0,0,0,1,0,0,0,0,2
13.034555,77.5300311,3,Yeshwanthpura,18.016688283333334,0,0,0,0,0,1,0,0,0,0,0,1,0,0,0,0,0,0,0,0,0,0,0,0,0,1,0,2
12.96353,77.5851583,3,Halasuru Gate,145.39315173333335,0,0,0,0,0,1,0,0,0,1,0,0,0,0,0,0,0,0,1,0,0,0,0,0,0,0,0,1
12.9633286,77.5851432,3,Halasuru Gate,132.69417323333334,0,0,0,0,0,1,0,0,0,0,0,0,0,0,0,0,1,0,1,0,0,0,0,0,0,0,0,1
13.0293074,77.539579,3,Yeshwanthpura,170.52601083333332,0,0,0,0,0,1,0,0,0,0,1,0,0,0,0,0,0,0,0,0,0,0,0,0,0,1,0,2
13.0436821,77.5536264,3,Jalahalli,123.68680245,0,0,0,0,0,1,0,0,0,0,0,1,0,0,0,0,0,0,0,0,0,0,1,0,0,0,0,1
12.9609199,77.6392836,3,Halasur,180.0,0,0,0,0,0,1,0,0,1,0,0,0,0,0,0,0,0,1,0,0,0,0,0,0,0,0,0,1
12.97820738,77.6407515,3,Jeevanbheemanagar,163.37544418333334,0,0,0,0,0,1,0,0,0,1,0,0,0,0,0,0,0,1,0,0,0,0,0,0,0,0,0,1
12.9833886,77.5969668,3,Cubbon Park,154.98830064999999,0,0,0,0,0,1,0,0,1,0,0,0,0,0,0,0,0,0,1,0,0,0,0,0,0,0,0,1
12.8823232,77.5958214,3,J.P. Nagar,151.6814175,0,0,0,0,0,1,0,0,1,0,0,0,0,0,0,0,0,0,0,0,0,0,0,0,1,0,0,1
12.9677656,77.5881059,3,Halasuru Gate,164.21956841666668,0,0,0,0,0,1,0,0,1,0,0,0,0,0,0,0,0,0,1,0,0,0,0,0,0,0,0,1
12.9747553,77.5711334,1,Upparpet,129.08330343333333,0,0,0,0,0,1,0,0,1,0,0,0,0,0,0,0,0,0,1,0,0,0,0,0,0,0,0,1
12.9747583,77.5712517,1,Upparpet,125.36961748333333,0,0,0,0,0,1,0,0,1,0,0,0,0,0,0,0,0,0,1,0,0,0,0,0,0,0,0,1
12.9635098,77.5841749,3,Halasuru Gate,139.38430443333334,0,0,0,0,0,1,0,0,1,0,0,0,0,0,0,0,0,0,1,0,0,0,0,0,0,0,0,1
12.9641586,77.5697623,3,Chamarajpet,22.29318775,0,0,0,0,0,1,0,0,0,0,0,1,0,0,0,0,0,0,1,0,0,0,0,0,0,0,0,1
13.014586,77.5837856,3,Sadashivanagar,144.49933936666667,0,0,0,0,0,1,0,0,0,1,0,0,0,0,0,0,0,0,0,0,0,0,0,0,0,0,1,1
12.9651307,77.5840764,3,Halasuru Gate,103.6497548,0,0,0,0,0,1,0,0,1,0,0,0,0,0,0,0,0,0,1,0,0,0,0,0,0,0,0,1
12.9274831,77.6214437,3,Adugodi,132.98753048333333,0,0,0,0,0,1,0,0,0,0,0,1,0,0,0,0,0,0,0,0,0,0,0,0,1,0,0,1
12.9461012,77.5293148,3,Byatarayanapura,78.36581535,0,0,0,0,0,1,0,0,1,0,0,0,0,0,0,0,0,0,0,0,0,0,0,0,0,0,1,1
12.9738689,77.5662785,3,Magadi Road,115.85477770000001,0,0,1,0,0,0,1,0,0,0,0,0,0,0,0,0,0,0,1,0,0,0,0,0,0,0,0,1
13.0413267,77.5168577,3,Peenya,22.33721543333333,0,0,0,0,0,1,0,0,0,0,0,1,0,0,0,0,0,0,0,0,0,0,0,0,0,1,0,1
12.9822795,77.5978809,3,Shivajinagar,144.00044373333333,0,0,0,0,0,1,0,0,0,0,1,0,0,0,0,0,0,0,1,0,0,0,0,0,0,0,0,1
12.9762499,77.6018865,3,Cubbon Park,168.66339181666666,0,0,0,0,0,1,0,0,0,0,1,0,0,0,0,0,0,1,0,0,0,0,0,0,0,0,0,1
12.9528015,77.5408058,3,Byatarayanapura,136.21139005,0,0,0,0,0,1,0,0,1,0,0,0,0,0,0,0,0,0,0,0,0,0,0,0,0,0,1,1
12.9750937,77.6257356,3,Halasur,147.75628095,0,0,0,0,0,1,0,0,0,0,0,0,0,0,1,0,0,1,0,0,0,0,0,0,0,0,0,1
13.0859327,77.5945514,3,Yelahanka,41.04432583333333,0,0,0,0,0,1,0,0,0,1,0,0,0,0,0,0,0,0,0,0,0,1,0,0,0,0,0,1
13.0388301,77.5894571,3,Kodigehalli,25.451136216666665,0,0,0,0,0,1,0,0,0,0,0,0,1,0,0,0,0,0,0,0,0,0,1,0,0,0,0,1
13.0844319,77.5941662,3,Yelahanka,180.0,0,0,0,0,0,1,0,0,0,0,0,1,0,0,0,0,0,0,0,0,0,1,0,0,0,0,0,1
13.0115572,77.6986768,1,K.R. Pura,139.37782231666668,0,0,0,0,0,1,0,0,0,1,0,0,0,0,0,0,0,0,0,0,1,0,0,0,0,0,0,2
13.01776168,77.55853225,3,Yeshwanthpura,22.74252915,0,0,0,0,0,1,0,0,0,0,0,1,0,0,0,0,0,0,0,0,0,0,0,0,0,0,1,1
13.0325119,77.5336364,3,Yeshwanthpura,119.13968028333333,0,0,0,0,0,1,0,0,0,0,0,0,1,0,0,0,0,0,0,0,0,0,0,0,0,1,0,1
12.9756263,77.586833,1,Halasuru Gate,96.72711803333333,0,0,0,0,0,1,0,0,1,0,0,0,0,0,0,0,0,0,1,0,0,0,0,0,0,0,0,1
12.9801325,77.588269,1,Cubbon Park,133.19366651666667,0,0,0,0,0,1,0,0,0,0,1,0,0,0,0,0,0,0,1,0,0,0,0,0,0,0,0,1
12.9679099,77.5872544,3,Halasuru Gate,46.37537601666667,0,0,0,0,0,1,0,0,1,0,0,0,0,0,0,0,0,0,1,0,0,0,0,0,0,0,0,1
12.9871704,77.5984368,1,Shivajinagar,156.45255455,0,0,0,0,0,1,0,0,1,0,0,0,0,0,0,0,0,0,1,0,0,0,0,0,0,0,0,1
13.0744799,77.592693,3,Yelahanka,34.49597188333333,0,0,0,0,0,1,0,0,0,0,0,1,0,0,0,0,0,0,0,0,0,1,0,0,0,0,0,1
12.95008982,77.53760297,3,Byatarayanapura,171.34723491666668,0,0,1,0,0,0,1,0,0,0,0,0,0,0,0,0,0,0,0,0,0,0,0,0,0,0,1,1
12.993323,77.607171,1,Pulikeshinagar(F.Town),70.5850728,0,0,0,0,0,1,0,0,1,0,0,0,0,0,0,0,0,0,0,0,0,1,0,0,0,0,0,1
13.0697157,77.5915028,3,Kodigehalli,162.35771153333332,0,0,0,0,0,1,0,0,0,0,0,0,0,0,0,0,1,0,0,0,0,1,0,0,0,0,0,1
13.1008567,77.582507,1,Yelahanka,360.0,0,0,0,0,1,0,1,0,0,0,0,0,0,0,0,0,0,0,0,0,0,0,1,0,0,0,0,1
13.056604,77.5466758,1,Jalahalli,141.37330973333334,0,0,0,0,0,1,0,0,0,0,0,0,0,0,1,0,0,0,0,0,0,0,1,0,0,0,0,1
13.00398224,77.61968747,3,Pulikeshinagar(F.Town),240.0,0,0,1,0,0,0,1,0,0,0,0,0,0,0,0,0,0,0,0,0,0,1,0,0,0,0,0,1
13.0446941,77.508278,3,Peenya,23.807276100000003,1,0,0,0,0,0,1,0,0,0,0,0,0,0,0,0,0,0,0,0,0,0,0,0,0,1,0,3
13.0438055,77.5538975,3,Jalahalli,164.93523985,0,0,0,0,0,1,0,0,0,0,0,1,0,0,0,0,0,0,0,0,0,0,1,0,0,0,0,1
13.0329262,77.5416645,3,Yeshwanthpura,152.06738336666666,0,0,0,0,0,1,0,0,0,1,0,0,0,0,0,0,0,0,0,0,0,0,0,0,0,1,0,2
12.9439105,77.6031489,1,Adugodi,8.523106283333332,0,0,0,0,0,1,0,0,1,0,0,0,0,0,0,0,0,0,0,0,0,0,0,0,1,0,0,1
12.9224646,77.6685303,3,Bellandur,128.41325848333332,0,0,0,0,0,1,0,0,0,0,0,0,1,0,0,0,0,0,0,1,0,0,0,0,0,0,0,1
13.0406926,77.5187639,3,Chikkabanavara,152.42540456666666,0,0,0,0,0,1,0,0,1,0,0,0,0,0,0,0,0,0,0,0,0,0,1,0,0,0,0,1
12.9045353,77.6274563,3,Madiwala,23.53905478333333,0,0,0,0,0,1,0,0,0,0,0,0,0,1,0,0,0,0,0,0,0,0,0,0,1,0,0,1
12.9747136,77.5706363,1,Chamarajpet,91.42637688333333,0,0,0,0,0,1,0,0,0,0,0,0,0,0,1,0,0,0,1,0,0,0,0,0,0,0,0,1
13.068725,77.5930883,3,Kodigehalli,142.37021718333332,0,0,0,0,0,1,0,0,0,0,0,0,0,1,0,0,0,0,0,0,0,1,0,0,0,0,0,1
13.0166933,77.556694,3,Yeshwanthpura,138.24728125000001,0,0,0,0,0,1,0,0,0,0,0,0,0,0,1,0,0,0,0,0,0,0,0,0,0,0,1,1
12.9172787,77.5735724,1,Jayanagara,120.05027218333333,0,0,0,0,0,1,0,0,1,0,0,0,0,0,0,0,0,0,0,0,0,0,0,1,0,0,0,1
12.9368467,77.60281,3,Mico Layout,138.55823835,0,0,0,0,0,1,0,0,0,0,1,0,0,0,0,0,0,0,0,0,0,0,0,0,1,0,0,1
12.889236,77.563721,1,Thalagattapura,134.26716558333334,0,0,0,0,0,1,0,0,1,0,0,0,0,0,0,0,0,0,0,0,0,0,0,1,0,0,0,2
13.0394053,77.5184935,3,Peenya,72.97621806666666,0,0,0,0,0,1,0,0,0,0,0,1,0,0,0,0,0,0,0,0,0,0,0,0,0,1,0,1
13.0412569,77.5167989,3,Peenya,8.114047366666666,0,0,0,0,0,1,0,0,0,0,0,1,0,0,0,0,0,0,0,0,0,0,0,0,0,1,0,1
12.9616882,77.5842053,3,Halasuru Gate,47.98083691666667,0,0,0,0,0,1,0,0,0,0,0,0,1,0,0,0,0,0,1,0,0,0,0,0,0,0,0,1
13.0023047,77.6121721,1,Pulikeshinagar(F.Town),180.0,0,0,0,0,0,1,0,0,1,0,0,0,0,0,0,0,0,0,0,0,0,1,0,0,0,0,0,1
12.9740557,77.5662098,3,Magadi Road,69.5421518,0,0,1,0,0,0,1,0,0,0,0,0,0,0,0,0,0,0,1,0,0,0,0,0,0,0,0,1
13.2483559,77.7156178,1,Devanahalli Airport,169.65439013333335,0,0,0,0,0,1,0,0,0,0,1,0,0,0,0,0,0,0,0,0,0,0,0,0,0,0,0,1
12.9992699,77.5715185,1,Malleshwaram,10.773114516666668,0,0,1,0,0,0,1,0,0,0,0,0,0,0,0,0,0,0,1,0,0,0,0,0,0,0,0,1
12.9633292,77.5672813,3,Chamarajpet,123.08305435000001,0,0,0,0,0,1,0,0,0,0,0,1,0,0,0,0,0,0,1,0,0,0,0,0,0,0,0,1
13.0079571,77.6930806,1,K.R. Pura,31.247457216666664,0,0,0,0,0,1,0,0,0,0,0,0,1,0,0,0,0,0,0,0,1,0,0,0,0,0,0,1
13.0143881,77.5847013,3,Sadashivanagar,168.3757208,0,0,0,0,0,1,0,0,0,0,0,0,0,0,1,0,0,0,0,0,0,0,0,0,0,0,1,1
12.9561053,77.5857608,1,City Market,160.71858054999998,0,0,0,0,0,1,0,0,1,0,0,0,0,0,0,0,0,0,1,0,0,0,0,0,0,0,0,1
12.9828272,77.519876,3,Kamakshipalya,145.14515699999998,0,0,0,0,0,1,0,0,1,0,0,0,0,0,0,0,0,0,0,0,0,0,0,0,0,0,1,1
12.934646,77.5127906,3,Jnanabharathi,145.008217,0,0,0,0,0,1,0,0,1,0,0,0,0,0,0,0,0,0,0,0,0,0,0,0,0,1,0,1
12.9879785,77.5777092,1,Sheshadripuram,45.685754933333335,0,0,0,0,0,1,0,0,1,0,0,0,0,0,0,0,0,0,1,0,0,0,0,0,0,0,0,1
12.9879474,77.5776453,1,Sheshadripuram,132.80411575,0,0,0,0,0,1,0,0,1,0,0,0,0,0,0,0,0,0,1,0,0,0,0,0,0,0,0,1
12.916416,77.61213,1,Mico Layout,33.111599733333335,0,0,0,0,0,1,0,0,1,0,0,0,0,0,0,0,0,0,0,0,0,0,0,0,1,0,0,1
12.963228,77.5802106,3,City Market,107.22244468333334,0,0,0,0,0,1,0,0,0,0,0,0,0,0,0,0,1,0,1,0,0,0,0,0,0,0,0,2
12.9548151,77.5916034,1,Wilson Garden,129.90277936666666,0,0,0,0,0,1,0,0,0,1,0,0,0,0,0,0,0,0,1,0,0,0,0,0,0,0,0,1
13.0288967,77.5396608,3,Yeshwanthpura,38.30340338333333,0,0,0,0,0,1,0,0,1,0,0,0,0,0,0,0,0,0,0,0,0,0,0,0,0,1,0,2
12.9527733,77.5413383,3,Byatarayanapura,36.22502158333334,0,0,0,0,0,1,0,0,0,0,0,1,0,0,0,0,0,0,0,0,0,0,0,0,0,0,1,1
13.021064,77.528271,1,Yeshwanthpura,135.64388425,0,0,0,0,0,1,0,0,0,1,0,0,0,0,0,0,0,0,0,0,0,0,0,0,0,1,0,1
12.9947151,77.7178932,1,Mahadevapura,67.44224876666667,0,0,0,0,0,1,0,0,0,0,0,0,0,1,0,0,0,0,0,1,0,0,0,0,0,0,0,1
12.994492,77.5541902,3,Rajajinagar,123.91105641666667,0,0,0,0,0,1,0,0,0,1,0,0,0,0,0,0,0,0,0,0,0,0,0,0,0,0,1,1
12.960184,77.556547,3,Chamarajpet,8.948683866666666,0,0,0,0,0,1,0,0,0,0,0,0,0,1,0,0,0,0,1,0,0,0,0,0,0,0,0,1
13.0161219,77.6613489,3,Banaswadi,108.81123375,0,0,0,0,0,1,0,0,0,1,0,0,0,0,0,0,0,0,0,0,0,1,0,0,0,0,0,1
12.9732529,77.5378244,3,Vijayanagara,32.680638949999995,0,0,0,0,0,1,0,0,1,0,0,0,0,0,0,0,0,0,0,0,0,0,0,0,0,0,1,1
13.0144341,77.5853537,3,R.T. Nagar,83.49164651666666,0,0,0,0,0,1,0,0,1,0,0,0,0,0,0,0,0,0,0,0,0,0,0,0,0,0,1,1
12.9539532,77.5854067,1,Wilson Garden,44.92332695,0,0,0,0,0,1,0,0,1,0,0,0,0,0,0,0,0,0,1,0,0,0,0,0,0,0,0,2
13.0293508,77.5395501,3,Yeshwanthpura,17.107073166666666,0,0,0,0,0,1,0,0,0,0,0,1,0,0,0,0,0,0,0,0,0,0,0,0,0,1,0,1
12.95858962,77.57766366,1,City Market,136.52527501666665,0,0,0,0,0,1,0,0,0,0,0,1,0,0,0,0,0,0,1,0,0,0,0,0,0,0,0,3
12.9279414,77.546384,3,Banashankari,89.23145795,0,0,0,0,0,1,0,0,1,0,0,0,0,0,0,0,0,0,0,0,0,0,0,0,0,1,0,1
13.0101501,77.5907672,1,R.T. Nagar,180.0,0,0,0,0,0,1,0,0,0,1,0,0,0,0,0,0,0,0,0,0,0,0,1,0,0,0,0,1
12.9681003,77.5871811,3,Halasuru Gate,77.87683966666667,0,0,0,0,0,1,0,0,0,0,0,0,1,0,0,0,0,0,1,0,0,0,0,0,0,0,0,1
12.9365201,77.6062317,1,Mico Layout,115.82626488333334,0,1,0,0,0,0,1,0,0,0,0,0,0,0,0,0,0,0,0,0,0,0,0,0,1,0,0,1
12.9665157,77.5872639,3,Halasuru Gate,12.5486632,0,0,0,0,0,1,0,0,1,0,0,0,0,0,0,0,0,0,1,0,0,0,0,0,0,0,0,1
12.984989,77.5723991,1,Sheshadripuram,155.74059221666667,0,0,0,0,0,1,0,0,0,0,1,0,0,0,0,0,0,0,1,0,0,0,0,0,0,0,0,1
12.9742147,77.5662877,3,Magadi Road,1.7318844333333334,0,0,1,0,0,0,1,0,0,0,0,0,0,0,0,0,0,0,1,0,0,0,0,0,0,0,0,1
12.9741263,77.5662671,3,Magadi Road,124.45318316666666,0,0,1,0,0,0,1,0,0,0,0,0,0,0,0,0,0,0,1,0,0,0,0,0,0,0,0,1
12.9628997,77.566492,3,Chamarajpet,9.021378633333335,0,0,0,0,0,1,0,0,0,0,0,1,0,0,0,0,0,0,1,0,0,0,0,0,0,0,0,1
13.0083617,77.5544889,1,Malleshwaram,78.58230435,0,0,0,0,0,1,0,0,0,0,1,0,0,0,0,0,0,0,0,0,0,0,0,0,0,1,0,1
13.0294624,77.5401998,3,Yeshwanthpura,9.170079249999999,0,0,0,0,0,1,0,0,0,0,0,0,0,0,0,0,1,0,0,0,0,0,0,0,0,1,0,2
12.9516353,77.5736202,1,V.V.Puram (C.Pet),56.82622008333333,1,0,0,0,0,0,1,0,0,0,0,0,0,0,0,0,0,0,1,0,0,0,0,0,0,0,0,1
13.0447508,77.5080589,3,Peenya,63.1243505,0,0,0,0,0,1,0,0,0,0,0,0,1,0,0,0,0,0,0,0,0,0,0,0,0,1,0,1
12.9604469,77.5718749,1,V.V.Puram (C.Pet),171.34869231666667,0,0,0,0,0,1,0,0,0,0,0,0,0,0,0,0,1,0,1,0,0,0,0,0,0,0,0,1
12.9820572,77.5972291,3,Shivajinagar,146.68214913333335,0,0,0,0,0,1,0,0,0,1,0,0,0,0,0,0,0,0,1,0,0,0,0,0,0,0,0,1
12.9820633,77.5971534,3,Shivajinagar,143.1417883,0,0,0,0,0,1,0,0,0,1,0,0,0,0,0,0,0,0,1,0,0,0,0,0,0,0,0,1
12.9455854,77.5963095,1,Wilson Garden,47.84910341666667,0,0,0,0,0,1,0,0,1,0,0,0,0,0,0,0,0,0,1,0,0,0,0,0,0,0,0,1
12.9652268,77.5998212,3,Ashok Nagar,50.35936076666667,0,0,0,0,0,1,0,0,0,1,0,0,0,0,0,0,0,1,0,0,0,0,0,0,0,0,0,1
13.040933,77.5889853,3,Kodigehalli,7.1787815833333335,0,0,0,0,0,1,0,0,0,1,0,0,0,0,0,0,0,0,0,0,0,0,1,0,0,0,0,1
12.9756519,77.5875113,1,Halasuru Gate,140.22226168333333,0,0,0,0,0,1,0,0,1,0,0,0,0,0,0,0,0,0,1,0,0,0,0,0,0,0,0,2
12.9675704,77.5908526,3,Halasuru Gate,162.40540199999998,0,0,0,0,0,1,0,0,0,0,0,0,1,0,0,0,0,0,1,0,0,0,0,0,0,0,0,2
13.0289016,77.6315651,3,K.G. Halli,91.12731314999999,0,0,0,0,0,1,0,0,0,0,0,0,0,0,0,1,0,0,0,0,0,1,0,0,0,0,0,1
12.9252572,77.5500381,3,Banashankari,163.84074701666665,0,0,0,0,0,1,0,0,0,1,0,0,0,0,0,0,0,0,0,0,0,0,0,0,0,1,0,2
13.0281865,77.6319623,3,K.G. Halli,158.64708854999998,0,0,0,0,0,1,0,0,0,0,0,0,1,0,0,0,0,0,0,0,0,1,0,0,0,0,0,1
12.8368895,77.6788445,1,Electronic City,89.56093413333333,1,0,0,0,0,0,1,0,0,0,0,0,0,0,0,0,0,0,0,0,0,0,0,0,0,0,0,1
13.0437178,77.5535654,3,Jalahalli,137.8856218,0,0,0,0,0,1,0,0,0,1,0,0,0,0,0,0,0,0,0,0,0,0,1,0,0,0,0,1
13.0143477,77.5836474,3,Sadashivanagar,118.03214865,0,0,0,0,0,1,0,0,1,0,0,0,0,0,0,0,0,0,0,0,0,0,0,0,0,0,1,2
12.9918751,77.7157142,1,Mahadevapura,128.43898888333334,0,0,0,0,0,1,0,0,0,0,0,1,0,0,0,0,0,0,0,1,0,0,0,0,0,0,0,1
12.936683,77.6051806,1,Mico Layout,73.55559968333334,0,0,0,0,0,1,0,0,1,0,0,0,0,0,0,0,0,0,0,0,0,0,0,0,1,0,0,1
12.9774528,77.5988098,3,Cubbon Park,180.0,0,0,0,0,0,1,0,0,1,0,0,0,0,0,0,0,0,0,1,0,0,0,0,0,0,0,0,1
12.9345733,77.612245,3,Adugodi,117.19740893333332,0,0,0,0,0,1,0,0,0,1,0,0,0,0,0,0,0,0,0,0,0,0,0,0,1,0,0,1
12.8888474,77.6392114,3,Hulimavu,57.670317733333334,0,0,0,0,0,1,0,0,0,0,0,0,0,0,0,0,1,0,0,0,0,0,0,0,1,0,0,1
13.0082802,77.5710892,1,Malleshwaram,136.49039013333334,0,0,0,0,0,1,0,0,0,0,0,0,0,0,1,0,0,0,0,0,0,0,0,0,0,0,1,1
13.0420994,77.5156627,3,Chikkabanavara,157.40305885,0,0,0,0,0,1,0,0,0,0,0,0,0,0,0,1,0,0,0,0,0,0,1,0,0,0,0,1
12.9199275,77.6210883,3,Madiwala,40.683018700000005,0,0,0,0,0,1,0,0,0,0,0,0,1,0,0,0,0,0,0,0,0,0,0,0,1,0,0,1
13.1000263,77.589459,1,Yelahanka,163.38131596666665,0,0,0,0,0,1,0,0,0,1,0,0,0,0,0,0,0,0,0,0,0,0,1,0,0,0,0,1
13.0453642,77.5080402,3,Chikkabanavara,163.78594441666667,0,0,0,0,0,1,0,0,0,0,1,0,0,0,0,0,0,0,0,0,0,0,1,0,0,0,0,1
13.0454727,77.5081075,3,Chikkabanavara,161.17811590000002,0,0,0,0,0,1,0,0,0,0,1,0,0,0,0,0,0,0,0,0,0,0,1,0,0,0,0,1
12.98766251,77.73536198,1,Mahadevapura,123.0091829,0,0,0,0,0,1,0,0,0,0,0,1,0,0,0,0,0,0,0,1,0,0,0,0,0,0,0,1
12.9809935,77.7517739,1,Whitefield,142.03601895,0,0,0,0,0,1,0,0,0,0,0,0,0,1,0,0,0,0,0,1,0,0,0,0,0,0,0,2
12.9061826,77.5734235,3,J.P. Nagar,120.77705008333334,0,0,0,0,0,1,0,0,0,1,0,0,0,0,0,0,0,0,0,0,0,0,0,0,1,0,0,1
12.9060873,77.5733247,3,J.P. Nagar,177.08912815,0,0,0,0,0,1,0,0,0,1,0,0,0,0,0,0,0,0,0,0,0,0,0,0,1,0,0,1
13.010793,77.5835811,3,Sadashivanagar,8.499521283333333,0,0,0,0,0,1,0,0,0,1,0,0,0,0,0,0,0,0,0,0,0,0,0,0,0,0,1,1
12.8922964,77.6379726,3,HSR Layout,82.19107026666667,1,0,0,0,0,0,1,0,0,0,0,0,0,0,0,0,0,0,0,0,0,0,0,0,1,0,0,3
12.9841642,77.59721,3,Shivajinagar,124.61801335,0,0,0,0,0,1,0,0,1,0,0,0,0,0,0,0,0,0,1,0,0,0,0,0,0,0,0,1
12.8795839,77.5955709,3,Hulimavu,50.30348728333333,0,0,0,0,0,1,0,0,1,0,0,0,0,0,0,0,0,0,0,0,0,0,0,0,1,0,0,1
12.9589692,77.5553342,3,Magadi Road,147.61036021666666,0,0,0,0,0,1,0,0,0,0,0,0,0,1,0,0,0,0,1,0,0,0,0,0,0,0,0,1
12.9590142,77.5553685,3,Chamarajpet,42.29887403333333,0,0,0,0,0,1,0,0,0,0,0,0,0,1,0,0,0,0,1,0,0,0,0,0,0,0,0,1
12.9498102,77.5960911,1,Wilson Garden,168.61558243333332,0,0,0,0,0,1,0,0,0,0,0,1,0,0,0,0,0,0,0,0,0,0,0,0,0,0,0,1
12.9588919,77.5553306,3,Chamarajpet,41.14270663333333,0,0,0,0,0,1,0,0,0,0,0,0,0,1,0,0,0,0,1,0,0,0,0,0,0,0,0,1
13.0765808,77.5927873,3,Yelahanka,16.90388255,1,0,0,0,0,0,1,0,0,0,0,0,0,0,0,0,0,0,0,0,0,1,0,0,0,0,0,1
12.8980191,77.6002747,3,Mico Layout,163.04438845,0,0,0,0,0,1,0,0,1,0,0,0,0,0,0,0,0,0,0,0,0,0,0,0,1,0,0,2
12.9528883,77.5414517,3,Byatarayanapura,2.1127926833333333,0,0,0,0,0,1,0,0,0,0,0,0,0,0,1,0,0,0,0,0,0,0,0,0,0,0,1,1
12.9815264,77.5752013,1,High ground,25.603124516666664,0,0,0,0,0,1,0,0,1,0,0,0,0,0,0,0,0,0,1,0,0,0,0,0,0,0,0,1
13.057388,77.5465627,1,Jalahalli,129.3780371,0,0,0,0,0,1,0,0,0,0,0,0,1,0,0,0,0,0,0,0,0,1,0,0,0,0,0,1
12.9558783,77.692525,3,HAL Old Airport,120.0,0,0,0,1,0,0,1,0,0,0,0,0,0,0,0,0,0,0,0,1,0,0,0,0,0,0,0,1
12.9568334,77.5746789,1,V.V.Puram (C.Pet),121.22266583333334,0,0,0,0,0,1,0,0,1,0,0,0,0,0,0,0,0,0,1,0,0,0,0,0,0,0,0,1
12.9284294,77.6814336,3,Bellandur,165.96417948333334,0,0,0,0,0,1,0,0,1,0,0,0,0,0,0,0,0,0,0,1,0,0,0,0,0,0,0,1
12.9359141,77.6008275,3,Wilson Garden,21.371302766666666,0,0,0,0,0,1,0,0,1,0,0,0,0,0,0,0,0,0,1,0,0,0,0,0,0,0,0,1
12.9637222,77.5846793,3,Halasuru Gate,12.958737216666666,0,0,0,0,0,1,0,0,1,0,0,0,0,0,0,0,0,0,1,0,0,0,0,0,0,0,0,1
13.0157188,77.563033,3,Sadashivanagar,124.06265473333333,0,0,0,0,0,1,0,0,0,0,0,1,0,0,0,0,0,0,0,0,0,0,0,0,0,0,1,1
12.9724455,77.5936605,3,Cubbon Park,35.96668218333333,0,0,0,0,0,1,0,0,0,0,0,0,0,0,1,0,0,0,1,0,0,0,0,0,0,0,0,1
12.9725022,77.5936911,3,Cubbon Park,3.5082734833333333,0,0,0,0,0,1,0,0,0,0,0,0,0,0,0,1,0,0,1,0,0,0,0,0,0,0,0,1
13.0952871,77.5943675,3,Yelahanka,6.02780025,0,0,0,0,0,1,0,0,0,0,0,0,0,0,0,0,1,0,0,0,0,0,1,0,0,0,0,1
13.0146867,77.58517,3,R.T. Nagar,5.650573433333333,0,0,0,0,0,1,0,0,0,1,0,0,0,0,0,0,0,0,0,0,0,0,1,0,0,0,0,1
12.9859421,77.6480899,3,Jeevanbheemanagar,125.89788398333333,0,0,0,0,0,1,0,0,1,0,0,0,0,0,0,0,0,1,0,0,0,0,0,0,0,0,0,1
12.9877802,77.7350381,1,Mahadevapura,163.35435521666668,0,0,0,0,0,1,0,0,0,0,0,1,0,0,0,0,0,0,0,1,0,0,0,0,0,0,0,1
13.1191883,77.60914,3,Yelahanka,121.17732478333333,0,0,0,0,0,1,0,0,0,1,0,0,0,0,0,0,0,0,0,0,0,0,1,0,0,0,0,1
13.0541636,77.5935409,3,Kodigehalli,167.0544247,0,0,0,0,0,1,0,0,0,1,0,0,0,0,0,0,0,0,0,0,0,1,0,0,0,0,0,1
12.9637407,77.5846591,3,Halasuru Gate,180.0,0,0,0,0,0,1,0,0,1,0,0,0,0,0,0,0,0,0,1,0,0,0,0,0,0,0,0,1
13.0546133,77.59366,3,Kodigehalli,160.16663191666666,0,0,0,0,0,1,0,0,0,0,0,0,1,0,0,0,0,0,0,0,0,1,0,0,0,0,0,2
12.943615,77.5722,1,Basavanagudi,139.47240165,0,0,0,0,0,1,0,0,0,0,0,0,1,0,0,0,0,0,0,0,0,0,0,0,0,0,1,2
12.9918486,77.6591136,3,Banaswadi,176.80525776666667,0,0,0,0,0,1,0,0,0,0,0,1,0,0,0,0,0,1,0,0,0,0,0,0,0,0,0,1
13.0395192,77.5182462,3,Peenya,168.5875345,0,0,0,0,0,1,0,0,1,0,0,0,0,0,0,0,0,0,0,0,0,0,0,0,0,1,0,1
13.0083456,77.6959659,1,K.R. Pura,59.64439023333333,0,0,0,0,0,1,0,0,0,0,0,0,0,1,0,0,0,0,0,0,1,0,0,0,0,0,0,1
12.96679155,77.60939692,3,Ashok Nagar,84.11547251666666,1,0,0,0,0,0,1,0,0,0,0,0,0,0,0,0,0,1,0,0,0,0,0,0,0,0,0,1
12.9677557,77.5681385,1,Chamarajpet,180.0,0,0,0,0,0,1,0,0,0,0,0,0,0,1,0,0,0,0,1,0,0,0,0,0,0,0,0,1
13.1230403,77.6109185,3,Yelahanka,88.16218269999999,1,0,0,0,0,0,1,0,0,0,0,0,0,0,0,0,0,0,0,0,0,0,1,0,0,0,0,1
12.93805,77.52145,3,Byatarayanapura,65.5505978,0,0,0,0,0,1,0,0,0,1,0,0,0,0,0,0,0,0,0,0,0,0,0,0,0,1,0,1
12.9663838,77.6246368,1,Halasur,37.04358068333333,0,0,0,0,0,1,0,0,0,0,0,1,0,0,0,0,0,1,0,0,0,0,0,0,0,0,0,1
12.9382284,77.5214813,3,Byatarayanapura,53.44621763333334,0,0,0,0,0,1,0,0,0,1,0,0,0,0,0,0,0,0,0,0,0,0,0,0,0,1,0,1
13.0157237,77.5722666,1,Sadashivanagar,35.53757406666667,0,0,0,0,0,1,0,0,0,0,0,0,0,0,1,0,0,0,0,0,0,0,0,0,0,0,1,2
12.9635997,77.5893711,1,Halasuru Gate,14.661843316666667,0,0,0,0,0,1,0,0,0,0,0,0,0,0,1,0,0,0,1,0,0,0,0,0,0,0,0,1
12.9556817,77.7184743,3,Whitefield,11.872288033333332,0,0,0,0,0,1,0,0,1,0,0,0,0,0,0,0,0,0,0,1,0,0,0,0,0,0,0,2
12.9747267,77.6196317,3,Halasur,84.41191578333334,0,0,0,0,0,1,0,0,0,0,1,0,0,0,0,0,0,0,1,0,0,0,0,0,0,0,0,1
12.988367,77.5502535,3,Rajajinagar,178.63989003333333,0,0,0,0,0,1,0,0,0,0,1,0,0,0,0,0,0,0,0,0,0,0,0,0,0,0,1,1
12.985489,77.753092,1,Mahadevapura,177.85222283333331,0,0,0,0,0,1,0,0,1,0,0,0,0,0,0,0,0,0,0,1,0,0,0,0,0,0,0,2
12.9667149,77.6086362,3,Ashok Nagar,157.19085994999998,0,0,0,0,0,1,0,0,0,0,0,0,0,0,1,0,0,1,0,0,0,0,0,0,0,0,0,1
13.0089306,77.5912608,1,R.T. Nagar,180.0,0,0,0,0,0,1,0,0,0,0,0,1,0,0,0,0,0,0,0,0,0,0,0,0,0,0,1,1
13.0414598,77.5166911,3,Peenya,75.90797793333333,1,0,0,0,0,0,1,0,0,0,0,0,0,0,0,0,0,0,0,0,0,0,0,0,0,1,0,3
12.9062721,77.5732899,3,J.P. Nagar,166.31065178333336,0,0,0,0,0,1,0,0,0,0,0,0,0,0,1,0,0,0,0,0,0,0,0,0,1,0,0,2
12.9133942,77.6001199,3,Mico Layout,13.843773283333332,0,0,0,0,0,1,0,0,1,0,0,0,0,0,0,0,0,0,0,0,0,0,0,0,1,0,0,1
12.9814934,77.6085237,3,Shivajinagar,55.216074733333336,0,0,0,0,0,1,0,0,0,0,0,0,0,0,1,0,0,0,1,0,0,0,0,0,0,0,0,1
12.9649768,77.6415138,3,Jeevanbheemanagar,167.38519428333333,0,0,0,0,0,1,0,0,0,1,0,0,0,0,0,0,0,1,0,0,0,0,0,0,0,0,0,1
12.9267084,77.577034,1,Banashankari,53.0065693,0,0,0,0,1,0,1,0,0,0,0,0,0,0,0,0,0,0,0,0,0,0,0,0,0,0,1,1
12.9349261,77.5111621,3,Jnanabharathi,162.72031126666667,0,0,0,0,0,1,0,0,0,0,1,0,0,0,0,0,0,0,0,0,0,0,0,0,0,1,0,1
13.019798,77.6528824,3,Banaswadi,109.08034831666667,0,0,0,0,0,1,0,0,0,1,0,0,0,0,0,0,0,0,0,0,0,1,0,0,0,0,0,1
12.979793,77.56429959,1,Magadi Road,123.46972876666668,0,0,0,0,0,1,0,0,0,0,0,0,0,1,0,0,0,0,1,0,0,0,0,0,0,0,0,2
12.9554213,77.5455819,3,Byatarayanapura,122.26165436666666,0,0,0,0,0,1,0,0,0,0,0,0,0,0,1,0,0,0,0,0,0,0,0,0,0,0,1,1
13.0708042,77.5928709,3,Kodigehalli,166.85512791666667,0,0,0,0,0,1,0,0,0,0,0,1,0,0,0,0,0,0,0,0,0,1,0,0,0,0,0,1
12.9383345,77.5213458,3,Byatarayanapura,172.75565326666668,0,0,0,0,0,1,0,0,0,1,0,0,0,0,0,0,0,0,0,0,0,0,0,0,0,1,0,1
13.020954,77.5523526,3,Yeshwanthpura,20.733621333333335,0,0,0,0,0,1,0,0,0,0,0,1,0,0,0,0,0,0,0,0,0,0,0,0,0,1,0,1
12.9636302,77.5814835,3,Halasuru Gate,164.89273703333336,0,0,0,0,0,1,0,0,1,0,0,0,0,0,0,0,0,0,1,0,0,0,0,0,0,0,0,1
12.9089987,77.6005365,3,Mico Layout,180.0,0,0,0,0,0,1,0,0,0,1,0,0,0,0,0,0,0,0,0,0,0,0,0,0,1,0,0,2
12.9432514,77.5259362,3,Byatarayanapura,152.38275836666665,0,0,0,0,0,1,0,0,1,0,0,0,0,0,0,0,0,0,0,0,0,0,0,0,0,1,0,1
13.0065611,77.5789749,1,Sadashivanagar,38.57169646666667,0,0,0,0,0,1,0,0,0,0,0,0,0,0,1,0,0,0,0,0,0,0,0,0,0,0,1,2
12.9593713,77.5039086,1,Jnanabharathi,126.57974221666667,0,0,0,0,0,1,0,0,1,0,0,0,0,0,0,0,0,0,0,0,0,0,0,0,0,1,0,2
12.93859975,77.57933491,1,Basavanagudi,18.1937805,1,0,0,0,0,0,1,0,0,0,0,0,0,0,0,0,0,0,1,0,0,0,0,0,0,0,0,1
12.9531342,77.5388561,3,Byatarayanapura,30.792283566666665,0,0,0,0,0,1,0,0,0,0,1,0,0,0,0,0,0,0,0,0,0,0,0,0,0,0,1,1
12.9416075,77.6087435,3,Adugodi,2.026038183333333,1,0,0,0,0,0,1,0,0,0,0,0,0,0,0,0,0,0,0,0,0,0,0,0,1,0,0,3
13.0726796,77.5926219,3,Yelahanka,135.96481235,0,0,0,0,0,1,0,0,0,0,0,0,1,0,0,0,0,0,0,0,0,1,0,0,0,0,0,2
12.9793695,77.603922,3,Shivajinagar,141.74985708333332,0,0,0,0,0,1,0,0,1,0,0,0,0,0,0,0,0,0,1,0,0,0,0,0,0,0,0,1
13.0051146,77.5489802,3,Malleshwaram,120.45230875,0,0,0,0,0,1,0,0,0,1,0,0,0,0,0,0,0,0,0,0,0,0,0,0,0,1,0,1
13.0421078,77.515141,3,Peenya,44.7709926,0,0,0,0,0,1,0,0,0,1,0,0,0,0,0,0,0,0,0,0,0,0,0,0,0,1,0,1
12.9706591,77.6040423,3,Cubbon Park,124.83607693333333,0,0,0,0,0,1,0,0,1,0,0,0,0,0,0,0,0,1,0,0,0,0,0,0,0,0,0,1
12.9706503,77.6040613,3,Cubbon Park,123.05873296666667,0,0,0,0,0,1,0,0,1,0,0,0,0,0,0,0,0,1,0,0,0,0,0,0,0,0,0,1
12.9720302,77.5829963,1,Halasuru Gate,162.43027429999998,0,0,0,0,0,1,0,0,0,0,0,0,0,1,0,0,0,0,1,0,0,0,0,0,0,0,0,1
13.0944083,77.5972898,3,Yelahanka,153.91355209999998,0,0,0,0,0,1,0,0,0,0,0,0,0,0,0,1,0,0,0,0,0,0,1,0,0,0,0,2
12.9557045,77.5459458,3,Byatarayanapura,143.09472845,0,0,0,0,0,1,0,0,0,1,0,0,0,0,0,0,0,0,0,0,0,0,0,0,0,0,1,1
12.9636022,77.5779542,3,City Market,2.852992233333333,0,0,0,0,0,1,0,0,1,0,0,0,0,0,0,0,0,0,1,0,0,0,0,0,0,0,0,1
13.0154387,77.5539593,3,Yeshwanthpura,61.04067213333334,0,0,0,0,0,1,0,0,0,0,1,0,0,0,0,0,0,0,0,0,0,0,0,0,0,1,0,1
13.0303077,77.5370664,3,Yeshwanthpura,17.515266066666666,0,0,0,0,0,1,0,0,0,0,0,0,0,0,0,0,1,0,0,0,0,0,0,0,0,1,0,1
13.0146543,77.5716915,1,Sadashivanagar,139.70616280000002,0,0,0,0,0,1,0,0,0,0,0,0,0,0,1,0,0,0,0,0,0,0,0,0,0,0,1,1
12.9791017,77.603105,3,Shivajinagar,108.22453145,0,0,0,0,0,1,0,0,1,0,0,0,0,0,0,0,0,0,1,0,0,0,0,0,0,0,0,1
12.9583875,77.5547121,3,Chamarajpet,19.045456016666666,0,0,0,0,0,1,0,0,0,0,0,1,0,0,0,0,0,0,1,0,0,0,0,0,0,0,0,1
12.9977505,77.5513344,3,Rajajinagar,167.36949781666667,0,0,0,0,0,1,0,0,0,0,0,0,1,0,0,0,0,0,0,0,0,0,0,0,0,0,1,2
12.9350617,77.6094426,3,Mico Layout,63.30696068333334,0,0,0,0,0,1,0,0,0,0,0,0,1,0,0,0,0,0,0,0,0,0,0,0,1,0,0,1
12.9789759,77.6033105,3,Shivajinagar,159.64140528333334,0,0,0,0,0,1,0,0,1,0,0,0,0,0,0,0,0,0,1,0,0,0,0,0,0,0,0,1
13.0967483,77.5979683,3,Yelahanka,112.42598876666666,1,0,0,0,0,0,1,0,0,0,0,0,0,0,0,0,0,0,0,0,0,0,1,0,0,0,0,1
12.9870264,77.5878455,3,High ground,163.82940081666666,0,0,0,0,0,1,0,0,0,0,0,0,0,1,0,0,0,0,1,0,0,0,0,0,0,0,0,1
12.9713717,77.6195817,3,Halasur,98.99271175,0,0,0,0,0,1,0,0,0,1,0,0,0,0,0,0,0,1,0,0,0,0,0,0,0,0,0,1
12.9051825,77.6017353,3,J.P. Nagar,140.88656285,0,0,0,0,0,1,0,0,0,0,0,0,1,0,0,0,0,0,0,0,0,0,0,1,0,0,0,2
13.0159213,77.5839456,3,Sadashivanagar,140.07932798333334,0,0,0,0,0,1,0,0,0,1,0,0,0,0,0,0,0,0,0,0,0,0,0,0,0,0,1,1
13.0397251,77.5183633,3,Peenya,80.04287316666667,0,0,0,0,0,1,0,0,1,0,0,0,0,0,0,0,0,0,0,0,0,0,0,0,0,1,0,2
12.9878588,77.5499088,3,Vijayanagara,151.36365505,0,0,0,0,0,1,0,0,1,0,0,0,0,0,0,0,0,0,0,0,0,0,0,0,0,0,1,1
12.9651,77.5350967,3,Vijayanagara,52.70662574999999,0,0,0,0,0,1,0,0,1,0,0,0,0,0,0,0,0,0,0,0,0,0,0,0,0,0,1,1
12.9823952,77.5934195,3,Cubbon Park,52.0706338,0,0,0,0,0,1,0,0,0,0,0,0,0,1,0,0,0,0,1,0,0,0,0,0,0,0,0,1
12.9664629,77.6079133,3,Ashok Nagar,14.00793095,0,0,0,0,0,1,0,0,1,0,0,0,0,0,0,0,0,1,0,0,0,0,0,0,0,0,0,1
13.0298049,77.5380274,3,Yeshwanthpura,21.827275766666666,0,0,0,0,0,1,0,0,0,0,1,0,0,0,0,0,0,0,0,0,0,0,0,0,0,1,0,2
12.9544176,77.5441588,3,Byatarayanapura,153.07079825,0,0,0,0,0,1,0,0,0,0,1,0,0,0,0,0,0,0,0,0,0,0,0,0,0,0,1,1
12.9541233,77.5438833,3,Byatarayanapura,32.07267888333333,0,0,0,0,0,1,0,0,0,1,0,0,0,0,0,0,0,0,0,0,0,0,0,0,0,0,1,1
13.0942833,77.5973317,3,Yelahanka,121.09554201666667,0,0,0,0,0,1,0,0,0,0,0,0,0,0,0,1,0,0,0,0,0,0,1,0,0,0,0,1
13.0568566,77.5469399,1,Jalahalli,4.56995985,0,0,0,0,0,1,0,0,1,0,0,0,0,0,0,0,0,0,0,0,0,1,0,0,0,0,0,1
12.9120234,77.5858065,1,J.P. Nagar,125.36280579999999,0,0,0,0,0,1,0,0,1,0,0,0,0,0,0,0,0,0,0,0,0,0,0,1,0,0,0,1
12.9120367,77.5858317,1,J.P. Nagar,121.80833095,0,0,0,0,0,1,0,0,1,0,0,0,0,0,0,0,0,0,0,0,0,0,0,1,0,0,0,1
12.91192,77.5857333,1,J.P. Nagar,174.43222916666667,0,0,0,0,0,1,0,0,1,0,0,0,0,0,0,0,0,0,0,0,0,0,0,1,0,0,0,1
12.9760128,77.5645174,3,Magadi Road,12.483802816666667,0,0,0,0,0,1,0,0,0,0,0,0,1,0,0,0,0,0,1,0,0,0,0,0,0,0,0,1
13.0018733,77.570975,1,Malleshwaram,48.5762086,0,0,1,0,0,0,1,0,0,0,0,0,0,0,0,0,0,0,0,0,0,0,0,0,0,0,1,1
12.9877553,77.520629,3,Kamakshipalya,111.84865853333334,0,0,0,0,0,1,0,0,1,0,0,0,0,0,0,0,0,0,0,0,0,0,0,0,0,1,0,1
12.9202022,77.6516834,1,HSR Layout,88.68890865,1,0,0,0,0,0,1,0,0,0,0,0,0,0,0,0,0,0,0,0,0,0,0,0,1,0,0,1
12.9869466,77.5191472,3,Kamakshipalya,30.268775783333336,0,0,0,0,0,1,0,0,0,1,0,0,0,0,0,0,0,0,0,0,0,0,0,0,0,1,0,1
12.9728301,77.5638724,3,Magadi Road,126.96929298333333,0,0,0,0,0,1,0,0,0,1,0,0,0,0,0,0,0,0,1,0,0,0,0,0,0,0,0,1
12.9826741,77.5679644,1,Sheshadripuram,69.81026415,0,0,0,0,0,1,0,0,0,1,0,0,0,0,0,0,0,0,1,0,0,0,0,0,0,0,0,1
12.9711311,77.6187963,3,Halasur,163.9521375,0,0,0,0,0,1,0,0,1,0,0,0,0,0,0,0,0,1,0,0,0,0,0,0,0,0,0,1
12.9832349,77.5970194,3,Cubbon Park,4.189382716666667,0,0,0,1,0,0,1,0,0,0,0,0,0,0,0,0,0,0,1,0,0,0,0,0,0,0,0,1
12.9882218,77.5875527,3,High ground,125.89459648333333,0,0,0,0,0,1,0,0,0,0,0,0,1,0,0,0,0,0,1,0,0,0,0,0,0,0,0,1
12.9725137,77.5817252,1,Halasuru Gate,42.39773146666666,0,0,0,0,0,1,0,0,1,0,0,0,0,0,0,0,0,0,1,0,0,0,0,0,0,0,0,1
12.9635304,77.5842367,3,Halasuru Gate,140.221396,0,0,0,0,0,1,0,0,0,0,0,0,0,1,0,0,0,0,1,0,0,0,0,0,0,0,0,1
12.9247699,77.5508489,3,Banashankari,38.30005405,0,0,0,0,0,1,0,0,0,1,0,0,0,0,0,0,0,0,0,0,0,0,0,0,0,1,0,1
12.9851151,77.5747389,1,Sheshadripuram,121.2757103,0,0,0,0,0,1,0,0,1,0,0,0,0,0,0,0,0,0,1,0,0,0,0,0,0,0,0,1
13.0327012,77.5326024,3,Yeshwanthpura,20.337637716666666,1,0,0,0,0,0,1,0,0,0,0,0,0,0,0,0,0,0,0,0,0,0,0,0,0,1,0,3
12.9256633,77.617345,3,Madiwala,49.44120266666666,0,0,0,0,0,1,0,0,0,0,0,1,0,0,0,0,0,0,0,0,0,0,0,0,1,0,0,1
12.9710733,77.59719,3,Cubbon Park,174.37635135,0,0,0,0,0,1,0,0,0,1,0,0,0,0,0,0,0,1,0,0,0,0,0,0,0,0,0,2
12.97569092,77.55547597,3,Magadi Road,166.27529448333334,0,0,0,0,0,1,0,0,0,0,0,1,0,0,0,0,0,0,1,0,0,0,0,0,0,0,0,1
12.9883739,77.5869444,3,High ground,146.24118833333333,0,0,0,0,0,1,0,0,0,1,0,0,0,0,0,0,0,0,1,0,0,0,0,0,0,0,0,1
13.0441432,77.5568589,3,Jalahalli,140.78864033333332,0,0,0,0,0,1,0,0,1,0,0,0,0,0,0,0,0,0,0,0,0,0,1,0,0,0,0,2
13.0991774,77.5973094,3,Yelahanka,69.21877518333334,0,0,0,0,0,1,0,0,1,0,0,0,0,0,0,0,0,0,0,0,0,0,1,0,0,0,0,1
12.9933885,77.574254,1,Sheshadripuram,30.86997373333333,0,0,0,0,0,1,0,0,0,0,0,0,1,0,0,0,0,0,1,0,0,0,0,0,0,0,0,2
13.0066075,77.5930196,1,R.T. Nagar,172.48013518333335,0,0,0,0,0,1,0,0,1,0,0,0,0,0,0,0,0,0,0,0,0,0,1,0,0,0,0,1
13.0288242,77.6313872,3,K.G. Halli,107.1355658,0,0,0,0,0,1,0,0,0,1,0,0,0,0,0,0,0,0,0,0,0,1,0,0,0,0,0,1
12.99892,77.5410733,1,Vijayanagara,144.85220858333332,0,0,0,0,0,1,0,0,1,0,0,0,0,0,0,0,0,0,0,0,0,0,0,0,0,0,1,1
13.0977513,77.5990296,3,Yelahanka,163.64356933333332,0,0,0,0,0,1,0,0,0,0,0,0,0,0,0,1,0,0,0,0,0,0,1,0,0,0,0,2
12.9539526,77.500882,1,Jnanabharathi,52.883968483333334,0,0,0,0,0,1,0,0,1,0,0,0,0,0,0,0,0,0,0,0,0,0,0,0,0,1,0,1
12.9255946,77.6002508,3,Jayanagara,135.95545133333334,0,0,0,0,0,1,0,0,0,0,0,0,1,0,0,0,0,0,0,0,0,0,0,1,0,0,0,1
12.9733973,77.6111281,3,Ashok Nagar,65.14124903333332,0,0,0,0,0,1,0,0,1,0,0,0,0,0,0,0,0,1,0,0,0,0,0,0,0,0,0,1
12.9738552,77.6231945,3,Halasur,177.35563723333334,0,0,0,0,0,1,0,0,0,1,0,0,0,0,0,0,0,0,1,0,0,0,0,0,0,0,0,1
13.0403108,77.5185455,3,Chikkabanavara,160.55341181666665,0,0,0,0,0,1,0,0,0,0,0,1,0,0,0,0,0,0,0,0,0,0,1,0,0,0,0,1
12.9840518,77.5747623,1,Sheshadripuram,37.56076245,0,0,0,0,0,1,0,0,1,0,0,0,0,0,0,0,0,0,1,0,0,0,0,0,0,0,0,2
12.93285285,77.51630304,1,Kengeri,67.65367151666666,0,0,0,0,0,1,0,0,1,0,0,0,0,0,0,0,0,0,0,0,0,0,0,0,0,1,0,1
12.9894791,77.5733221,1,Sheshadripuram,138.15283305,0,0,0,0,0,1,0,0,1,0,0,0,0,0,0,0,0,0,1,0,0,0,0,0,0,0,0,1
12.9344827,77.6296614,1,Adugodi,33.47803065,0,0,0,0,0,1,0,0,1,0,0,0,0,0,0,0,0,0,0,0,0,0,0,0,1,0,0,1
12.9560905,77.6056897,3,Ashok Nagar,113.5855103,0,0,0,0,0,1,0,0,0,1,0,0,0,0,0,0,0,1,0,0,0,0,0,0,0,0,0,1
12.9666312,77.6094453,3,Ashok Nagar,30.6651656,0,0,0,1,0,0,1,0,0,0,0,0,0,0,0,0,0,1,0,0,0,0,0,0,0,0,0,1
12.9820066,77.597007,3,Shivajinagar,147.98848438333334,0,0,0,0,0,1,0,0,1,0,0,0,0,0,0,0,0,0,1,0,0,0,0,0,0,0,0,2
12.9819349,77.5969144,3,Cubbon Park,143.96132385,0,0,0,0,0,1,0,0,1,0,0,0,0,0,0,0,0,0,1,0,0,0,0,0,0,0,0,1
12.9863177,77.6451779,3,Banaswadi,151.73685838333333,0,0,0,0,0,1,0,0,0,0,1,0,0,0,0,0,0,1,0,0,0,0,0,0,0,0,0,2
12.9859017,77.6452394,3,Banaswadi,142.50035986666666,0,0,0,0,0,1,0,0,0,0,1,0,0,0,0,0,0,1,0,0,0,0,0,0,0,0,0,2
12.8701219,77.6533122,3,Electronic City,142.53932353333332,0,0,0,0,0,1,0,0,0,1,0,0,0,0,0,0,0,0,0,0,0,0,0,0,1,0,0,1
12.9860725,77.6465962,3,Jeevanbheemanagar,175.92252918333332,0,0,0,0,0,1,0,0,0,0,1,0,0,0,0,0,0,1,0,0,0,0,0,0,0,0,0,2
13.0981321,77.5985547,3,Yelahanka,134.36478903333332,0,0,0,0,0,1,0,0,0,1,0,0,0,0,0,0,0,0,0,0,0,0,1,0,0,0,0,2
12.9574145,77.5522863,3,Chamarajpet,75.1806598,0,0,0,0,0,1,0,0,0,1,0,0,0,0,0,0,0,0,1,0,0,0,0,0,0,0,0,1
12.9531804,77.5416369,3,Byatarayanapura,21.039561,0,0,0,0,0,1,0,0,1,0,0,0,0,0,0,0,0,0,0,0,0,0,0,0,0,0,1,1
13.0455662,77.5069271,3,Chikkabanavara,127.28956968333334,0,0,0,0,0,1,0,0,1,0,0,0,0,0,0,0,0,0,0,0,0,0,1,0,0,0,0,1
12.84074,77.6771133,1,Electronic City,174.48881426666668,0,0,0,0,0,1,0,0,0,1,0,0,0,0,0,0,0,0,0,0,0,0,0,0,0,0,0,1
12.8985555,77.6003855,3,Mico Layout,144.89009798333333,0,0,0,0,0,1,0,0,0,0,0,1,0,0,0,0,0,0,0,0,0,0,0,0,1,0,0,1
12.9003945,77.6007393,3,J.P. Nagar,120.81366808333334,0,0,0,0,0,1,0,0,1,0,0,0,0,0,0,0,0,0,0,0,0,0,0,0,1,0,0,1
13.0555376,77.5969484,1,Hebbala,131.5072629,1,0,0,0,0,0,1,0,0,0,0,0,0,0,0,0,0,0,0,0,0,1,0,0,0,0,0,1
13.0807291,77.5927724,3,Yelahanka,143.40171173333334,0,0,0,0,0,1,0,0,0,1,0,0,0,0,0,0,0,0,0,0,0,1,0,0,0,0,0,1
12.9640714,77.5829587,3,Halasuru Gate,154.52032183333333,0,0,0,0,0,1,0,0,1,0,0,0,0,0,0,0,0,0,1,0,0,0,0,0,0,0,0,1
12.9978812,77.5511379,3,Malleshwaram,166.88246401666666,0,0,0,0,0,1,0,0,0,1,0,0,0,0,0,0,0,0,0,0,0,0,0,0,0,1,0,1
12.9807355,77.57596,1,High ground,150.63168233333332,0,0,0,0,0,1,1,0,0,0,0,0,0,0,0,0,0,0,1,0,0,0,0,0,0,0,0,2
13.0292598,77.5365019,3,Yeshwanthpura,88.48042575,0,0,0,0,0,1,0,0,1,0,0,0,0,0,0,0,0,0,0,0,0,0,0,0,0,1,0,2
13.0250913,77.6413301,3,Banaswadi,166.37714705,0,0,0,0,0,1,0,0,0,1,0,0,0,0,0,0,0,0,0,0,0,1,0,0,0,0,0,1
12.9638034,77.5885757,3,Halasuru Gate,151.46158123333333,0,0,0,0,0,1,0,0,0,0,0,0,0,1,0,0,0,0,1,0,0,0,0,0,0,0,0,1
12.9586094,77.5932265,1,Halasuru Gate,25.391993083333332,0,0,0,0,0,1,0,0,1,0,0,0,0,0,0,0,0,1,0,0,0,0,0,0,0,0,0,1
12.9885033,77.7332003,1,Mahadevapura,126.99442406666667,0,0,0,0,0,1,0,0,1,0,0,0,0,0,0,0,0,0,0,1,0,0,0,0,0,0,0,1
12.9802583,77.5726617,1,Upparpet,152.09387653333334,0,0,0,0,0,1,0,0,1,0,0,0,0,0,0,0,0,0,1,0,0,0,0,0,0,0,0,1
12.9527061,77.6050696,3,Ashok Nagar,151.64785711666667,0,0,0,0,0,1,0,0,0,0,0,0,0,0,1,0,0,1,0,0,0,0,0,0,0,0,0,2
12.9376447,77.5209226,3,Byatarayanapura,118.85913748333334,1,0,0,0,0,0,1,0,0,0,0,0,0,0,0,0,0,0,0,0,0,0,0,0,0,1,0,1
12.9613113,77.5614505,3,Chamarajpet,6.5506378666666665,0,0,0,0,0,1,0,0,0,0,0,0,0,1,0,0,0,0,1,0,0,0,0,0,0,0,0,1
12.9365859,77.5126741,3,Jnanabharathi,157.71049623333334,0,0,0,0,0,1,0,0,0,0,0,1,0,0,0,0,0,0,0,0,0,0,0,0,0,1,0,1
12.9380229,77.5105264,3,Jnanabharathi,136.1289594,0,0,0,0,0,1,0,0,1,0,0,0,0,0,0,0,0,0,0,0,0,0,0,0,0,1,0,1
13.045726,77.5069247,3,Chikkabanavara,158.17438208333334,0,0,0,0,0,1,0,0,0,0,1,0,0,0,0,0,0,0,0,0,0,0,1,0,0,0,0,1
12.9761056,77.6263649,3,Halasur,170.84054473333333,0,0,0,0,0,1,0,0,0,0,0,0,0,0,0,0,1,0,1,0,0,0,0,0,0,0,0,1
13.0080264,77.6922531,1,K.R. Pura,151.93825049999998,0,0,0,0,0,1,0,0,0,0,0,0,0,1,0,0,0,0,0,0,1,0,0,0,0,0,0,2
13.0436448,77.5092261,3,Peenya,39.017603816666664,0,0,0,0,0,1,0,0,0,1,0,0,0,0,0,0,0,0,0,0,0,0,0,0,0,1,0,1
12.9738881,77.5420671,3,Vijayanagara,128.95244051666666,0,0,0,0,0,1,0,0,0,1,0,0,0,0,0,0,0,0,0,0,0,0,0,0,0,0,1,1
13.0314589,77.6305982,3,Hennuru,162.04308600000002,0,0,0,0,0,1,0,0,0,1,0,0,0,0,0,0,0,0,0,0,0,1,0,0,0,0,0,1
13.0409505,77.5175086,3,Chikkabanavara,156.02416256666666,0,0,0,0,0,1,0,0,0,0,1,0,0,0,0,0,0,0,0,0,0,0,1,0,0,0,0,1
13.0150042,77.5642704,3,Sadashivanagar,150.4419216,0,0,0,0,0,1,0,0,1,0,0,0,0,0,0,0,0,0,0,0,0,0,0,0,0,0,1,3
13.01479,77.5637517,3,Yeshwanthpura,84.45260125,0,0,0,0,0,1,0,0,1,0,0,0,0,0,0,0,0,0,0,0,0,0,0,0,0,0,1,3
12.9591875,77.5037389,1,Jnanabharathi,147.46476801666668,0,0,0,0,0,1,0,0,1,0,0,0,0,0,0,0,0,0,0,0,0,0,0,0,0,1,0,1
12.9638691,77.5846174,3,Halasuru Gate,12.8051816,0,0,0,0,0,1,0,0,1,0,0,0,0,0,0,0,0,0,1,0,0,0,0,0,0,0,0,1
12.9173007,77.5858636,1,Jayanagara,179.2089981,0,0,0,0,0,1,0,0,1,0,0,0,0,0,0,0,0,0,0,0,0,0,0,1,0,0,0,1
12.9646758,77.5681699,3,Chamarajpet,158.25353413333332,0,1,0,0,0,0,1,0,0,0,0,0,0,0,0,0,0,0,1,0,0,0,0,0,0,0,0,1
12.9749058,77.565832,3,Magadi Road,98.5958793,0,0,0,0,0,1,0,0,1,0,0,0,0,0,0,0,0,0,1,0,0,0,0,0,0,0,0,2
12.9817152,77.5868776,1,High ground,132.1111907,0,0,0,0,0,1,0,0,1,0,0,0,0,0,0,0,0,0,0,0,0,0,0,0,0,0,0,1
13.0965699,77.593264,1,Yelahanka,125.34882680000001,0,0,0,0,0,1,0,0,1,0,0,0,0,0,0,0,0,0,0,0,0,0,1,0,0,0,0,1
13.0164922,77.5835925,3,Sadashivanagar,142.84608983333334,0,0,0,0,0,1,0,0,0,0,0,0,0,0,1,0,0,0,0,0,0,0,0,0,0,0,1,2
12.9667108,77.6236468,1,Ashok Nagar,130.72570243333334,0,0,0,0,0,1,0,0,0,0,0,0,0,0,0,1,0,1,0,0,0,0,0,0,0,0,0,1
12.977485,77.590915,1,Cubbon Park,64.04493938333333,0,0,0,0,0,1,0,0,1,0,0,0,0,0,0,0,0,0,1,0,0,0,0,0,0,0,0,1
13.0039633,77.5712248,1,Malleshwaram,148.6542203,0,0,0,0,0,1,0,0,0,0,0,0,1,0,0,0,0,0,0,0,0,0,0,0,0,0,1,1
13.0083827,77.6955951,1,K.R. Pura,172.15675583333334,0,0,0,0,0,1,0,0,0,1,0,0,0,0,0,0,0,0,0,0,1,0,0,0,0,0,0,2
12.9887168,77.5988152,1,High ground,173.55240268333333,0,0,0,0,0,1,0,0,1,0,0,0,0,0,0,0,0,0,1,0,0,0,0,0,0,0,0,1
13.1020634,77.5863894,1,Yelahanka,20.333616316666667,0,0,0,0,0,1,0,0,1,0,0,0,0,0,0,0,0,0,0,0,0,0,1,0,0,0,0,1
12.9844301,77.5882441,3,High ground,148.56540223333334,0,0,0,0,0,1,0,0,1,0,0,0,0,0,0,0,0,0,1,0,0,0,0,0,0,0,0,1
12.9843829,77.588159,3,High ground,144.80816251666664,0,0,0,0,0,1,0,0,1,0,0,0,0,0,0,0,0,0,1,0,0,0,0,0,0,0,0,1
12.9251594,77.5502933,3,Banashankari,58.62555233333333,0,0,0,0,0,1,0,0,0,0,0,1,0,0,0,0,0,0,0,0,0,0,0,0,0,1,0,1
13.0189053,77.572703,1,Sadashivanagar,62.50375155,1,0,0,0,0,0,1,0,0,0,0,0,0,0,0,0,0,0,0,0,0,0,0,0,0,0,1,3
13.0082786,77.693702,1,K.R. Pura,160.24646836666668,0,0,0,0,0,1,0,0,0,0,0,1,0,0,0,0,0,0,0,0,1,0,0,0,0,0,0,2
13.0187483,77.5840065,3,Sadashivanagar,138.03925271666668,0,0,0,0,0,1,0,0,0,1,0,0,0,0,0,0,0,0,0,0,0,0,1,0,0,0,0,1
12.9877422,77.5500326,3,Rajajinagar,164.93315681666667,0,0,0,0,0,1,0,0,0,0,0,0,0,0,1,0,0,0,0,0,0,0,0,0,0,0,1,1
13.0034745,77.6186293,3,Pulikeshinagar(F.Town),155.08151744999998,0,0,0,0,0,1,0,0,0,1,0,0,0,0,0,0,0,0,0,0,0,1,0,0,0,0,0,2
13.0217114,77.5515223,3,Yeshwanthpura,10.109160483333334,0,0,0,0,0,1,0,0,0,0,0,0,1,0,0,0,0,0,0,0,0,0,0,0,0,1,0,2
13.0438624,77.5578993,3,Jalahalli,177.15489965,0,0,0,0,0,1,0,0,1,0,0,0,0,0,0,0,0,0,0,0,0,1,0,0,0,0,0,1
12.9928526,77.5712999,1,Malleshwaram,160.9594347,0,0,0,0,0,1,0,0,1,0,0,0,0,0,0,0,0,0,1,0,0,0,0,0,0,0,0,1
12.9932732,77.5714333,1,Sheshadripuram,113.74449883333334,0,0,0,0,0,1,0,0,1,0,0,0,0,0,0,0,0,0,1,0,0,0,0,0,0,0,0,1
13.0408993,77.6175355,3,Hennuru,153.08735653333332,0,0,0,0,0,1,0,0,0,0,0,1,0,0,0,0,0,0,0,0,0,1,0,0,0,0,0,1
12.9582791,77.5541917,3,Magadi Road,146.48002335,0,0,0,0,0,1,0,0,1,0,0,0,0,0,0,0,0,0,1,0,0,0,0,0,0,0,0,1
12.9582294,77.5542396,3,Magadi Road,143.8567924,0,0,0,0,0,1,0,0,1,0,0,0,0,0,0,0,0,0,1,0,0,0,0,0,0,0,0,1
13.0177861,77.5555791,3,Banaswadi,31.181173100000002,0,0,0,0,0,1,0,0,1,0,0,0,0,0,0,0,0,0,0,0,0,0,0,0,0,0,1,1
12.9357695,77.5134563,3,Jnanabharathi,19.299157533333336,0,0,0,0,0,1,0,0,0,0,1,0,0,0,0,0,0,0,0,0,0,0,0,0,0,1,0,1
12.9870791,77.5204831,3,Kamakshipalya,151.4375111,0,0,0,0,0,1,0,0,0,0,0,1,0,0,0,0,0,0,0,0,0,0,0,0,0,1,0,1
13.0850037,77.5944742,3,Yelahanka,73.59852533333333,0,0,0,0,0,1,0,0,0,1,0,0,0,0,0,0,0,0,0,0,0,1,0,0,0,0,0,1
12.9540169,77.6206055,1,Ashok Nagar,143.01837986666666,0,0,0,0,0,1,0,0,1,0,0,0,0,0,0,0,0,1,0,0,0,0,0,0,0,0,0,1
13.080204,77.5924959,3,Yelahanka,78.13917339999999,0,0,0,0,0,1,0,0,0,0,0,0,0,0,0,1,0,0,0,0,0,1,0,0,0,0,0,1
13.0454219,77.5565517,3,Jalahalli,130.95738033333333,0,0,0,0,0,1,0,0,0,0,0,1,0,0,0,0,0,0,0,0,0,1,0,0,0,0,0,2
12.9518426,77.5373142,3,Byatarayanapura,133.03198495,0,0,0,0,0,1,0,0,0,0,0,0,0,1,0,0,0,0,0,0,0,0,0,0,0,0,1,1
12.9730421,77.5811612,1,Upparpet,24.724994433333332,0,0,0,0,0,1,0,0,0,0,0,0,0,0,1,0,0,0,1,0,0,0,0,0,0,0,0,1
12.9576689,77.5530492,3,Chamarajpet,22.789760966666666,0,0,0,0,0,1,0,0,0,1,0,0,0,0,0,0,0,0,1,0,0,0,0,0,0,0,0,1
13.0962042,77.5951723,3,Yelahanka,139.34841416666669,0,0,0,0,0,1,0,0,0,0,0,1,0,0,0,0,0,0,0,0,0,0,1,0,0,0,0,1
12.9756583,77.5353891,1,Vijayanagara,108.28120411666667,1,0,0,0,0,0,1,0,0,0,0,0,0,0,0,0,0,0,0,0,0,0,0,0,0,0,1,3
13.0083753,77.6925957,1,K.R. Pura,32.0253361,0,0,0,0,0,1,0,0,0,0,0,0,0,0,1,0,0,0,0,0,1,0,0,0,0,0,0,1
13.0933167,77.5970884,3,Yelahanka,108.3117811,0,0,0,0,0,1,0,0,0,0,0,1,0,0,0,0,0,0,0,0,0,0,1,0,0,0,0,1
13.0933004,77.5970311,3,Yelahanka,99.97760308333334,0,0,0,0,0,1,0,0,0,1,0,0,0,0,0,0,0,0,0,0,0,0,1,0,0,0,0,1
12.9266558,77.6005895,3,Mico Layout,148.57033151666667,0,0,0,0,0,1,0,0,0,0,0,0,1,0,0,0,0,0,0,0,0,0,0,0,1,0,0,1
13.0391274,77.5199045,3,Peenya,174.75927811666668,0,0,0,0,0,1,0,0,0,0,0,0,0,0,1,0,0,0,0,0,0,0,0,0,0,1,0,2
12.9849478,77.5721899,1,Sheshadripuram,162.60002196666667,0,0,0,0,0,1,0,0,0,0,0,0,0,1,0,0,0,0,1,0,0,0,0,0,0,0,0,2
12.9114476,77.5858614,1,J.P. Nagar,114.12928961666667,0,0,0,0,0,1,0,0,1,0,0,0,0,0,0,0,0,0,0,0,0,0,0,1,0,0,0,1
12.9363567,77.5160267,3,Byatarayanapura,135.42287406666665,0,0,0,0,0,1,0,0,0,1,0,0,0,0,0,0,0,0,0,0,0,0,0,0,0,1,0,1
12.9678355,77.5873773,3,Halasuru Gate,18.165073833333334,0,0,0,0,0,1,0,0,0,0,0,0,0,1,0,0,0,0,1,0,0,0,0,0,0,0,0,1
12.921751,77.6617091,3,Bellandur,34.19999421666667,1,0,0,0,0,0,1,0,0,0,0,0,0,0,0,0,0,0,0,0,0,0,0,0,1,0,0,1
12.9215257,77.661963,3,Bellandur,36.9388623,1,0,0,0,0,0,1,0,0,0,0,0,0,0,0,0,0,0,0,0,0,0,0,0,1,0,0,1
12.9598114,77.5043572,1,Jnanabharathi,39.72012806666667,0,0,0,0,0,1,0,0,1,0,0,0,0,0,0,0,0,0,0,0,0,0,0,0,0,1,0,1
13.1181733,77.6089981,3,Yelahanka,155.49878511666665,0,0,0,0,0,1,0,0,0,0,0,1,0,0,0,0,0,0,0,0,0,0,1,0,0,0,0,1
13.0426306,77.5908214,3,Hebbala,25.16234988333333,0,0,0,0,0,1,0,0,1,0,0,0,0,0,0,0,0,0,0,0,0,1,0,0,0,0,0,1
13.0566142,77.546737,1,Jalahalli,43.97861021666667,0,0,0,0,0,1,0,0,1,0,0,0,0,0,0,0,0,0,0,0,0,0,1,0,0,0,0,1
12.8890533,77.56386,1,Thalagattapura,34.984809266666666,0,0,0,0,0,1,0,0,1,0,0,0,0,0,0,0,0,0,0,0,0,0,0,1,0,0,0,2
12.9293763,77.6162697,3,Adugodi,167.77754506666668,0,0,0,0,0,1,0,0,1,0,0,0,0,0,0,0,0,0,0,0,0,0,0,0,1,0,0,1
13.0933773,77.5956407,3,Yelahanka,9.80724695,0,0,0,0,0,1,0,0,0,0,0,0,0,0,1,0,0,0,0,0,0,0,1,0,0,0,0,1
13.0143857,77.5837077,3,Sadashivanagar,131.55388048333333,0,1,0,0,0,0,1,0,0,0,0,0,0,0,0,0,0,0,0,0,0,0,0,0,0,0,1,1
12.951396,77.5370097,3,Byatarayanapura,93.61899465,0,0,0,0,0,1,0,0,0,0,0,0,1,0,0,0,0,0,0,0,0,0,0,0,0,0,1,2
12.936476,77.6064183,1,Mico Layout,32.37109683333333,0,0,1,0,0,0,1,0,0,0,0,0,0,0,0,0,0,0,0,0,0,0,0,0,1,0,0,1
12.980458,77.5733294,1,Sheshadripuram,162.19778284999998,0,0,0,0,0,1,0,0,1,0,0,0,0,0,0,0,0,0,1,0,0,0,0,0,0,0,0,1
12.9805215,77.5733068,1,Sheshadripuram,155.83749286666668,0,0,0,0,0,1,0,0,1,0,0,0,0,0,0,0,0,0,1,0,0,0,0,0,0,0,0,1
12.92542,77.6175917,3,Madiwala,32.954886933333334,0,0,0,0,0,1,0,0,0,0,0,0,0,1,0,0,0,0,0,0,0,0,0,0,1,0,0,1
12.9809017,77.573705,1,Sheshadripuram,136.12946498333335,0,0,0,0,0,1,0,0,1,0,0,0,0,0,0,0,0,0,1,0,0,0,0,0,0,0,0,1
12.9621197,77.5948012,1,Ashok Nagar,131.52408498333332,0,0,0,0,0,1,0,0,1,0,0,0,0,0,0,0,0,1,0,0,0,0,0,0,0,0,0,1
12.9622758,77.5942584,1,Halasuru Gate,4.599644433333333,0,0,0,0,0,1,0,0,1,0,0,0,0,0,0,0,0,0,1,0,0,0,0,0,0,0,0,1
12.9167063,77.6239555,3,HSR Layout,67.93329585,1,0,0,0,0,0,1,0,0,0,0,0,0,0,0,0,0,0,0,0,0,0,0,0,1,0,0,1
12.9748502,77.582264,1,Upparpet,180.0,0,0,0,0,0,1,0,0,0,0,1,0,0,0,0,0,0,0,1,0,0,0,0,0,0,0,0,1
13.0157986,77.5539989,3,Yeshwanthpura,19.72779615,0,0,0,0,0,1,0,0,1,0,0,0,0,0,0,0,0,0,0,0,0,0,0,0,0,1,0,2
12.9670637,77.5872482,3,Halasuru Gate,180.0,0,0,0,0,0,1,0,0,1,0,0,0,0,0,0,0,0,0,1,0,0,0,0,0,0,0,0,1
12.9755237,77.5872875,1,Halasuru Gate,88.78084009999999,0,0,0,0,0,1,0,0,0,0,0,0,0,1,0,0,0,0,1,0,0,0,0,0,0,0,0,1
12.9342422,77.6297294,1,Adugodi,140.01023546666664,0,0,0,0,0,1,0,0,1,0,0,0,0,0,0,0,0,0,0,0,0,0,0,0,1,0,0,1
12.9579698,77.5536554,3,Chamarajpet,133.62837546666665,0,0,0,0,0,1,0,0,1,0,0,0,0,0,0,0,0,0,1,0,0,0,0,0,0,0,0,1
12.9509793,77.4993639,1,Jnanabharathi,172.73105428333335,0,0,0,0,0,1,0,0,1,0,0,0,0,0,0,0,0,0,0,0,0,0,0,0,0,1,0,1
13.0391483,77.52008,3,Peenya,178.00412061666665,0,0,0,0,0,1,0,0,0,1,0,0,0,0,0,0,0,0,0,0,0,0,0,0,0,1,0,1
12.9530663,77.5401321,3,Byatarayanapura,134.86315718333333,0,0,0,0,0,1,0,0,0,0,0,0,0,1,0,0,0,0,0,0,0,0,0,0,0,0,1,1
13.0062304,77.5793973,1,Sadashivanagar,135.68489346666667,0,0,0,0,0,1,0,0,0,0,0,0,1,0,0,0,0,0,0,0,0,0,0,0,0,0,1,1
13.0328783,77.5409111,3,Yeshwanthpura,170.37548791666669,0,0,0,0,0,1,0,0,0,0,0,1,0,0,0,0,0,0,0,0,0,0,0,0,0,1,0,2
12.9506387,77.4988418,1,Jnanabharathi,44.9643523,0,0,0,0,0,1,0,0,1,0,0,0,0,0,0,0,0,0,0,0,0,0,0,0,0,1,0,1
13.0156971,77.5630754,3,Sadashivanagar,143.57025761666668,0,0,0,0,0,1,0,0,0,0,0,0,0,0,1,0,0,0,0,0,0,0,0,0,0,0,1,2
12.9215181,77.560083,3,Banashankari,92.29439425000001,0,0,0,0,0,1,0,0,1,0,0,0,0,0,0,0,0,0,0,0,0,0,0,1,0,0,0,1
12.9284666,77.5458777,3,Banashankari,13.011559016666666,0,0,0,0,0,1,0,0,0,0,0,1,0,0,0,0,0,0,0,0,0,0,0,0,0,0,1,1
12.9920652,77.5714496,1,Malleshwaram,179.69753766666665,0,0,0,0,0,1,0,0,1,0,0,0,0,0,0,0,0,0,1,0,0,0,0,0,0,0,0,1
12.9920634,77.5714152,1,Malleshwaram,178.36948711666668,0,0,0,0,0,1,0,0,1,0,0,0,0,0,0,0,0,0,1,0,0,0,0,0,0,0,0,1
12.9640182,77.5835944,3,Halasuru Gate,127.75100015,0,0,0,0,0,1,0,0,0,0,0,0,0,0,1,0,0,0,1,0,0,0,0,0,0,0,0,1
13.0778415,77.5923366,3,Yelahanka,173.12247131666666,0,0,0,0,0,1,0,0,0,0,0,0,0,0,1,0,0,0,0,0,0,1,0,0,0,0,0,1
12.9783234,77.5850184,1,Cubbon Park,151.74565663333334,0,0,0,0,0,1,0,0,0,0,0,0,1,0,0,0,0,0,1,0,0,0,0,0,0,0,0,1
12.9908196,77.6562969,3,Banaswadi,176.78231005,0,0,0,0,0,1,0,0,0,0,0,1,0,0,0,0,0,1,0,0,0,0,0,0,0,0,0,1
12.9576748,77.5031956,1,Jnanabharathi,77.15126758333334,0,0,0,0,0,1,0,0,1,0,0,0,0,0,0,0,0,0,0,0,0,0,0,0,0,1,0,1
12.9746483,77.5702833,1,Chamarajpet,44.57315223333333,0,0,0,0,0,1,0,0,1,0,0,0,0,0,0,0,0,0,1,0,0,0,0,0,0,0,0,1
12.9627211,77.5952912,3,Halasuru Gate,180.0,0,0,0,0,0,1,0,0,0,0,0,0,0,1,0,0,0,0,1,0,0,0,0,0,0,0,0,1
12.9879463,77.7355131,1,Mahadevapura,135.28863476666666,0,0,0,0,0,1,0,0,1,0,0,0,0,0,0,0,0,0,0,1,0,0,0,0,0,0,0,1
12.9800105,77.572795,1,Upparpet,127.85665946666667,0,0,0,0,0,1,0,0,0,1,0,0,0,0,0,0,0,0,1,0,0,0,0,0,0,0,0,1
12.9166554,77.6017984,3,Mico Layout,71.91043833333333,0,0,0,0,0,1,0,0,0,0,0,0,1,0,0,0,0,0,0,0,0,0,0,0,1,0,0,1
12.9840929,77.6412627,3,Jeevanbheemanagar,65.42554686666666,1,0,0,0,0,0,1,0,0,0,0,0,0,0,0,0,0,1,0,0,0,0,0,0,0,0,0,1
13.018784,77.7076166,1,K.R. Pura,15.258431183333332,0,0,0,0,0,1,0,0,0,0,0,0,1,0,0,0,0,0,0,0,1,0,0,0,0,0,0,2
12.9833718,77.6405569,3,Jeevanbheemanagar,18.503100483333334,0,0,0,0,0,1,0,0,0,0,0,0,1,0,0,0,0,1,0,0,0,0,0,0,0,0,0,1
12.9789875,77.6031384,3,Shivajinagar,30.67291765,0,0,0,0,0,1,0,0,1,0,0,0,0,0,0,0,0,0,1,0,0,0,0,0,0,0,0,1
12.876753,77.5952416,3,Hulimavu,143.06262966666665,0,0,0,0,0,1,0,0,0,1,0,0,0,0,0,0,0,0,0,0,0,0,0,0,1,0,0,1
12.8562547,77.6647587,1,Electronic City,45.34402125,0,0,0,0,0,1,0,0,0,1,0,0,0,0,0,0,0,0,0,0,0,0,0,0,0,0,0,1
12.953795,77.542525,3,Byatarayanapura,159.82555358333332,0,0,0,0,0,1,0,0,0,0,0,1,0,0,0,0,0,0,0,0,0,0,0,0,0,0,1,1
13.0266444,77.6379977,3,Hennuru,145.84338768333333,0,0,0,0,0,1,0,0,0,1,0,0,0,0,0,0,0,0,0,0,1,0,0,0,0,0,0,1
13.0315132,77.535623,3,Yeshwanthpura,17.292980683333333,0,0,0,0,0,1,0,0,0,1,0,0,0,0,0,0,0,0,0,0,0,0,0,0,0,1,0,1
12.9170023,77.6298712,3,Madiwala,180.0,0,0,0,0,0,1,0,0,0,0,0,0,0,1,0,0,0,0,0,0,0,0,0,0,1,0,0,1
12.9575332,77.605949,3,Ashok Nagar,160.06100953333333,0,0,0,0,0,1,0,0,0,0,0,0,0,0,1,0,0,1,0,0,0,0,0,0,0,0,0,1
12.9574588,77.6058341,3,Ashok Nagar,159.33361561666666,0,0,0,0,0,1,0,0,0,0,0,0,0,0,1,0,0,1,0,0,0,0,0,0,0,0,0,2
12.9160149,77.5650786,3,Banashankari,113.13550690000001,0,0,0,0,0,1,0,0,0,1,0,0,0,0,0,0,0,0,0,0,0,0,0,1,0,0,0,1
12.8905314,77.5981768,3,Hulimavu,154.49481343333335,0,0,0,0,0,1,0,0,0,0,0,1,0,0,0,0,0,0,0,0,0,0,0,0,1,0,0,1
12.9668575,77.5874883,3,Halasuru Gate,27.980430533333333,0,0,0,0,0,1,1,0,0,0,0,0,0,0,0,0,0,0,1,0,0,0,0,0,0,0,0,1
12.9902133,77.5507783,3,Rajajinagar,145.22057356666667,0,0,0,0,0,1,0,0,1,0,0,0,0,0,0,0,0,0,0,0,0,0,0,0,0,0,1,1
13.0924993,77.5970429,3,Yelahanka,180.0,0,0,0,0,0,1,0,0,0,0,0,1,0,0,0,0,0,0,0,0,0,0,1,0,0,0,0,1
12.9686731,77.6145776,1,Halasur,150.07350673333335,0,0,0,0,0,1,0,0,0,1,0,0,0,0,0,0,0,1,0,0,0,0,0,0,0,0,0,1
13.0187009,77.5584531,3,Yeshwanthpura,31.054842,0,0,0,0,0,1,0,0,0,0,0,1,0,0,0,0,0,0,0,0,0,0,0,0,0,0,1,2
13.037816,77.5222282,3,Peenya,171.66225260000002,0,0,0,0,0,1,0,0,0,0,1,0,0,0,0,0,0,0,0,0,0,0,0,0,0,1,0,1
13.1216737,77.6108741,3,Yelahanka,42.82857215,0,0,0,0,0,1,0,0,0,1,0,0,0,0,0,0,0,0,0,0,0,0,1,0,0,0,0,2
13.0145719,77.5829954,3,Sadashivanagar,138.80051673333335,0,0,0,0,0,1,0,0,0,1,0,0,0,0,0,0,0,0,0,0,0,0,0,0,0,0,1,1
13.0959687,77.5951418,3,Yelahanka,44.67258238333333,0,0,0,0,0,1,0,0,1,0,0,0,0,0,0,0,0,0,0,0,0,0,1,0,0,0,0,1
12.9176885,77.5745503,1,Jayanagara,176.93983186666668,0,0,0,0,0,1,0,0,0,0,0,0,1,0,0,0,0,0,0,0,0,0,0,1,0,0,0,2
12.9841979,77.6424961,3,Jeevanbheemanagar,12.342886116666667,0,0,0,0,0,1,0,0,1,0,0,0,0,0,0,0,0,1,0,0,0,0,0,0,0,0,0,1
12.925018,77.6177729,3,Madiwala,46.56802951666667,0,0,0,0,0,1,0,0,1,0,0,0,0,0,0,0,0,0,0,0,0,0,0,0,1,0,0,1
12.98374123,77.75228668,1,Mahadevapura,153.78163923333335,0,0,0,0,0,1,0,0,0,1,0,0,0,0,0,0,0,0,0,1,0,0,0,0,0,0,0,1
12.9955903,77.6166919,1,Pulikeshinagar(F.Town),48.712875966666665,0,0,0,0,0,1,0,0,1,0,0,0,0,0,0,0,0,0,0,0,0,1,0,0,0,0,0,1
12.9747138,77.5487765,3,Magadi Road,25.0307267,0,0,0,0,0,1,0,0,1,0,0,0,0,0,0,0,0,0,0,0,0,0,0,0,0,0,1,2
12.9915263,77.6562969,3,Banaswadi,157.17163530000002,0,0,0,0,0,1,0,0,0,1,0,0,0,0,0,0,0,1,0,0,0,0,0,0,0,0,0,1
12.9576174,77.5519675,3,Magadi Road,146.89988745,0,0,0,0,0,1,0,0,0,1,0,0,0,0,0,0,0,0,1,0,0,0,0,0,0,0,0,1
12.9576032,77.5519561,3,Magadi Road,136.90179811666667,0,0,0,0,0,1,0,0,0,1,0,0,0,0,0,0,0,0,1,0,0,0,0,0,0,0,0,1
12.9905,77.6560583,3,Banaswadi,129.7826664,0,0,0,0,0,1,0,0,0,1,0,0,0,0,0,0,0,1,0,0,0,0,0,0,0,0,0,1
12.9364683,77.517665,3,Byatarayanapura,151.02637126666664,0,0,0,0,0,1,0,0,0,1,0,0,0,0,0,0,0,0,0,0,0,0,0,0,0,1,0,1
13.0222877,77.551279,3,Yeshwanthpura,170.9336363333333,0,0,0,0,0,1,0,0,0,0,0,0,0,1,0,0,0,0,0,0,0,0,0,0,0,1,0,1
12.9761699,77.6265869,3,Halasur,162.92082706666667,0,0,0,0,0,1,0,0,0,0,1,0,0,0,0,0,0,0,1,0,0,0,0,0,0,0,0,1
12.9930024,77.7063512,1,Mahadevapura,175.42420373333334,0,1,0,0,0,0,1,0,0,0,0,0,0,0,0,0,0,0,0,1,0,0,0,0,0,0,0,1
12.9807626,77.5366494,3,Kamakshipalya,153.37814068333333,0,0,0,0,0,1,0,0,0,0,1,0,0,0,0,0,0,0,0,0,0,0,0,0,0,0,1,1
12.9680422,77.5864977,3,Halasuru Gate,125.966974,0,0,0,0,0,1,0,0,1,0,0,0,0,0,0,0,0,0,1,0,0,0,0,0,0,0,0,1
12.8768233,77.5952233,3,Hulimavu,134.50532466666667,0,0,0,0,0,1,0,0,0,0,0,0,0,0,1,0,0,0,0,0,0,0,0,0,1,0,0,1
13.0416478,77.6144995,3,Hennuru,131.99372165,0,0,0,0,0,1,0,0,0,0,0,0,0,0,0,1,0,0,0,0,0,1,0,0,0,0,0,1
13.0456768,77.5069056,3,Chikkabanavara,123.35288616666666,0,0,0,0,0,1,0,0,1,0,0,0,0,0,0,0,0,0,0,0,0,0,1,0,0,0,0,1
12.944295,77.603045,1,Adugodi,59.11293991666666,0,0,0,0,0,1,0,0,1,0,0,0,0,0,0,0,0,0,0,0,0,0,0,0,1,0,0,1
12.9453,77.527915,3,Byatarayanapura,17.198798399999998,0,0,0,0,0,1,0,0,1,0,0,0,0,0,0,0,0,0,0,0,0,0,0,0,0,1,0,2
12.9764526,77.5990981,3,Cubbon Park,75.95687948333332,0,0,0,0,0,1,0,0,0,0,1,0,0,0,0,0,0,1,0,0,0,0,0,0,0,0,0,1
12.9931026,77.5955209,1,High ground,164.20484911666665,0,0,0,0,0,1,0,0,0,1,0,0,0,0,0,0,0,0,1,0,0,0,0,0,0,0,0,1
13.0180834,77.5595554,3,Yeshwanthpura,122.81580408333333,0,0,0,0,0,1,0,0,0,0,0,0,0,0,1,0,0,0,0,0,0,0,0,0,0,0,1,2
12.9581456,77.5538826,3,Magadi Road,166.1572017,0,0,0,0,0,1,0,0,1,0,0,0,0,0,0,0,0,0,1,0,0,0,0,0,0,0,0,1
13.0803546,77.5925608,3,Yelahanka,159.61674605000002,0,0,0,0,0,1,0,0,0,1,0,0,0,0,0,0,0,0,0,0,0,1,0,0,0,0,0,1
13.018293,77.5836603,3,Sadashivanagar,134.38759336666666,0,0,0,0,0,1,0,0,0,0,0,0,0,0,1,0,0,0,0,0,0,0,0,0,0,0,1,1
12.9664358,77.6066593,3,Ashok Nagar,53.17549951666667,0,0,0,0,0,1,0,0,0,0,0,0,0,0,1,0,0,1,0,0,0,0,0,0,0,0,0,1
12.967125,77.5873533,3,Halasuru Gate,50.004631583333335,0,0,0,0,0,1,0,0,0,0,0,1,0,0,0,0,0,0,1,0,0,0,0,0,0,0,0,1
12.97200197,77.59397105,3,Cubbon Park,240.0,0,0,1,0,0,0,1,0,0,0,0,0,0,0,0,0,0,1,0,0,0,0,0,0,0,0,0,1
12.9557474,77.7162112,3,Whitefield,179.44005943333335,0,0,0,0,0,1,0,0,0,1,0,0,0,0,0,0,0,0,0,1,0,0,0,0,0,0,0,1
12.9587568,77.5866419,1,Wilson Garden,179.93758783333334,0,0,0,0,0,1,0,0,1,0,0,0,0,0,0,0,0,0,1,0,0,0,0,0,0,0,0,1
13.0263399,77.6366103,3,Banaswadi,20.11784905,0,0,0,0,0,1,0,0,0,0,0,0,0,1,0,0,0,0,0,0,0,1,0,0,0,0,0,1
12.9681339,77.6062498,3,Ashok Nagar,52.991312916666665,0,0,0,0,0,1,0,0,0,0,0,1,0,0,0,0,0,1,0,0,0,0,0,0,0,0,0,1
12.9590877,77.57209,1,V.V.Puram (C.Pet),76.29404848333334,0,0,0,0,0,1,0,0,1,0,0,0,0,0,0,0,0,0,1,0,0,0,0,0,0,0,0,1
13.0278807,77.5742038,1,Sadashivanagar,149.3199185,0,0,0,0,0,1,0,0,1,0,0,0,0,0,0,0,0,0,0,0,0,0,1,0,0,0,0,1
12.9724229,77.6190326,3,Halasur,139.99288793333332,0,0,0,0,0,1,0,0,0,0,0,0,0,0,1,0,0,1,0,0,0,0,0,0,0,0,0,1
13.011732,77.6624367,3,Banaswadi,139.84683298333331,0,0,0,0,0,1,0,0,1,0,0,0,0,0,0,0,0,0,0,0,1,0,0,0,0,0,0,1
13.0119756,77.5692386,1,Sadashivanagar,44.92868061666666,0,0,0,0,0,1,0,0,1,0,0,0,0,0,0,0,0,0,0,0,0,0,0,0,0,0,1,1
13.0405817,77.6162956,3,K.G. Halli,70.09018951666667,1,0,0,0,0,0,1,0,0,0,0,0,0,0,0,0,0,0,0,0,0,1,0,0,0,0,0,1
12.9802826,77.5568198,1,Magadi Road,360.0,0,0,0,0,1,0,1,0,0,0,0,0,0,0,0,0,0,0,0,0,0,0,0,0,0,0,1,1
13.010626,77.5916914,1,R.T. Nagar,150.47546261666668,0,0,0,0,0,1,0,0,0,0,0,0,0,0,1,0,0,0,0,0,0,0,1,0,0,0,0,1
13.0405496,77.6159294,3,K.G. Halli,85.70532393333333,1,0,0,0,0,0,1,0,0,0,0,0,0,0,0,0,0,0,0,0,0,1,0,0,0,0,0,1
13.0405539,77.6158965,3,K.G. Halli,82.48102246666667,1,0,0,0,0,0,1,0,0,0,0,0,0,0,0,0,0,0,0,0,0,1,0,0,0,0,0,1
13.0409434,77.6162664,3,Hennuru,116.60443653333333,1,0,0,0,0,0,1,0,0,0,0,0,0,0,0,0,0,0,0,0,0,1,0,0,0,0,0,1
12.9506848,77.5407012,3,Byatarayanapura,180.0,1,0,0,0,0,0,1,0,0,0,0,0,0,0,0,0,0,0,0,0,0,0,0,0,0,0,1,1
12.958172,77.518291,1,Byatarayanapura,136.6493963833333,0,0,0,0,0,1,0,0,0,0,0,0,0,0,1,0,0,0,0,0,0,0,0,0,0,1,0,1
13.029971,77.5373246,3,Yeshwanthpura,125.05266308333333,0,0,0,0,0,1,0,0,0,0,0,1,0,0,0,0,0,0,0,0,0,0,0,0,0,1,0,1
13.043945,77.5923467,3,Hebbala,123.64794328333333,0,0,0,0,0,1,0,0,0,0,0,0,0,0,1,0,0,0,0,0,0,1,0,0,0,0,0,1
13.0950317,77.597495,3,Yelahanka,32.31531945,1,0,0,0,0,0,1,0,0,0,0,0,0,0,0,0,0,0,0,0,0,0,1,0,0,0,0,3
12.988656,77.5111959,3,Kamakshipalya,123.03325863333333,0,0,0,0,0,1,0,0,0,1,0,0,0,0,0,0,0,0,0,0,0,0,0,0,0,1,0,1
13.0954067,77.59742,3,Yelahanka,168.7527591,0,0,0,0,0,1,0,0,0,0,0,0,0,0,1,0,0,0,0,0,0,0,1,0,0,0,0,2
12.9600494,77.5150128,1,Jnanabharathi,144.70426963333333,0,0,0,0,0,1,0,0,0,1,0,0,0,0,0,0,0,0,0,0,0,0,0,0,0,1,0,2
13.0298587,77.5370419,3,Yeshwanthpura,18.4725225,0,0,0,0,0,1,0,0,0,1,0,0,0,0,0,0,0,0,0,0,0,0,0,0,0,1,0,1
12.9753275,77.6072089,3,Cubbon Park,9.1956618,0,0,0,0,0,1,0,0,0,0,0,0,0,0,0,0,1,1,0,0,0,0,0,0,0,0,0,1
12.9889721,77.5079565,3,Kamakshipalya,128.34008186666668,0,0,0,0,0,1,0,0,0,0,0,1,0,0,0,0,0,0,0,0,0,0,0,0,0,1,0,1
13.0333333,77.5323361,3,Yeshwanthpura,174.39294966666665,0,0,0,0,0,1,0,0,0,1,0,0,0,0,0,0,0,0,0,0,0,0,0,0,0,1,0,1
13.0107779,77.5836783,3,Sadashivanagar,172.91118836666666,0,0,0,0,0,1,0,0,0,0,0,0,1,0,0,0,0,0,0,0,0,0,0,0,0,0,1,2
12.9832276,77.5970073,3,Cubbon Park,5.464065766666667,1,0,0,0,0,0,1,0,0,0,0,0,0,0,0,0,0,0,1,0,0,0,0,0,0,0,0,1
12.966695,77.6086976,3,Ashok Nagar,149.9537089,0,0,0,0,0,1,0,0,0,0,0,0,0,0,1,0,0,1,0,0,0,0,0,0,0,0,0,2
12.9155753,77.5652999,3,Banashankari,6.4347744166666665,0,0,0,0,0,1,0,0,1,0,0,0,0,0,0,0,0,0,0,0,0,0,0,1,0,0,0,1
12.9379619,77.6939433,3,HAL Old Airport,20.836302666666665,0,0,0,0,0,1,0,0,1,0,0,0,0,0,0,0,0,0,0,1,0,0,0,0,0,0,0,1
12.98675,77.5882467,3,High ground,172.13872705,0,0,0,0,0,1,0,0,0,0,0,0,0,0,0,1,0,0,1,0,0,0,0,0,0,0,0,1
12.9662664,77.6069727,3,Ashok Nagar,36.41693461666667,0,0,0,0,0,1,0,0,0,0,0,1,0,0,0,0,0,1,0,0,0,0,0,0,0,0,0,2
12.8911407,77.5649107,1,K.S. Layout,151.10540206666667,0,0,0,0,0,1,0,0,1,0,0,0,0,0,0,0,0,0,0,0,0,0,0,1,0,0,0,1
12.9059977,77.6295789,3,HSR Layout,149.71529728333334,0,0,0,0,0,1,0,0,0,0,0,0,1,0,0,0,0,0,0,0,0,0,0,0,1,0,0,2
12.9915166,77.6577548,3,Banaswadi,129.61125335,0,0,0,0,0,1,0,0,0,0,0,0,0,1,0,0,0,1,0,0,0,0,0,0,0,0,0,2
12.9436966,77.5973655,1,Adugodi,179.50939695,0,0,0,0,0,1,0,0,0,0,0,0,1,0,0,0,0,0,1,0,0,0,0,0,0,0,0,1
12.9247775,77.6278985,1,Adugodi,88.08686613333333,0,0,0,0,0,1,0,0,1,0,0,0,0,0,0,0,0,0,0,0,0,0,0,0,1,0,0,1
12.9437406,77.5970757,1,Wilson Garden,6.682272983333333,0,0,0,0,0,1,0,0,0,0,0,0,1,0,0,0,0,0,1,0,0,0,0,0,0,0,0,1
12.9069767,77.5462333,1,K.S. Layout,180.0,0,0,0,0,0,1,0,0,0,1,0,0,0,0,0,0,0,0,0,0,0,0,0,1,0,0,0,1
13.0141331,77.5674081,3,Sadashivanagar,15.850226350000002,0,0,0,0,0,1,0,0,0,0,0,0,1,0,0,0,0,0,0,0,0,0,0,0,0,0,1,2
13.03251,77.5340727,3,Yeshwanthpura,167.12809411666666,0,0,0,0,0,1,0,0,0,0,0,1,0,0,0,0,0,0,0,0,0,0,0,0,0,1,0,2
13.0324907,77.5339285,3,Yeshwanthpura,105.40888584999999,1,0,0,0,0,0,1,0,0,0,0,0,0,0,0,0,0,0,0,0,0,0,0,0,0,1,0,3
12.987355,77.6492367,3,Banaswadi,136.62183048333333,0,0,0,0,0,1,0,0,1,0,0,0,0,0,0,0,0,1,0,0,0,0,0,0,0,0,0,1
12.9873278,77.6491713,3,Banaswadi,131.55948505,0,0,0,0,0,1,0,0,1,0,0,0,0,0,0,0,0,1,0,0,0,0,0,0,0,0,0,1
12.9503051,77.53733,3,Byatarayanapura,162.42005241666666,0,0,0,0,0,1,0,0,0,0,1,0,0,0,0,0,0,0,0,0,0,0,0,0,0,0,1,1
12.9814944,77.5599774,1,Magadi Road,178.15876168333335,0,0,0,0,0,1,0,0,0,0,0,0,0,0,0,0,1,0,0,0,0,0,0,0,0,0,1,1
13.0185596,77.5553194,1,Sheshadripuram,66.32663296666666,0,0,0,0,0,1,0,0,1,0,0,0,0,0,0,0,0,0,0,0,0,0,0,0,0,0,1,1
12.9844163,77.5547537,1,Magadi Road,14.55662005,0,0,0,0,0,1,0,0,1,0,0,0,0,0,0,0,0,0,0,0,0,0,0,0,0,0,1,1
13.0305207,77.537139,3,Yeshwanthpura,28.672119833333333,0,0,0,0,0,1,0,0,0,0,0,0,0,0,1,0,0,0,0,0,0,0,0,0,0,1,0,2
12.8794811,77.595724,3,Hulimavu,130.63794618333333,0,0,0,0,0,1,0,0,0,0,0,1,0,0,0,0,0,0,0,0,0,0,0,0,1,0,0,1
12.9196326,77.6670344,3,Bellandur,120.96849588333333,0,0,0,0,0,1,0,0,0,0,0,0,0,0,1,0,0,0,0,0,0,0,0,0,1,0,0,1
13.0559425,77.5932944,3,Kodigehalli,169.12434825,0,0,0,0,0,1,0,0,0,0,0,0,0,0,0,1,0,0,0,0,0,1,0,0,0,0,0,2
13.0559443,77.5932899,3,Kodigehalli,166.30274305,0,0,0,0,0,1,0,0,0,0,0,0,0,0,0,1,0,0,0,0,0,1,0,0,0,0,0,1
13.1219388,77.6109778,3,Yelahanka,74.82453056666667,0,0,0,0,0,1,0,0,0,1,0,0,0,0,0,0,0,0,0,0,0,0,1,0,0,0,0,2
13.1219292,77.6106965,3,Yelahanka,152.73113228333335,0,0,0,0,0,1,0,0,0,1,0,0,0,0,0,0,0,0,0,0,0,0,1,0,0,0,0,1
12.9428015,77.6973709,3,HAL Old Airport,149.64275175,0,0,0,0,0,1,0,0,1,0,0,0,0,0,0,0,0,0,0,1,0,0,0,0,0,0,0,1
13.0697237,77.5917532,3,Kodigehalli,125.1459702,0,0,0,0,0,1,0,0,0,0,0,1,0,0,0,0,0,0,0,0,0,1,0,0,0,0,0,2
13.013325,77.6623533,3,Banaswadi,71.77608031666666,0,0,0,0,0,1,0,0,1,0,0,0,0,0,0,0,0,0,0,0,1,0,0,0,0,0,0,2
12.9603511,77.5717869,1,V.V.Puram (C.Pet),30.275829366666667,0,0,0,0,0,1,0,0,1,0,0,0,0,0,0,0,0,0,1,0,0,0,0,0,0,0,0,1
12.9763006,77.6266352,3,Halasur,180.0,0,0,0,0,0,1,0,0,0,0,0,1,0,0,0,0,0,0,1,0,0,0,0,0,0,0,0,1
12.9866029,77.5794639,1,High ground,101.95200981666667,0,0,0,0,0,1,0,0,1,0,0,0,0,0,0,0,0,0,1,0,0,0,0,0,0,0,0,1
12.9604521,77.5048389,1,Jnanabharathi,125.21858565000001,0,0,0,0,0,1,0,0,1,0,0,0,0,0,0,0,0,0,0,0,0,0,0,0,0,1,0,1
13.0179323,77.5592053,3,Yeshwanthpura,9.43075655,0,0,0,0,0,1,0,0,0,0,0,1,0,0,0,0,0,0,0,0,0,0,0,0,0,0,1,2
12.98573,77.5526401,3,Rajajinagar,154.66930085,0,0,0,0,0,1,0,0,0,0,1,0,0,0,0,0,0,0,0,0,0,0,0,0,0,0,1,2
13.0356634,77.5264227,3,Peenya,49.68956086666667,1,0,0,0,0,0,1,0,0,0,0,0,0,0,0,0,0,0,0,0,0,0,0,0,0,1,0,3
13.0163545,77.5841071,3,Sadashivanagar,175.08164546666666,0,0,0,0,0,1,0,0,0,0,0,1,0,0,0,0,0,0,0,0,0,0,1,0,0,0,0,1
12.9402233,77.597725,1,Wilson Garden,137.80712200000002,0,0,0,0,0,1,0,0,0,0,0,0,0,1,0,0,0,0,0,0,0,0,0,0,1,0,0,1
13.013048,77.5676395,3,Sadashivanagar,49.72454593333334,0,0,0,0,0,1,0,0,0,0,0,1,0,0,0,0,0,0,0,0,0,0,0,0,0,0,1,1
12.9713826,77.618886,3,Halasur,25.269977633333333,0,0,0,0,0,1,0,0,0,0,0,0,0,1,0,0,0,1,0,0,0,0,0,0,0,0,0,1
12.9100117,77.6273017,3,HSR Layout,144.57955850000002,0,0,0,0,0,1,0,0,0,0,0,0,0,0,0,0,1,0,0,0,0,0,0,0,1,0,0,1
12.9322456,77.5167322,1,Kengeri,145.50147761666668,0,0,0,0,0,1,0,0,0,0,0,0,0,1,0,0,0,0,0,0,0,0,0,0,0,1,0,2
12.9670116,77.6590653,1,Jeevanbheemanagar,59.8586328,0,0,1,0,0,0,1,0,0,0,0,0,0,0,0,0,0,1,0,0,0,0,0,0,0,0,0,1
13.103462,77.6004884,3,Yelahanka,146.1350352,0,0,0,0,0,1,0,0,1,0,0,0,0,0,0,0,0,0,0,0,0,0,1,0,0,0,0,1
13.0913131,77.5966701,3,Yelahanka,129.48539293333334,0,0,0,0,0,1,0,0,0,0,1,0,0,0,0,0,0,0,0,0,0,0,1,0,0,0,0,1
12.958625,77.5035683,1,Jnanabharathi,150.26147978333333,0,0,0,0,0,1,0,0,0,0,0,1,0,0,0,0,0,0,0,0,0,0,0,0,0,1,0,1
12.94595877,77.5954834,1,Wilson Garden,180.0,1,0,0,0,0,0,1,0,0,0,0,0,0,0,0,0,0,0,1,0,0,0,0,0,0,0,0,1
13.034211,77.530813,3,Yeshwanthpura,34.959811916666666,0,0,0,0,0,1,0,0,0,0,0,0,0,1,0,0,0,0,0,0,0,0,0,0,0,1,0,2
12.9454841,77.5288004,3,Byatarayanapura,125.97824713333333,0,0,0,0,0,1,0,0,0,0,1,0,0,0,0,0,0,0,0,0,0,0,0,0,0,0,1,1
13.0337676,77.530266,3,Yeshwanthpura,125.31969496666667,0,0,0,0,0,1,0,0,0,0,0,0,0,0,1,0,0,0,0,0,0,0,0,0,0,1,0,2
13.0397392,77.5189559,3,Peenya,29.595028833333334,0,0,0,0,0,1,0,0,0,0,0,0,0,0,1,0,0,0,0,0,0,0,0,0,0,1,0,2
12.9660024,77.5353515,3,Vijayanagara,138.59224196666668,0,0,0,0,0,1,0,0,0,0,0,0,0,1,0,0,0,0,0,0,0,0,0,0,0,0,1,1
12.9230765,77.6190813,3,Madiwala,18.803711733333333,0,0,0,0,0,1,0,0,0,0,0,0,0,1,0,0,0,0,0,0,0,0,0,0,1,0,0,1
12.9216109,77.6679437,3,Bellandur,83.80636201666667,1,0,0,0,0,0,1,0,0,0,0,0,0,0,0,0,0,0,0,1,0,0,0,0,0,0,0,1
12.9888472,77.6520017,3,Banaswadi,141.2677034,0,0,0,0,0,1,0,0,0,1,0,0,0,0,0,0,0,1,0,0,0,0,0,0,0,0,0,1
13.0824868,77.5933591,3,Yelahanka,180.0,0,0,0,0,0,1,0,0,0,1,0,0,0,0,0,0,0,0,0,0,0,1,0,0,0,0,0,1
12.93934584,77.69560186,3,HAL Old Airport,43.65070458333333,0,0,0,0,0,1,0,0,0,1,0,0,0,0,0,0,0,0,0,1,0,0,0,0,0,0,0,1
12.9354137,77.6246596,3,Adugodi,138.85454898333333,0,0,0,0,0,1,0,0,0,0,0,0,1,0,0,0,0,0,0,0,0,0,0,0,1,0,0,1
13.0215594,77.5519261,3,Yeshwanthpura,55.3120185,0,0,0,0,0,1,0,0,0,0,0,1,0,0,0,0,0,0,0,0,0,0,0,0,0,1,0,1
12.979,77.640885,3,Jeevanbheemanagar,51.23013096666667,0,0,0,0,0,1,0,0,1,0,0,0,0,0,0,0,0,1,0,0,0,0,0,0,0,0,0,1
12.9013618,77.6012145,3,Mico Layout,124.36303216666667,0,0,0,0,0,1,0,0,1,0,0,0,0,0,0,0,0,0,0,0,0,0,0,0,1,0,0,1
12.9604168,77.5836482,3,Halasuru Gate,170.05711223333336,0,0,0,0,0,1,0,0,0,0,0,1,0,0,0,0,0,0,1,0,0,0,0,0,0,0,0,1
13.0345783,77.5298356,3,Yeshwanthpura,150.20519091666665,0,0,0,0,0,1,0,0,0,0,0,0,1,0,0,0,0,0,0,0,0,0,0,0,0,1,0,1
12.9245643,77.6504464,3,HAL Old Airport,132.0805394333333,0,0,0,0,0,1,0,0,1,0,0,0,0,0,0,0,0,1,0,0,0,0,0,0,0,0,0,1
12.9692182,77.5856419,3,Halasuru Gate,35.43387466666666,0,0,0,0,0,1,0,0,1,0,0,0,0,0,0,0,0,0,1,0,0,0,0,0,0,0,0,2
12.9843247,77.6416501,3,Jeevanbheemanagar,29.915713316666665,0,0,0,0,0,1,0,0,0,0,0,0,1,0,0,0,0,1,0,0,0,0,0,0,0,0,0,2
12.9291983,77.6821533,3,HAL Old Airport,157.14830743333331,0,0,0,0,0,1,0,0,1,0,0,0,0,0,0,0,0,0,0,1,0,0,0,0,0,0,0,1
12.9669829,77.610195,1,Ashok Nagar,165.86773448333332,0,0,0,0,0,1,0,0,0,0,0,1,0,0,0,0,0,1,0,0,0,0,0,0,0,0,0,1
12.9905937,77.6138551,1,Pulikeshinagar(F.Town),146.59960166666667,0,0,0,0,0,1,0,0,0,0,0,0,0,1,0,0,0,0,1,0,0,0,0,0,0,0,0,1
12.9668199,77.6099183,1,Ashok Nagar,132.69858811666666,0,0,0,0,0,1,0,0,0,0,0,1,0,0,0,0,0,1,0,0,0,0,0,0,0,0,0,2
13.0258275,77.640718,3,Hennuru,145.9266116,0,0,0,0,0,1,0,0,0,0,0,1,0,0,0,0,0,0,0,0,1,0,0,0,0,0,0,1
12.9279614,77.5463918,3,Banashankari,43.33326306666667,0,0,0,0,0,1,0,0,1,0,0,0,0,0,0,0,0,0,0,0,0,0,0,0,0,0,1,1
12.9528155,77.5408666,3,Byatarayanapura,47.4729165,0,0,0,0,0,1,0,0,0,0,0,1,0,0,0,0,0,0,0,0,0,0,0,0,0,0,1,1
13.029057,77.6318213,3,Hennuru,127.65783856666667,0,0,0,0,0,1,0,0,0,1,0,0,0,0,0,0,0,0,0,0,0,1,0,0,0,0,0,1
13.0143986,77.5836611,3,Sadashivanagar,36.54220323333333,0,0,0,0,0,1,0,0,0,0,0,0,0,0,0,0,1,0,0,0,0,0,0,0,0,0,1,1
12.9661307,77.5869643,3,Halasuru Gate,49.315911283333335,0,0,0,0,0,1,0,0,1,0,0,0,0,0,0,0,0,0,1,0,0,0,0,0,0,0,0,1
12.9662941,77.5870212,3,Halasuru Gate,2.606119833333333,0,0,0,0,0,1,0,0,1,0,0,0,0,0,0,0,0,0,1,0,0,0,0,0,0,0,0,1
12.8729477,77.6511736,3,Electronic City,123.50231045000001,0,0,0,0,0,1,0,0,0,0,0,0,0,0,1,0,0,0,0,0,0,0,0,0,1,0,0,3
12.9073043,77.6008947,3,Mico Layout,20.97513005,0,0,0,0,0,1,0,0,0,0,0,0,0,1,0,0,0,0,0,0,0,0,0,0,1,0,0,1
12.9728201,77.5386984,3,Vijayanagara,30.68868525,0,0,0,0,0,1,0,0,0,0,0,0,0,0,0,0,1,0,0,0,0,0,0,0,0,0,1,2
12.8890467,77.6399533,3,Electronic City,111.86912819999999,0,0,0,0,0,1,0,0,0,1,0,0,0,0,0,0,0,0,0,0,0,0,0,0,1,0,0,2
12.9690984,77.6064801,3,Ashok Nagar,8.1381474,0,0,0,0,0,1,0,0,0,0,0,1,0,0,0,0,0,1,0,0,0,0,0,0,0,0,0,1
13.042724,77.5131004,3,Peenya,137.76806958333333,0,0,0,0,0,1,0,0,0,0,1,0,0,0,0,0,0,0,0,0,0,0,0,0,0,1,0,1
13.0174584,77.5598518,3,Yeshwanthpura,27.4665295,0,0,0,0,0,1,0,0,0,0,0,1,0,0,0,0,0,0,0,0,0,0,0,0,0,0,1,1
13.011444,77.5689655,1,Malleshwaram,145.90814881666665,0,0,0,0,0,1,0,0,1,0,0,0,0,0,0,0,0,0,0,0,0,0,0,0,0,0,1,1
12.9774311,77.5852958,1,Halasuru Gate,172.21285776666667,0,0,0,0,0,1,0,0,1,0,0,0,0,0,0,0,0,0,1,0,0,0,0,0,0,0,0,1
12.9635362,77.5849463,3,Halasuru Gate,121.49455015,0,0,0,0,0,1,0,0,1,0,0,0,0,0,0,0,0,0,1,0,0,0,0,0,0,0,0,1
13.1067233,77.6021533,3,Yelahanka,10.638263616666668,0,0,0,0,0,1,0,0,0,1,0,0,0,0,0,0,0,0,0,0,0,0,1,0,0,0,0,1
12.991531,77.6578814,3,Banaswadi,137.95299148333334,0,0,0,0,0,1,0,0,0,0,0,0,0,0,1,0,0,1,0,0,0,0,0,0,0,0,0,2
12.9914917,77.6578683,3,Banaswadi,129.91510348333333,0,0,0,0,0,1,0,0,0,0,0,0,0,0,0,1,0,1,0,0,0,0,0,0,0,0,0,2
12.9816033,77.5943385,3,Cubbon Park,72.16349068333334,0,0,0,0,0,1,0,0,0,0,0,1,0,0,0,0,0,0,1,0,0,0,0,0,0,0,0,1
12.9841502,77.6414011,3,Jeevanbheemanagar,6.507784116666667,0,0,0,0,0,1,0,0,0,0,1,0,0,0,0,0,0,1,0,0,0,0,0,0,0,0,0,1
13.1070291,77.6032321,3,Yelahanka,38.233425366666665,0,0,0,0,0,1,0,0,0,1,0,0,0,0,0,0,0,0,0,0,0,0,1,0,0,0,0,2
12.9586414,77.5548032,3,Magadi Road,142.7875352,0,0,0,0,0,1,0,0,0,0,0,0,0,0,0,0,1,0,1,0,0,0,0,0,0,0,0,1
12.982317,77.575899,1,High ground,132.55317391666668,0,0,0,0,0,1,0,0,0,0,0,0,0,1,0,0,0,0,1,0,0,0,0,0,0,0,0,1
13.1065122,77.6008683,3,Yelahanka,29.770767616666667,0,0,0,0,0,1,0,0,0,0,0,0,0,0,0,1,0,0,0,0,0,0,1,0,0,0,0,2
13.0177789,77.5556665,1,Sadashivanagar,119.12455078333333,0,0,0,0,0,1,0,0,1,0,0,0,0,0,0,0,0,0,0,0,0,0,0,0,0,0,1,1
13.0178084,77.5556622,1,R.T. Nagar,116.76966786666667,0,0,0,0,0,1,0,0,1,0,0,0,0,0,0,0,0,0,0,0,0,0,0,0,0,0,1,1
12.9913351,77.6567306,3,Banaswadi,153.77505155,0,0,0,0,0,1,0,0,0,0,0,1,0,0,0,0,0,1,0,0,0,0,0,0,0,0,0,2
12.9169728,77.5888751,1,Jayanagara,20.327187849999998,0,0,0,0,0,1,0,0,0,0,0,0,1,0,0,0,0,0,0,0,0,0,0,1,0,0,0,1
12.9630215,77.5957523,3,Ashok Nagar,167.46323365,0,0,0,0,0,1,0,0,0,0,0,0,1,0,0,0,0,1,0,0,0,0,0,0,0,0,0,1
12.9630478,77.5957383,3,Halasuru Gate,27.996742333333334,0,0,0,0,0,1,0,0,0,0,0,1,0,0,0,0,0,0,1,0,0,0,0,0,0,0,0,1
12.9637926,77.596254,3,Halasuru Gate,3.2735072166666668,0,0,0,0,0,1,0,1,0,0,0,0,0,0,0,0,0,0,1,0,0,0,0,0,0,0,0,1
12.9637451,77.5962145,3,Halasuru Gate,16.146346233333333,0,0,0,0,0,1,0,0,0,0,0,0,1,0,0,0,0,0,1,0,0,0,0,0,0,0,0,1
12.9802472,77.5705285,1,Chamarajpet,5.7625422166666675,0,0,0,0,0,1,0,0,0,0,1,0,0,0,0,0,0,0,1,0,0,0,0,0,0,0,0,2
12.9692985,77.5905992,3,Halasuru Gate,159.37647415,0,0,0,0,0,1,0,0,0,0,0,1,0,0,0,0,0,0,1,0,0,0,0,0,0,0,0,1
12.9455688,77.5285683,3,Byatarayanapura,100.30296911666666,0,0,0,0,0,1,0,0,1,0,0,0,0,0,0,0,0,0,0,0,0,0,0,0,0,0,1,1
12.96596,77.5954898,3,Cubbon Park,135.97715563333333,0,0,0,0,0,1,0,0,1,0,0,0,0,0,0,0,0,1,0,0,0,0,0,0,0,0,0,1
12.9715452,77.6063927,3,Ashok Nagar,57.07676813333333,0,0,0,0,0,1,0,0,0,0,0,0,0,0,1,0,0,1,0,0,0,0,0,0,0,0,0,1
12.9659948,77.5953968,3,Halasuru Gate,62.4407437,0,0,0,0,0,1,0,0,1,0,0,0,0,0,0,0,0,1,0,0,0,0,0,0,0,0,0,1
12.9641935,77.5698992,3,Chamarajpet,132.99331791666665,0,0,0,0,0,1,0,0,1,0,0,0,0,0,0,0,0,0,1,0,0,0,0,0,0,0,0,1
12.9363699,77.5162858,3,Byatarayanapura,152.65511406666667,0,0,0,0,0,1,0,0,0,1,0,0,0,0,0,0,0,0,0,0,0,0,0,0,0,1,0,1
12.9823167,77.5655346,1,Sheshadripuram,88.96153343333334,1,0,0,0,0,0,1,0,0,0,0,0,0,0,0,0,0,0,1,0,0,0,0,0,0,0,0,3
12.9767584,77.6268433,3,Halasur,145.53860096666668,0,0,0,0,0,1,0,0,0,1,0,0,0,0,0,0,0,0,1,0,0,0,0,0,0,0,0,1
12.9559677,77.7010091,3,HAL Old Airport,168.5890263,0,0,0,0,0,1,0,0,1,0,0,0,0,0,0,0,0,0,0,1,0,0,0,0,0,0,0,2
12.9845467,77.5747717,1,Sheshadripuram,137.9785765,0,0,0,0,0,1,0,0,0,0,0,0,0,1,0,0,0,0,1,0,0,0,0,0,0,0,0,1
13.022889,77.6472584,3,Hennuru,174.41237133333334,0,0,0,0,0,1,0,0,0,0,0,0,0,0,0,0,1,0,0,0,1,0,0,0,0,0,0,1
13.0455356,77.5072461,3,Chikkabanavara,160.3679085,0,0,0,0,0,1,0,0,1,0,0,0,0,0,0,0,0,0,0,0,0,0,1,0,0,0,0,1
12.9421674,77.5256498,3,Byatarayanapura,172.85615655,0,0,0,0,0,1,0,0,0,1,0,0,0,0,0,0,0,0,0,0,0,0,0,0,0,1,0,1
12.9874061,77.5126127,3,Kamakshipalya,172.92598308333334,0,0,0,0,0,1,0,0,1,0,0,0,0,0,0,0,0,0,0,0,0,0,0,0,0,1,0,1
12.9682038,77.5920483,3,Halasuru Gate,141.10500526666667,0,0,0,0,0,1,0,0,0,0,0,0,1,0,0,0,0,0,1,0,0,0,0,0,0,0,0,1
12.9092283,77.6275767,3,HSR Layout,179.56102333333334,0,0,0,0,0,1,0,0,0,0,0,0,0,0,1,0,0,0,0,0,0,0,0,0,1,0,0,1
12.9354858,77.5127681,3,Jnanabharathi,18.391840950000002,0,0,0,0,0,1,0,0,0,0,0,0,0,0,1,0,0,0,0,0,0,0,0,0,0,1,0,2
12.9805495,77.5860983,1,Cubbon Park,167.76435426666666,0,1,0,0,0,0,1,0,0,0,0,0,0,0,0,0,0,0,1,0,0,0,0,0,0,0,0,1
13.0173714,77.5568976,3,Yeshwanthpura,29.780961883333337,0,0,0,0,0,1,0,0,0,0,0,1,0,0,0,0,0,0,0,0,0,0,0,0,0,0,1,1
13.0195851,77.5527345,3,Yeshwanthpura,180.0,0,0,0,0,0,1,0,0,0,0,0,0,1,0,0,0,0,0,0,0,0,0,0,0,0,1,0,1
12.9662418,77.5358195,3,Vijayanagara,7.5970218833333325,0,0,0,0,0,1,0,0,1,0,0,0,0,0,0,0,0,0,0,0,0,0,0,0,0,0,1,1
12.9775469,77.6191254,1,Halasur,360.0,0,0,0,0,1,0,1,0,0,0,0,0,0,0,0,0,0,0,1,0,0,0,0,0,0,0,0,1
12.9717317,77.5953942,3,Cubbon Park,122.45702188333333,0,0,0,0,0,1,0,0,0,0,0,0,0,0,1,0,0,1,0,0,0,0,0,0,0,0,0,1
12.9832155,77.6380321,3,Jeevanbheemanagar,20.259159333333333,0,0,0,0,0,1,0,0,0,1,0,0,0,0,0,0,0,1,0,0,0,0,0,0,0,0,0,1
12.964056,77.5704534,3,V.V.Puram (C.Pet),169.52771855,0,0,0,0,0,1,0,0,0,0,0,0,0,0,0,0,1,0,1,0,0,0,0,0,0,0,0,1
12.925105,77.5502927,3,Banashankari,9.589169683333333,0,0,0,0,0,1,0,0,0,0,0,0,0,0,0,1,0,0,0,0,0,0,0,0,0,1,0,1
12.9206912,77.5858801,1,Jayanagara,25.71718945,0,0,0,0,0,1,0,0,0,0,0,1,0,0,0,0,0,0,0,0,0,0,0,1,0,0,0,2
13.0169672,77.5579983,3,Yeshwanthpura,144.90548716666666,0,0,0,0,0,1,0,0,0,1,0,0,0,0,0,0,0,0,0,0,0,0,0,0,0,0,1,1
12.9676087,77.5997413,3,Ashok Nagar,180.0,0,0,0,0,0,1,0,0,0,0,0,1,0,0,0,0,0,1,0,0,0,0,0,0,0,0,0,1
13.0189477,77.5840452,3,R.T. Nagar,154.98470005,0,0,0,0,0,1,0,0,0,0,0,0,1,0,0,0,0,0,0,0,0,0,1,0,0,0,0,2
12.9818726,77.5949282,3,Cubbon Park,126.76432058333333,0,0,0,0,0,1,0,0,0,0,0,1,0,0,0,0,0,0,1,0,0,0,0,0,0,0,0,1
12.8399747,77.6770668,1,Electronic City,164.26897003333335,0,0,0,0,0,1,0,0,1,0,0,0,0,0,0,0,0,0,0,0,0,0,0,0,0,0,0,1
13.0083167,77.6956378,1,K.R. Pura,137.7970705,0,0,0,0,0,1,0,0,0,1,0,0,0,0,0,0,0,0,0,0,1,0,0,0,0,0,0,1
12.975131,77.6254972,3,Halasur,53.08126645,0,0,0,0,0,1,0,0,1,0,0,0,0,0,0,0,0,1,0,0,0,0,0,0,0,0,0,1
12.9831921,77.5954917,3,Cubbon Park,53.88951821666667,0,0,0,0,0,1,0,0,0,0,0,0,1,0,0,0,0,0,1,0,0,0,0,0,0,0,0,1
12.9207974,77.620239,3,Madiwala,9.537807249999998,0,0,0,0,0,1,0,0,0,0,0,0,0,1,0,0,0,0,0,0,0,0,0,0,1,0,0,1
13.0429611,77.5126709,3,Peenya,124.80410256666667,0,0,0,0,0,1,0,0,1,0,0,0,0,0,0,0,0,0,0,0,0,0,0,0,0,1,0,2
12.9648245,77.5860555,3,Halasuru Gate,156.4779705,0,0,0,0,0,1,0,0,0,0,0,0,1,0,0,0,0,0,1,0,0,0,0,0,0,0,0,1
12.9320111,77.6870396,3,HAL Old Airport,24.52389155,0,0,0,0,0,1,0,0,0,0,0,0,0,1,0,0,0,0,0,1,0,0,0,0,0,0,0,2
12.9417283,77.6969315,3,HAL Old Airport,83.42797768333334,0,0,0,0,0,1,0,0,0,0,0,1,0,0,0,0,0,0,0,1,0,0,0,0,0,0,0,1
12.9517271,77.5906713,1,Wilson Garden,66.69363336666667,0,0,0,0,0,1,0,0,1,0,0,0,0,0,0,0,0,0,1,0,0,0,0,0,0,0,0,1
12.9808763,77.6306267,3,Halasur,169.98557233333335,0,0,0,0,0,1,0,0,0,0,0,0,0,1,0,0,0,1,0,0,0,0,0,0,0,0,0,1
12.9461368,77.5292562,3,Byatarayanapura,161.71995826666668,0,0,0,0,0,1,0,0,1,0,0,0,0,0,0,0,0,0,0,0,0,0,0,0,0,0,1,1
13.0414378,77.5164857,3,Peenya,151.5524127,0,0,0,0,0,1,0,0,0,1,0,0,0,0,0,0,0,0,0,0,0,0,0,0,0,1,0,1
12.9680701,77.587077,3,Halasuru Gate,143.44071555,0,0,0,0,0,1,0,0,0,0,0,0,0,0,0,1,0,0,1,0,0,0,0,0,0,0,0,1
12.957911,77.5535752,3,Chamarajpet,23.59637425,0,0,0,0,0,1,0,0,0,0,0,1,0,0,0,0,0,0,1,0,0,0,0,0,0,0,0,1
12.9822816,77.6033728,1,Shivajinagar,26.267882366666665,0,0,0,0,0,1,0,0,1,0,0,0,0,0,0,0,0,0,1,0,0,0,0,0,0,0,0,1
12.95568042,77.71708396,3,Whitefield,50.8098261,0,0,0,0,0,1,0,0,0,0,0,0,1,0,0,0,0,0,0,1,0,0,0,0,0,0,0,2
12.9828483,77.597072,3,Shivajinagar,148.7007073,0,0,0,0,0,1,0,0,1,0,0,0,0,0,0,0,0,0,1,0,0,0,0,0,0,0,0,1
12.9910648,77.5714241,1,Malleshwaram,132.0940993,0,0,0,0,0,1,0,0,1,0,0,0,0,0,0,0,0,0,1,0,0,0,0,0,0,0,0,1
12.9910466,77.5714085,1,Malleshwaram,130.55847913333335,0,0,0,0,0,1,0,0,1,0,0,0,0,0,0,0,0,0,1,0,0,0,0,0,0,0,0,1
13.0276356,77.5387141,3,Yeshwanthpura,140.03569516666667,0,0,0,0,0,1,0,0,0,0,0,1,0,0,0,0,0,0,0,0,0,0,0,0,0,1,0,1
12.9012383,77.6011728,3,Mico Layout,22.181698200000003,0,0,0,0,0,1,0,1,0,0,0,0,0,0,0,0,0,0,0,0,0,0,0,0,1,0,0,1
12.9341902,77.6235388,3,Adugodi,151.02558946666667,0,0,0,0,0,1,0,0,0,0,0,0,0,1,0,0,0,0,0,0,0,0,0,0,1,0,0,1
12.9879157,77.5987195,1,Shivajinagar,165.47460416666667,0,0,0,0,0,1,0,0,1,0,0,0,0,0,0,0,0,0,1,0,0,0,0,0,0,0,0,1
12.9616049,77.634685,1,Halasur,85.28976388333334,0,0,0,0,0,1,0,0,1,0,0,0,0,0,0,0,0,0,0,0,0,0,0,0,0,0,0,1
12.9843622,77.582986,1,High ground,63.35080513333333,0,0,0,0,0,1,0,0,1,0,0,0,0,0,0,0,0,0,0,0,0,0,0,0,0,0,0,1
12.966903,77.5881871,3,Halasuru Gate,101.30639593333333,0,0,0,0,0,1,0,0,1,0,0,0,0,0,0,0,0,0,0,0,0,0,0,0,0,0,0,1
13.0738967,77.59287,3,Hebbala,96.97634161666666,1,0,0,0,0,0,1,0,0,0,0,0,0,0,0,0,0,0,0,0,0,0,0,0,0,0,0,3
12.9705448,77.5871945,3,Halasuru Gate,156.5065191,0,0,0,0,0,1,0,0,0,0,0,1,0,0,0,0,0,0,0,0,0,0,0,0,0,0,0,2
13.0739335,77.5930433,3,Hebbala,92.62444788333333,1,0,0,0,0,0,1,0,0,0,0,0,0,0,0,0,0,0,0,0,0,0,0,0,0,0,0,3
12.9622283,77.5943117,1,Halasuru Gate,116.90447524999999,0,0,0,0,0,1,0,0,1,0,0,0,0,0,0,0,0,0,0,0,0,0,0,0,0,0,0,1
12.96444,77.573575,3,Chamarajpet,66.47541173333333,1,0,0,0,0,0,1,0,0,0,0,0,0,0,0,0,0,0,0,0,0,0,0,0,0,0,0,1
12.9670223,77.6091312,3,Ashok Nagar,164.45048391666666,0,0,0,0,0,1,0,0,0,1,0,0,0,0,0,0,0,0,0,0,0,0,0,0,0,0,0,1
12.9580301,77.5524753,3,Magadi Road,157.73518616666667,0,0,0,0,0,1,0,0,0,1,0,0,0,0,0,0,0,0,0,0,0,0,0,0,0,0,0,1
13.0018933,77.6121539,1,Pulikeshinagar(F.Town),46.607523349999994,0,0,0,0,0,1,0,0,0,0,0,0,1,0,0,0,0,0,0,0,0,0,0,0,0,0,0,1
13.0394889,77.5190491,3,Peenya,51.14671941666666,0,0,0,0,0,1,0,0,0,0,1,0,0,0,0,0,0,0,0,0,0,0,0,0,0,0,0,1
13.0179008,77.5557282,3,Kodigehalli,39.10647825,0,0,0,0,0,1,0,0,1,0,0,0,0,0,0,0,0,0,0,0,0,0,0,0,0,0,0,2
12.9769196,77.6022359,3,Cubbon Park,2.880238316666667,0,0,0,0,0,1,0,0,1,0,0,0,0,0,0,0,0,0,0,0,0,0,0,0,0,0,0,1
12.9567016,77.5755932,1,V.V.Puram (C.Pet),143.9655626,0,0,0,0,0,1,0,0,1,0,0,0,0,0,0,0,0,0,0,0,0,0,0,0,0,0,0,1
12.9718713,77.5686694,1,Chamarajpet,118.49393848333334,1,0,0,0,0,0,1,0,0,0,0,0,0,0,0,0,0,0,0,0,0,0,0,0,0,0,0,1
13.0101744,77.6977538,1,K.R. Pura,157.22618466666665,0,0,0,0,0,1,0,0,0,0,0,1,0,0,0,0,0,0,0,0,0,0,0,0,0,0,0,2
12.9855167,77.5790983,1,High ground,13.907694183333332,0,0,0,0,0,1,0,0,1,0,0,0,0,0,0,0,0,0,0,0,0,0,0,0,0,0,0,1
12.9510582,77.591687,1,Wilson Garden,41.03490251666666,0,0,0,0,0,1,0,0,0,0,0,0,0,1,0,0,0,0,0,0,0,0,0,0,0,0,0,1
13.0317343,77.5355566,3,Yeshwanthpura,135.28872663333334,0,0,0,0,0,1,0,0,0,1,0,0,0,0,0,0,0,0,0,0,0,0,0,0,0,0,0,2
12.9941146,77.6544233,1,Banaswadi,135.68851481666667,0,0,0,0,0,1,0,0,0,0,0,0,1,0,0,0,0,0,0,0,0,0,0,0,0,0,0,1
12.9912754,77.6562421,3,Banaswadi,130.875764,0,0,0,0,0,1,0,0,0,0,0,0,1,0,0,0,0,0,0,0,0,0,0,0,0,0,0,1
12.9119511,77.5873297,1,J.P. Nagar,180.0,0,0,0,0,0,1,0,0,0,0,0,0,0,0,0,0,1,0,0,0,0,0,0,0,0,0,0,1
13.043915,77.5539417,3,Jalahalli,24.6922743,0,0,0,0,0,1,0,0,0,0,0,1,0,0,0,0,0,0,0,0,0,0,0,0,0,0,0,1
12.9059817,77.5857267,3,J.P. Nagar,147.82079903333334,0,0,0,0,0,1,0,0,1,0,0,0,0,0,0,0,0,0,0,0,0,0,0,0,0,0,0,1
12.9882249,77.5115769,3,Kamakshipalya,14.216158733333334,0,0,0,0,0,1,0,0,0,0,0,0,1,0,0,0,0,0,0,0,0,0,0,0,0,0,0,1
12.9812462,77.5644881,1,Magadi Road,63.193024916666666,0,0,0,0,1,0,1,0,0,0,0,0,0,0,0,0,0,0,0,0,0,0,0,0,0,0,0,1
12.8903898,77.5640013,1,K.S. Layout,136.86012223333333,0,0,0,0,0,1,0,0,1,0,0,0,0,0,0,0,0,0,0,0,0,0,0,0,0,0,0,1
12.9151988,77.5999584,3,Mico Layout,180.0,0,0,0,0,0,1,0,0,0,1,0,0,0,0,0,0,0,0,0,0,0,0,0,0,0,0,0,1
12.984708,77.5747886,1,Sheshadripuram,76.5535792,0,0,0,0,0,1,1,0,0,0,0,0,0,0,0,0,0,0,0,0,0,0,0,0,0,0,0,1
13.0146372,77.5714966,1,Sadashivanagar,10.172995533333333,0,0,0,0,0,1,0,0,0,0,0,0,1,0,0,0,0,0,0,0,0,0,0,0,0,0,0,1
12.9662518,77.609077,3,Ashok Nagar,63.944430233333335,0,0,0,0,0,1,0,0,1,0,0,0,0,0,0,0,0,0,0,0,0,0,0,0,0,0,0,1
13.0440709,77.5088676,3,Peenya,152.2556667,0,0,0,0,0,1,0,0,0,0,0,0,0,1,0,0,0,0,0,0,0,0,0,0,0,0,0,2
12.96421,77.5965683,3,Halasuru Gate,167.04855228333332,0,0,0,0,0,1,0,0,1,0,0,0,0,0,0,0,0,0,0,0,0,0,0,0,0,0,0,1
12.9540757,77.543376,3,Byatarayanapura,160.63079303333333,0,0,0,0,0,1,0,0,0,0,1,0,0,0,0,0,0,0,0,0,0,0,0,0,0,0,0,1
12.9804342,77.5712219,1,Sheshadripuram,123.57963923333334,0,0,0,0,0,1,1,0,0,0,0,0,0,0,0,0,0,0,0,0,0,0,0,0,0,0,0,1
12.9802737,77.5713868,1,Sheshadripuram,121.7192661,0,0,0,0,0,1,0,0,0,0,0,1,0,0,0,0,0,0,0,0,0,0,0,0,0,0,0,1
12.9755387,77.553167,3,Magadi Road,44.38574795,0,0,0,0,0,1,0,0,0,1,0,0,0,0,0,0,0,0,0,0,0,0,0,0,0,0,0,2
12.9591511,77.6531925,3,Jeevanbheemanagar,141.8672041,0,0,0,0,0,1,0,0,1,0,0,0,0,0,0,0,0,0,0,0,0,0,0,0,0,0,0,1
12.9754994,77.6010225,3,Cubbon Park,150.83823923333333,0,0,0,0,0,1,0,0,0,0,0,0,0,0,1,0,0,0,0,0,0,0,0,0,0,0,0,2
12.9595869,77.5559132,3,Chamarajpet,32.330133016666665,0,0,0,0,0,1,0,0,0,0,1,0,0,0,0,0,0,0,0,0,0,0,0,0,0,0,0,1
12.9489449,77.5358988,3,Byatarayanapura,34.26564135,0,0,0,0,0,1,0,0,1,0,0,0,0,0,0,0,0,0,0,0,0,0,0,0,0,0,0,2
13.0608517,77.5948567,3,Hebbala,133.17695408333333,0,0,0,0,0,1,0,0,0,0,0,0,1,0,0,0,0,0,0,0,0,0,0,0,0,0,0,2
12.9757204,77.5628794,3,Magadi Road,174.7809211,0,0,0,0,0,1,0,0,0,0,0,1,0,0,0,0,0,0,0,0,0,0,0,0,0,0,0,1
13.0178829,77.5573789,3,Yeshwanthpura,145.88436108333332,0,0,0,0,0,1,0,0,0,1,0,0,0,0,0,0,0,0,0,0,0,0,0,0,0,0,0,1
12.9385767,77.63319,3,Ashok Nagar,16.959205216666668,0,0,0,0,0,1,1,0,0,0,0,0,0,0,0,0,0,0,0,0,0,0,0,0,0,0,0,1
12.9757357,77.5625355,3,Magadi Road,166.15665015000002,0,0,0,0,0,1,0,0,1,0,0,0,0,0,0,0,0,0,0,0,0,0,0,0,0,0,0,1
12.9363845,77.5179542,3,Byatarayanapura,165.7946044,0,0,0,0,0,1,0,0,1,0,0,0,0,0,0,0,0,0,0,0,0,0,0,0,0,0,0,1
13.0447302,77.5082877,3,Peenya,26.866518433333333,0,0,0,0,0,1,0,0,0,0,0,0,0,0,1,0,0,0,0,0,0,0,0,0,0,0,0,1
13.06709,77.5926817,3,Kodigehalli,168.97168296666666,0,0,0,0,0,1,0,0,0,0,0,1,0,0,0,0,0,0,0,0,0,0,0,0,0,0,0,2
13.0460309,77.5048969,3,Peenya,154.65794018333332,0,0,0,0,0,1,0,0,0,0,0,0,0,0,1,0,0,0,0,0,0,0,0,0,0,0,0,2
12.954169,77.5440656,3,Byatarayanapura,122.27610795000001,0,0,0,0,0,1,0,0,0,0,1,0,0,0,0,0,0,0,0,0,0,0,0,0,0,0,0,1
12.9771846,77.6204217,1,Halasur,122.57099813333333,0,0,0,0,0,1,0,0,0,0,0,1,0,0,0,0,0,0,0,0,0,0,0,0,0,0,0,1
12.9861854,77.6480642,3,Jeevanbheemanagar,37.8463379,0,0,0,0,0,1,0,0,0,0,0,1,0,0,0,0,0,0,0,0,0,0,0,0,0,0,0,2
12.9563669,77.549614,3,Byatarayanapura,152.49562605,0,0,0,0,0,1,0,0,0,1,0,0,0,0,0,0,0,0,0,0,0,0,0,0,0,0,0,2
12.942664,77.6225558,1,Adugodi,81.02077853333334,0,0,0,0,0,1,0,0,0,0,0,0,1,0,0,0,0,0,0,0,0,0,0,0,0,0,0,1
12.91571,77.62313,3,Mico Layout,129.37701998333333,0,0,0,0,0,1,0,0,0,0,0,0,0,1,0,0,0,0,0,0,0,0,0,0,0,0,0,1
12.9925918,77.5919329,1,High ground,66.67837425,0,0,0,0,1,0,1,0,0,0,0,0,0,0,0,0,0,0,0,0,0,0,0,0,0,0,0,1
12.9676952,77.6113708,1,Ashok Nagar,80.54814843333334,0,0,0,0,0,1,0,0,0,0,0,0,0,0,1,0,0,0,0,0,0,0,0,0,0,0,0,1
13.034067,77.5305385,3,Yeshwanthpura,18.983907716666668,0,0,0,0,0,1,0,0,1,0,0,0,0,0,0,0,0,0,0,0,0,0,0,0,0,0,0,2
13.094683,77.5974166,3,Yelahanka,20.676519583333334,0,0,0,0,0,1,0,0,0,1,0,0,0,0,0,0,0,0,0,0,0,0,0,0,0,0,0,1
12.9551061,77.5452828,3,Byatarayanapura,17.08193041666667,0,0,0,0,0,1,0,0,0,1,0,0,0,0,0,0,0,0,0,0,0,0,0,0,0,0,0,2
12.9863137,77.6458598,3,Banaswadi,123.38037348333334,0,0,0,0,0,1,0,0,0,0,0,0,0,0,0,0,1,0,0,0,0,0,0,0,0,0,0,1
12.9732648,77.5401707,3,Vijayanagara,180.0,0,0,0,0,0,1,0,0,1,0,0,0,0,0,0,0,0,0,0,0,0,0,0,0,0,0,0,1
12.8759715,77.5951995,3,Hulimavu,176.93314361666668,0,0,0,0,0,1,0,0,0,1,0,0,0,0,0,0,0,0,0,0,0,0,0,0,0,0,0,1
13.0160378,77.5835681,3,Sadashivanagar,25.291362366666664,0,0,0,0,0,1,0,0,0,0,0,1,0,0,0,0,0,0,0,0,0,0,0,0,0,0,0,1
12.9933695,77.5713458,1,Malleshwaram,176.60446731666667,0,0,0,0,0,1,0,0,0,0,0,0,1,0,0,0,0,0,0,0,0,0,0,0,0,0,0,2
12.9401626,77.5976092,1,Wilson Garden,169.85834408333332,0,0,0,0,0,1,0,0,1,0,0,0,0,0,0,0,0,0,0,0,0,0,0,0,0,0,0,2
13.0187617,77.5574231,3,Yeshwanthpura,163.69895976666666,0,0,0,0,0,1,0,0,0,0,0,1,0,0,0,0,0,0,0,0,0,0,0,0,0,0,0,1
12.9192396,77.621872,3,Madiwala,21.377075433333335,0,0,0,0,0,1,0,0,0,0,1,0,0,0,0,0,0,0,0,0,0,0,0,0,0,0,0,1
12.9320979,77.6870192,3,HAL Old Airport,125.81027568333334,0,0,0,0,0,1,0,0,0,0,0,0,1,0,0,0,0,0,0,0,0,0,0,0,0,0,0,1
12.9756461,77.5746624,1,Upparpet,34.28519798333333,0,0,0,0,0,1,0,0,1,0,0,0,0,0,0,0,0,0,0,0,0,0,0,0,0,0,0,2
12.9285748,77.5861157,1,Jayanagara,70.25211858333334,0,0,0,0,0,1,0,0,1,0,0,0,0,0,0,0,0,0,0,0,0,0,0,0,0,0,0,1
12.9532474,77.5418394,3,Byatarayanapura,9.713554783333333,0,0,0,0,0,1,0,0,0,0,0,0,0,0,1,0,0,0,0,0,0,0,0,0,0,0,0,1
12.9883612,77.5118258,3,Kamakshipalya,126.30935308333332,0,0,0,0,0,1,0,0,0,0,0,0,1,0,0,0,0,0,0,0,0,0,0,0,0,0,0,1
12.9516686,77.5369989,3,Chamarajpet,134.86673031666666,0,0,0,0,0,1,0,0,1,0,0,0,0,0,0,0,0,0,0,0,0,0,0,0,0,0,0,1
12.9280908,77.5972749,3,Jayanagara,31.053444266666666,0,0,0,0,0,1,0,0,0,0,0,1,0,0,0,0,0,0,0,0,0,0,0,0,0,0,0,1
12.9824849,77.5679961,1,Sheshadripuram,14.164930416666666,0,0,0,0,0,1,0,0,1,0,0,0,0,0,0,0,0,0,0,0,0,0,0,0,0,0,0,1
12.9713356,77.5868435,1,Halasuru Gate,11.400871050000001,0,0,0,0,0,1,0,0,1,0,0,0,0,0,0,0,0,0,0,0,0,0,0,0,0,0,0,1
13.0181268,77.5568889,3,Yeshwanthpura,144.44497195,0,0,0,0,0,1,0,0,1,0,0,0,0,0,0,0,0,0,0,0,0,0,0,0,0,0,0,1
12.9456318,77.6025367,1,Adugodi,35.590218150000005,0,0,0,0,0,1,0,0,0,0,0,0,1,0,0,0,0,0,0,0,0,0,0,0,0,0,0,1
12.9072117,77.6291096,3,HSR Layout,133.2832312,0,0,0,0,0,1,0,0,0,0,0,0,0,1,0,0,0,0,0,0,0,0,0,0,0,0,0,1
12.9494317,77.5367908,3,Byatarayanapura,36.24162716666667,0,0,0,0,0,1,0,0,1,0,0,0,0,0,0,0,0,0,0,0,0,0,0,0,0,0,0,1
12.9757906,77.6262856,3,Halasur,122.07955966666667,0,0,0,0,0,1,0,0,0,0,0,0,1,0,0,0,0,0,0,0,0,0,0,0,0,0,0,1
12.9638317,77.5842487,3,Halasuru Gate,164.6633195166667,0,0,0,0,0,1,0,0,1,0,0,0,0,0,0,0,0,0,0,0,0,0,0,0,0,0,0,1
12.97492981,77.570277,1,Chamarajpet,124.00819798333333,1,0,0,0,0,0,1,0,0,0,0,0,0,0,0,0,0,0,0,0,0,0,0,0,0,0,0,1
12.97492981,77.570277,1,Chamarajpet,125.99355175000001,1,0,0,0,0,0,1,0,0,0,0,0,0,0,0,0,0,0,0,0,0,0,0,0,0,0,0,1
12.97492981,77.570277,1,Chamarajpet,133.10086653333332,1,0,0,0,0,0,1,0,0,0,0,0,0,0,0,0,0,0,0,0,0,0,0,0,0,0,0,1
12.97492981,77.570277,1,Chamarajpet,133.58740436666668,1,0,0,0,0,0,1,0,0,0,0,0,0,0,0,0,0,0,0,0,0,0,0,0,0,0,0,1
13.06685053,77.59300712,3,Kodigehalli,166.30256151666666,0,0,0,0,0,1,0,0,0,0,0,0,1,0,0,0,0,0,0,0,0,0,0,0,0,0,0,2
13.0142707,77.5837176,3,Sadashivanagar,153.29203903333334,0,0,0,0,0,1,0,0,0,0,0,0,1,0,0,0,0,0,0,0,0,0,0,0,0,0,0,2
12.9542851,77.5901938,1,Wilson Garden,175.96847251666668,0,0,0,0,0,1,0,0,1,0,0,0,0,0,0,0,0,0,0,0,0,0,0,0,0,0,0,1
13.1237757,77.6133367,3,Yelahanka,21.891094866666666,0,0,0,0,0,1,0,0,0,1,0,0,0,0,0,0,0,0,0,0,0,0,0,0,0,0,0,1
13.0145131,77.5852629,3,R.T. Nagar,133.67598785,0,0,0,0,0,1,0,1,0,0,0,0,0,0,0,0,0,0,0,0,0,0,0,0,0,0,0,1
12.9936657,77.5715149,1,Malleshwaram,120.22023036666666,0,0,0,0,0,1,0,0,1,0,0,0,0,0,0,0,0,0,0,0,0,0,0,0,0,0,0,2
12.91725849,77.5739628,1,Jayanagara,160.60996818333334,0,0,0,0,0,1,0,0,1,0,0,0,0,0,0,0,0,0,0,0,0,0,0,0,0,0,0,1
12.9809718,77.5876651,1,Cubbon Park,76.49049193333333,0,0,0,0,0,1,0,0,1,0,0,0,0,0,0,0,0,0,0,0,0,0,0,0,0,0,0,1
13.0466883,77.591675,3,Kodigehalli,127.79693018333334,0,0,0,0,0,1,0,0,0,0,0,0,0,0,0,1,0,0,0,0,0,0,0,0,0,0,0,2
12.9351041,77.6089375,3,Mico Layout,122.05436635,0,0,0,0,0,1,0,0,1,0,0,0,0,0,0,0,0,0,0,0,0,0,0,0,0,0,0,1
13.0189343,77.6565383,3,Banaswadi,100.62515441666666,1,0,0,0,0,0,1,0,0,0,0,0,0,0,0,0,0,0,0,0,0,0,0,0,0,0,0,3
12.8933772,77.5851856,1,J.P. Nagar,5.169206716666666,0,0,0,0,1,0,1,0,0,0,0,0,0,0,0,0,0,0,0,0,0,0,0,0,0,0,0,1
12.9897527,77.6180398,1,Pulikeshinagar(F.Town),360.0,0,0,0,0,1,0,1,0,0,0,0,0,0,0,0,0,0,0,0,0,0,0,0,0,0,0,0,1
13.0157736,77.5841278,3,Sadashivanagar,180.0,0,0,0,0,0,1,0,0,1,0,0,0,0,0,0,0,0,0,0,0,0,0,0,0,0,0,0,1
12.9878069,77.7539055,1,Mahadevapura,167.44566908333334,0,0,0,0,0,1,0,0,0,1,0,0,0,0,0,0,0,0,0,0,0,0,0,0,0,0,0,1
12.9522652,77.5408315,3,Byatarayanapura,6.084086783333333,0,0,0,0,0,1,0,0,0,0,1,0,0,0,0,0,0,0,0,0,0,0,0,0,0,0,0,1
13.0412183,77.622735,3,Hennuru,135.11719781666667,0,0,0,0,0,1,0,0,0,1,0,0,0,0,0,0,0,0,0,0,0,0,0,0,0,0,0,1
12.9776155,77.585133,1,Cubbon Park,27.250457966666666,0,0,0,0,0,1,0,0,0,0,1,0,0,0,0,0,0,0,0,0,0,0,0,0,0,0,0,1
12.9508961,77.5372969,3,Byatarayanapura,22.82533031666667,0,0,0,0,0,1,0,0,0,0,0,0,1,0,0,0,0,0,0,0,0,0,0,0,0,0,0,1
12.99928,77.595185,1,R.T. Nagar,125.58196995,0,0,0,0,0,1,0,0,0,0,0,0,0,1,0,0,0,0,0,0,0,0,0,0,0,0,0,1
13.0385132,77.6258027,3,Hennuru,160.3099204,0,0,0,0,0,1,0,0,0,0,0,0,0,0,1,0,0,0,0,0,0,0,0,0,0,0,0,1
12.8401809,77.6770027,1,Electronic City,169.66562489999998,0,0,0,0,0,1,0,0,0,1,0,0,0,0,0,0,0,0,0,0,0,0,0,0,0,0,0,1
12.9329128,77.6880888,3,HAL Old Airport,25.0730054,0,0,0,0,0,1,0,0,0,0,0,1,0,0,0,0,0,0,0,0,0,0,0,0,0,0,0,1
12.8385057,77.6781882,1,Electronic City,167.051656,0,0,0,0,0,1,0,0,0,1,0,0,0,0,0,0,0,0,0,0,0,0,0,0,0,0,0,1
13.0290617,77.5400926,3,Yeshwanthpura,123.2264717,0,0,0,0,0,1,0,0,0,1,0,0,0,0,0,0,0,0,0,0,0,0,0,0,0,0,0,1
12.9674425,77.5948829,3,Halasuru Gate,36.976154199999996,0,0,0,1,0,0,1,0,0,0,0,0,0,0,0,0,0,0,0,0,0,0,0,0,0,0,0,1
13.0454098,77.5079777,3,Chikkabanavara,175.72632048333335,0,0,0,0,0,1,0,0,0,0,0,1,0,0,0,0,0,0,0,0,0,0,0,0,0,0,0,2
12.9614028,77.6361141,1,Halasur,33.196245600000005,0,0,0,0,0,1,0,0,1,0,0,0,0,0,0,0,0,0,0,0,0,0,0,0,0,0,0,1
12.9577279,77.6059965,3,Ashok Nagar,10.165711216666667,0,0,0,0,0,1,0,0,1,0,0,0,0,0,0,0,0,0,0,0,0,0,0,0,0,0,0,1
13.0945429,77.6006646,3,Yelahanka,23.137789549999997,0,0,0,0,0,1,0,0,0,0,0,0,1,0,0,0,0,0,0,0,0,0,0,0,0,0,0,2
12.9675056,77.5885402,3,Halasuru Gate,11.579319183333332,0,0,0,0,0,1,0,0,1,0,0,0,0,0,0,0,0,0,0,0,0,0,0,0,0,0,0,1
13.0346653,77.5296648,3,Peenya,54.305417883333334,0,0,0,0,0,1,0,0,0,0,1,0,0,0,0,0,0,0,0,0,0,0,0,0,0,0,0,1
12.9859663,77.5222159,3,Kamakshipalya,132.25319048333333,0,0,0,0,0,1,0,0,0,0,0,1,0,0,0,0,0,0,0,0,0,0,0,0,0,0,0,1
12.8694202,77.6535488,3,Electronic City,123.45438046666666,0,0,0,0,0,1,0,0,0,0,0,1,0,0,0,0,0,0,0,0,0,0,0,0,0,0,0,1
13.0722094,77.5940609,3,Hebbala,178.17608106666665,0,0,0,0,0,1,0,0,0,0,0,0,1,0,0,0,0,0,0,0,0,0,0,0,0,0,0,2
13.0724617,77.5929117,3,Yelahanka,176.92541358333335,0,0,0,0,0,1,0,0,0,0,0,0,1,0,0,0,0,0,0,0,0,0,0,0,0,0,0,2
12.9738692,77.5794406,1,Upparpet,53.374649950000006,0,0,0,0,0,1,0,0,0,0,0,0,1,0,0,0,0,0,0,0,0,0,0,0,0,0,0,2
12.9877283,77.519742,3,Kamakshipalya,177.29547231666666,0,0,0,0,0,1,0,0,1,0,0,0,0,0,0,0,0,0,0,0,0,0,0,0,0,0,0,1
12.9300578,77.6150899,3,Adugodi,157.74590201666666,0,0,0,0,0,1,0,0,0,1,0,0,0,0,0,0,0,0,0,0,0,0,0,0,0,0,0,1
12.9614377,77.6364376,1,Halasur,21.26601733333333,0,0,0,0,0,1,0,0,1,0,0,0,0,0,0,0,0,0,0,0,0,0,0,0,0,0,0,1
13.1052067,77.6012967,3,Yelahanka,160.66899025,0,0,0,0,0,1,0,0,0,0,0,0,0,0,0,1,0,0,0,0,0,0,0,0,0,0,0,1
13.0180935,77.5579148,3,Yeshwanthpura,24.31025375,0,0,0,0,1,0,1,0,0,0,0,0,0,0,0,0,0,0,0,0,0,0,0,0,0,0,0,1
12.9708219,77.5663003,1,Magadi Road,49.27864815,0,0,0,0,0,1,0,0,1,0,0,0,0,0,0,0,0,0,0,0,0,0,0,0,0,0,0,1
13.045305,77.5072034,3,Peenya,26.296394516666666,0,0,0,0,0,1,0,0,0,0,0,1,0,0,0,0,0,0,0,0,0,0,0,0,0,0,0,1
13.0841369,77.5938545,3,Yelahanka,65.37855823333334,1,0,0,0,0,0,1,0,0,0,0,0,0,0,0,0,0,0,0,0,0,0,0,0,0,0,0,3
13.0410117,77.6210383,3,Hennuru,139.00664308333336,0,0,0,0,0,1,0,0,0,0,0,0,0,1,0,0,0,0,0,0,0,0,0,0,0,0,0,2
12.9513831,77.5969375,1,Wilson Garden,125.77258660000001,0,0,0,0,1,0,1,0,0,0,0,0,0,0,0,0,0,0,0,0,0,0,0,0,0,0,0,1
12.9780871,77.5844818,1,High ground,145.05350458333334,0,0,0,0,0,1,0,0,0,0,0,0,0,0,0,0,1,0,0,0,0,0,0,0,0,0,0,1
12.9781148,77.584587,1,High ground,132.49106368333335,0,0,0,0,0,1,0,0,0,0,0,0,0,0,0,0,1,0,0,0,0,0,0,0,0,0,0,3
13.0560679,77.5461981,1,Jalahalli,63.358071466666665,0,0,0,0,0,1,0,0,1,0,0,0,0,0,0,0,0,0,0,0,0,0,0,0,0,0,0,1
13.0292847,77.5394608,3,Yeshwanthpura,130.70556021666667,0,0,0,0,0,1,0,0,0,0,1,0,0,0,0,0,0,0,0,0,0,0,0,0,0,0,0,1
13.0397103,77.5185465,3,Peenya,126.39629551666667,0,0,0,0,0,1,0,0,0,0,0,0,0,0,0,0,1,0,0,0,0,0,0,0,0,0,0,1
12.9042595,77.601851,3,Mico Layout,125.60685205,0,0,0,0,0,1,0,0,1,0,0,0,0,0,0,0,0,0,0,0,0,0,0,0,0,0,0,1
12.9664917,77.60865,3,Ashok Nagar,154.48389091666667,0,0,0,0,0,1,0,0,0,0,1,0,0,0,0,0,0,0,0,0,0,0,0,0,0,0,0,1
12.9740493,77.5477892,3,Vijayanagara,141.95634123333332,0,0,0,0,0,1,0,0,0,0,0,0,0,0,1,0,0,0,0,0,0,0,0,0,0,0,0,1
12.9651612,77.5995936,3,Ashok Nagar,56.79307898333333,0,0,0,0,0,1,0,0,0,0,0,0,0,0,0,1,0,0,0,0,0,0,0,0,0,0,0,2
12.9801409,77.6074116,3,Shivajinagar,64.51499301666666,0,0,0,0,0,1,0,0,0,0,0,0,1,0,0,0,0,0,0,0,0,0,0,0,0,0,0,2
12.9143463,77.6243052,3,HSR Layout,141.46113914999998,0,0,0,0,0,1,0,0,1,0,0,0,0,0,0,0,0,0,0,0,0,0,0,0,0,0,0,1
12.9143462,77.6243046,3,HSR Layout,138.65993671666666,0,0,0,0,0,1,0,0,1,0,0,0,0,0,0,0,0,0,0,0,0,0,0,0,0,0,0,1
12.9971965,77.5511773,3,Rajajinagar,167.31318950000002,0,0,0,0,0,1,0,0,0,1,0,0,0,0,0,0,0,0,0,0,0,0,0,0,0,0,0,1
13.0159838,77.5553144,3,Yeshwanthpura,37.806749716666666,1,0,0,0,0,0,1,0,0,0,0,0,0,0,0,0,0,0,0,0,0,0,0,0,0,0,0,3
12.9846033,77.57156,1,Sheshadripuram,3.31196775,0,0,0,0,0,1,0,0,1,0,0,0,0,0,0,0,0,0,0,0,0,0,0,0,0,0,0,1
12.9845063,77.5715372,1,Sheshadripuram,137.71369811666668,0,0,0,0,0,1,0,0,1,0,0,0,0,0,0,0,0,0,0,0,0,0,0,0,0,0,0,1
12.98539,77.5977017,3,Shivajinagar,77.91042241666668,0,0,0,0,0,1,0,0,1,0,0,0,0,0,0,0,0,0,0,0,0,0,0,0,0,0,0,1
13.2673386,77.7194248,1,Devanahalli Airport,54.28464705,0,0,0,0,0,1,0,0,0,1,0,0,0,0,0,0,0,0,0,0,0,0,0,0,0,0,0,1
12.908511,77.6282229,3,HSR Layout,148.21482461666668,0,0,0,0,0,1,0,0,1,0,0,0,0,0,0,0,0,0,0,0,0,0,0,0,0,0,0,2
12.9083333,77.6283133,3,HSR Layout,140.8719003,0,0,0,0,0,1,0,0,1,0,0,0,0,0,0,0,0,0,0,0,0,0,0,0,0,0,0,1
12.9145646,77.5656724,3,Banashankari,180.0,0,0,0,0,0,1,0,1,0,0,0,0,0,0,0,0,0,0,0,0,0,0,0,0,0,0,0,2
12.9852427,77.597632,3,Shivajinagar,149.9449682,0,0,0,0,0,1,0,0,1,0,0,0,0,0,0,0,0,0,0,0,0,0,0,0,0,0,0,1
13.0182194,77.5582438,3,Yeshwanthpura,16.706654466666667,0,0,0,0,0,1,0,0,1,0,0,0,0,0,0,0,0,0,0,0,0,0,0,0,0,0,0,1
12.9046828,77.6275596,3,Madiwala,38.88228771666666,0,0,0,0,0,1,0,0,0,0,0,0,0,0,1,0,0,0,0,0,0,0,0,0,0,0,0,2
12.9166319,77.609498,1,Mico Layout,164.08483843333335,0,0,0,0,0,1,0,0,0,0,0,0,0,0,0,0,1,0,0,0,0,0,0,0,0,0,0,1
12.963242,77.5892379,1,Halasuru Gate,143.27183238333333,0,0,0,0,0,1,0,0,1,0,0,0,0,0,0,0,0,0,0,0,0,0,0,0,0,0,0,1
12.9683891,77.6143516,1,Ashok Nagar,3.37946805,0,0,0,0,1,0,1,0,0,0,0,0,0,0,0,0,0,0,0,0,0,0,0,0,0,0,0,1
12.968378,77.6143399,1,Ashok Nagar,3.7861480999999997,0,0,0,0,1,0,1,0,0,0,0,0,0,0,0,0,0,0,0,0,0,0,0,0,0,0,0,1
12.90628,77.5863728,3,J.P. Nagar,25.896753516666667,0,0,0,0,0,1,0,0,0,0,0,0,0,0,1,0,0,0,0,0,0,0,0,0,0,0,0,1
13.0150414,77.5841226,3,Sadashivanagar,163.8045034333333,0,0,0,0,0,1,0,0,0,1,0,0,0,0,0,0,0,0,0,0,0,0,0,0,0,0,0,1
12.8769768,77.5953733,3,Hulimavu,70.00420463333333,0,0,0,0,0,1,0,0,0,0,0,0,0,0,1,0,0,0,0,0,0,0,0,0,0,0,0,1
13.0829798,77.5940723,3,Yelahanka,123.76160499999999,0,0,0,0,0,1,1,0,0,0,0,0,0,0,0,0,0,0,0,0,0,0,0,0,0,0,0,1
13.0308779,77.630715,3,Hennuru,177.15221736666666,0,0,0,0,0,1,0,0,0,1,0,0,0,0,0,0,0,0,0,0,0,0,0,0,0,0,0,1
12.9591044,77.5555818,3,Chamarajpet,20.202111600000002,0,0,0,0,0,1,0,0,1,0,0,0,0,0,0,0,0,0,0,0,0,0,0,0,0,0,0,1
12.958969,77.555653,3,Chamarajpet,11.277187116666665,0,0,0,0,0,1,0,0,1,0,0,0,0,0,0,0,0,0,0,0,0,0,0,0,0,0,0,1
13.0395914,77.5187106,3,Peenya,44.69857258333333,0,0,0,0,0,1,0,0,0,0,0,0,0,0,1,0,0,0,0,0,0,0,0,0,0,0,0,2
12.9977691,77.5508353,3,Rajajinagar,121.66396826666667,0,0,0,0,0,1,0,0,1,0,0,0,0,0,0,0,0,0,0,0,0,0,0,0,0,0,0,1
12.9977847,77.5513624,3,Rajajinagar,174.24326711666666,0,0,0,0,0,1,0,0,1,0,0,0,0,0,0,0,0,0,0,0,0,0,0,0,0,0,0,1
12.9637053,77.5850732,3,Halasuru Gate,63.49284705,0,0,0,0,0,1,0,0,1,0,0,0,0,0,0,0,0,0,0,0,0,0,0,0,0,0,0,1
13.0319709,77.5347611,3,Yeshwanthpura,44.002377366666664,0,0,0,0,0,1,0,0,0,0,0,0,0,1,0,0,0,0,0,0,0,0,0,0,0,0,0,2
12.8690375,77.653127,3,Electronic City,54.72725916666666,0,0,0,0,0,1,0,0,0,0,0,0,0,1,0,0,0,0,0,0,0,0,0,0,0,0,0,1
12.8689677,77.6532202,3,Electronic City,43.12657125,0,0,0,0,0,1,0,0,0,0,0,0,0,1,0,0,0,0,0,0,0,0,0,0,0,0,0,1
13.1224722,77.6107546,3,Yelahanka,122.38038173333332,0,0,0,0,0,1,0,0,0,0,0,0,0,0,0,1,0,0,0,0,0,0,0,0,0,0,0,2
12.9177748,77.6000238,3,Mico Layout,21.635088383333333,0,0,0,0,0,1,0,0,0,0,0,1,0,0,0,0,0,0,0,0,0,0,0,0,0,0,0,2
12.8909512,77.5647569,1,K.S. Layout,13.002653716666666,0,0,0,0,0,1,0,0,1,0,0,0,0,0,0,0,0,0,0,0,0,0,0,0,0,0,0,1
12.9169757,77.583443,1,Jayanagara,15.77617945,0,0,0,0,0,1,0,0,1,0,0,0,0,0,0,0,0,0,0,0,0,0,0,0,0,0,0,1
12.9519525,77.5894857,1,Wilson Garden,13.914063633333335,0,0,0,0,0,1,0,0,0,0,0,0,0,0,0,0,1,0,0,0,0,0,0,0,0,0,0,1
